test_idx,candidate_id,CountDeclMethodPrivate,CountDeclMethodDefault,AvgEssential,CountDeclClassVariable,CountDeclClassMethod,AvgLineComment,CountLineComment,CountDeclClass,CountDeclMethodProtected,CountDeclInstanceVariable,CountDeclMethodPublic,RatioCommentToCode,PercentLackOfCohesion,MaxInheritanceTree,CountClassDerived,CountClassCoupled,CountClassBase,CountInput_Mean,CountInput_Min,CountOutput_Min,MaxNesting_Mean,MaxNesting_Min,Added_lines,OWN_LINE,OWN_COMMIT,MINOR_COMMIT,MAJOR_LINE,proba0,proba1
20,0,1.0,0.0,1.0,0.0,0.0,11.0,176.0,1.0,0.0,22.0,12.0,0.51,81.0,1.0,0.0,19.0,2.0,6.8,1.0,1.0,1.9,0.0,1.0,1.0,1.0,0.0,3.0,0.7242862023602848,0.2757137976397153
25,0,4.0,6.0,1.0,0.0,0.0,8.0,443.0,1.0,5.0,12.0,26.0,0.75,90.0,1.0,1.0,35.0,5.0,3.7,0.0,0.0,0.5,0.0,2.0,1.0,0.5,0.0,3.0,0.5320332881125494,0.4679667118874505
25,1,12.0,4.0,1.0,3.0,0.0,5.0,431.0,1.0,1.0,18.0,43.0,0.61,89.0,1.0,0.0,20.0,2.0,7.0,1.0,1.0,0.9,0.0,0.0,1.0,0.0,0.0,1.0,0.5052496261407723,0.4947503738592278
25,2,4.0,6.0,1.0,0.0,0.0,8.0,443.0,1.0,5.0,12.0,26.0,0.75,90.0,1.0,1.0,35.0,5.0,3.7,0.0,0.0,0.5,0.0,2.0,1.0,0.5,0.0,3.0,0.5320332881125494,0.4679667118874505
25,3,4.0,6.0,1.0,0.0,0.0,8.0,443.0,1.0,5.0,12.0,26.0,0.75,90.0,1.0,1.0,35.0,5.0,3.7,0.0,0.0,0.5,0.0,2.0,1.0,0.5,0.0,3.0,0.5320332881125494,0.4679667118874505
25,4,2.0,0.0,3.0,3.0,0.0,33.0,395.0,1.0,0.0,9.0,8.0,0.57,55.0,1.0,0.0,15.0,2.0,8.7,1.0,1.0,2.7,0.0,3.0,0.9,1.0,0.0,2.0,0.8304436190419284,0.16955638095807155
30,0,12.0,1.0,1.0,0.0,0.0,9.0,232.0,1.0,0.0,19.0,9.0,0.56,84.0,1.0,0.0,36.0,1.0,5.5,1.0,0.0,1.5,0.0,14.0,1.0,1.0,0.0,2.0,0.7939780899783299,0.20602191002167025
30,1,12.0,1.0,1.0,0.0,0.0,9.0,232.0,1.0,0.0,19.0,9.0,0.56,84.0,1.0,0.0,36.0,1.0,5.5,1.0,0.0,1.5,0.0,14.0,1.0,1.0,0.0,2.0,0.7939780899783299,0.20602191002167025
41,0,0.0,0.0,1.0,7.0,0.0,12.0,522.0,1.0,0.0,0.0,37.0,10.04,100.0,0.0,0.0,4.0,0.0,0.0,0.0,0.0,0.0,0.0,0.0,1.0,0.0,0.0,0.0,0.8254488802797425,0.1745511197202575
41,1,12.0,4.0,1.0,3.0,0.0,5.0,431.0,1.0,1.0,18.0,43.0,0.61,89.0,1.0,0.0,20.0,2.0,7.0,1.0,1.0,0.9,0.0,0.0,1.0,0.0,0.0,1.0,0.5052496261407723,0.4947503738592278
41,2,12.0,4.0,1.0,3.0,0.0,5.0,431.0,1.0,1.0,18.0,43.0,0.61,89.0,1.0,0.0,20.0,2.0,7.0,1.0,1.0,0.9,0.0,0.0,1.0,0.0,0.0,1.0,0.5052496261407723,0.4947503738592278
41,3,12.0,4.0,1.0,3.0,0.0,5.0,431.0,1.0,1.0,18.0,43.0,0.61,89.0,1.0,0.0,20.0,2.0,7.0,1.0,1.0,0.9,0.0,0.0,1.0,0.0,0.0,1.0,0.5052496261407723,0.4947503738592278
44,0,9.0,0.0,1.0,11.0,1.0,9.0,270.0,1.0,0.0,0.0,18.0,0.38,92.0,4.0,0.0,6.0,1.0,5.7,1.0,1.0,0.8,0.0,0.0,1.0,0.0,0.0,0.0,0.5243687493701727,0.47563125062982725
60,0,0.0,0.0,1.0,0.0,0.0,5.0,87.0,1.0,0.0,7.0,9.0,0.5,61.0,3.0,0.0,7.0,2.0,5.1,1.0,2.0,1.9,0.0,1.0,1.0,0.5,0.0,1.0,0.5139302139911263,0.4860697860088736
60,1,0.0,0.0,1.0,0.0,0.0,5.0,87.0,1.0,0.0,7.0,9.0,0.5,61.0,3.0,0.0,7.0,2.0,5.1,1.0,2.0,1.9,0.0,1.0,1.0,0.5,0.0,1.0,0.5139302139911263,0.4860697860088736
60,2,0.0,0.0,1.0,0.0,0.0,5.0,87.0,1.0,0.0,7.0,9.0,0.5,61.0,3.0,0.0,7.0,2.0,5.1,1.0,2.0,1.9,0.0,1.0,1.0,0.5,0.0,1.0,0.5139302139911263,0.4860697860088736
67,0,6.0,4.0,1.0,13.0,3.0,11.0,490.0,8.0,11.0,12.0,13.0,0.58,92.0,4.0,3.0,13.0,2.0,3.4,0.0,1.0,0.8,0.0,0.0,1.0,0.0,0.0,2.0,0.6482789012597504,0.3517210987402495
67,1,0.0,0.0,1.0,7.0,0.0,12.0,522.0,1.0,0.0,0.0,37.0,10.04,100.0,0.0,0.0,4.0,0.0,0.0,0.0,0.0,0.0,0.0,0.0,1.0,0.0,0.0,0.0,0.8254488802797425,0.1745511197202575
67,2,0.0,0.0,1.0,7.0,0.0,12.0,522.0,1.0,0.0,0.0,37.0,10.04,100.0,0.0,0.0,4.0,0.0,0.0,0.0,0.0,0.0,0.0,0.0,1.0,0.0,0.0,0.0,0.8254488802797425,0.1745511197202575
67,3,0.0,0.0,1.0,7.0,0.0,12.0,522.0,1.0,0.0,0.0,37.0,10.04,100.0,0.0,0.0,4.0,0.0,0.0,0.0,0.0,0.0,0.0,0.0,1.0,0.0,0.0,0.0,0.8254488802797425,0.1745511197202575
67,4,0.0,0.0,1.0,7.0,0.0,12.0,522.0,1.0,0.0,0.0,37.0,10.04,100.0,0.0,0.0,4.0,0.0,0.0,0.0,0.0,0.0,0.0,0.0,1.0,0.0,0.0,0.0,0.8254488802797425,0.1745511197202575
71,0,1.0,3.0,1.0,22.0,6.0,12.0,837.0,1.0,31.0,13.0,18.0,0.83,93.0,1.0,2.0,20.0,3.0,8.2,0.0,0.0,1.1,0.0,26.0,1.0,0.4,0.0,4.0,0.6548101049567265,0.3451898950432735
71,1,0.0,0.0,1.0,0.0,0.0,4.0,722.0,1.0,3.0,3.0,139.0,1.23,98.0,1.0,1.0,14.0,2.0,0.4,0.0,0.0,0.1,0.0,0.0,1.0,0.0,0.0,1.0,0.7550587803613593,0.24494121963864088
80,0,0.0,0.0,1.0,1.0,0.0,9.0,192.0,1.0,0.0,5.0,16.0,0.99,78.0,2.0,0.0,15.0,4.0,5.7,0.0,1.0,0.6,0.0,0.0,0.9,0.0,0.0,5.0,0.5253659918960566,0.47463400810394346
80,1,0.0,2.0,1.0,0.0,0.0,7.0,197.0,1.0,10.0,6.0,13.0,1.12,92.0,2.0,4.0,21.0,1.0,4.0,1.0,0.0,0.4,0.0,0.0,1.0,1.0,0.0,2.0,0.901974407997112,0.09802559200288796
80,2,0.0,0.0,1.0,4.0,0.0,5.0,205.0,1.0,2.0,1.0,31.0,2.56,99.0,2.0,1.0,15.0,2.0,2.4,0.0,0.0,0.1,0.0,0.0,0.9,0.0,0.0,5.0,0.5303724062179905,0.46962759378200947
85,0,0.0,0.0,1.0,7.0,0.0,12.0,522.0,1.0,0.0,0.0,37.0,10.04,100.0,0.0,0.0,4.0,0.0,0.0,0.0,0.0,0.0,0.0,0.0,1.0,0.0,0.0,0.0,0.8254488802797425,0.1745511197202575
85,1,6.0,4.0,1.0,13.0,3.0,11.0,490.0,8.0,11.0,12.0,13.0,0.58,92.0,4.0,3.0,13.0,2.0,3.4,0.0,1.0,0.8,0.0,0.0,1.0,0.0,0.0,2.0,0.6482789012597504,0.3517210987402495
85,2,0.0,0.0,1.0,7.0,0.0,12.0,522.0,1.0,0.0,0.0,37.0,10.04,100.0,0.0,0.0,4.0,0.0,0.0,0.0,0.0,0.0,0.0,0.0,1.0,0.0,0.0,0.0,0.8254488802797425,0.1745511197202575
85,3,0.0,0.0,1.0,7.0,0.0,12.0,522.0,1.0,0.0,0.0,37.0,10.04,100.0,0.0,0.0,4.0,0.0,0.0,0.0,0.0,0.0,0.0,0.0,1.0,0.0,0.0,0.0,0.8254488802797425,0.1745511197202575
85,4,0.0,0.0,1.0,0.0,0.0,11.0,646.0,1.0,0.0,0.0,53.0,7.6,0.0,1.0,0.0,7.0,1.0,0.0,0.0,0.0,0.0,0.0,3.0,1.0,1.0,0.0,0.0,0.7996376147026699,0.2003623852973299
88,0,0.0,2.0,2.0,1.0,3.0,9.0,56.0,1.0,0.0,0.0,1.0,0.38,33.0,1.0,0.0,2.0,1.0,22.7,1.0,1.0,1.4,0.0,0.0,0.6,0.0,0.0,1.0,0.8043864267003702,0.19561357329962983
120,0,0.0,3.0,1.0,0.0,0.0,6.0,362.0,1.0,10.0,27.0,35.0,0.6,95.0,1.0,1.0,23.0,2.0,7.9,0.0,0.0,1.1,0.0,33.0,1.0,1.0,0.0,1.0,0.8314589164795642,0.1685410835204356
120,1,12.0,4.0,1.0,3.0,0.0,5.0,431.0,1.0,1.0,18.0,43.0,0.61,89.0,1.0,0.0,20.0,2.0,7.0,1.0,1.0,0.9,0.0,0.0,1.0,0.0,0.0,1.0,0.5052496261407723,0.4947503738592278
120,2,12.0,4.0,1.0,3.0,0.0,5.0,431.0,1.0,1.0,18.0,43.0,0.61,89.0,1.0,0.0,20.0,2.0,7.0,1.0,1.0,0.9,0.0,0.0,1.0,0.0,0.0,1.0,0.5052496261407723,0.4947503738592278
124,0,4.0,6.0,1.0,0.0,0.0,8.0,443.0,1.0,5.0,12.0,26.0,0.75,90.0,1.0,1.0,35.0,5.0,3.7,0.0,0.0,0.5,0.0,2.0,1.0,0.5,0.0,3.0,0.5320332881125494,0.4679667118874505
124,1,4.0,6.0,1.0,0.0,0.0,8.0,443.0,1.0,5.0,12.0,26.0,0.75,90.0,1.0,1.0,35.0,5.0,3.7,0.0,0.0,0.5,0.0,2.0,1.0,0.5,0.0,3.0,0.5320332881125494,0.4679667118874505
124,2,12.0,4.0,1.0,3.0,0.0,5.0,431.0,1.0,1.0,18.0,43.0,0.61,89.0,1.0,0.0,20.0,2.0,7.0,1.0,1.0,0.9,0.0,0.0,1.0,0.0,0.0,1.0,0.5052496261407723,0.4947503738592278
124,3,12.0,4.0,1.0,3.0,0.0,5.0,431.0,1.0,1.0,18.0,43.0,0.61,89.0,1.0,0.0,20.0,2.0,7.0,1.0,1.0,0.9,0.0,0.0,1.0,0.0,0.0,1.0,0.5052496261407723,0.4947503738592278
139,0,0.0,0.0,1.0,0.0,0.0,11.0,646.0,1.0,0.0,0.0,53.0,7.6,0.0,1.0,0.0,7.0,1.0,0.0,0.0,0.0,0.0,0.0,3.0,1.0,1.0,0.0,0.0,0.7996376147026699,0.2003623852973299
139,1,0.0,0.0,1.0,0.0,0.0,11.0,646.0,1.0,0.0,0.0,53.0,7.6,0.0,1.0,0.0,7.0,1.0,0.0,0.0,0.0,0.0,0.0,3.0,1.0,1.0,0.0,0.0,0.7996376147026699,0.2003623852973299
139,2,0.0,0.0,1.0,0.0,0.0,11.0,646.0,1.0,0.0,0.0,53.0,7.6,0.0,1.0,0.0,7.0,1.0,0.0,0.0,0.0,0.0,0.0,3.0,1.0,1.0,0.0,0.0,0.7996376147026699,0.2003623852973299
140,0,4.0,6.0,1.0,0.0,0.0,8.0,443.0,1.0,5.0,12.0,26.0,0.75,90.0,1.0,1.0,35.0,5.0,3.7,0.0,0.0,0.5,0.0,2.0,1.0,0.5,0.0,3.0,0.5320332881125494,0.4679667118874505
140,1,6.0,4.0,1.0,13.0,3.0,11.0,490.0,8.0,11.0,12.0,13.0,0.58,92.0,4.0,3.0,13.0,2.0,3.4,0.0,1.0,0.8,0.0,0.0,1.0,0.0,0.0,2.0,0.6482789012597504,0.3517210987402495
140,2,5.0,0.0,4.0,4.0,9.0,40.0,502.0,1.0,0.0,5.0,7.0,0.47,80.0,1.0,0.0,19.0,1.0,12.2,3.0,1.0,2.6,0.0,23.0,1.0,0.2,0.0,3.0,0.8274644845047746,0.17253551549522542
140,3,0.0,0.0,1.0,7.0,0.0,12.0,522.0,1.0,0.0,0.0,37.0,10.04,100.0,0.0,0.0,4.0,0.0,0.0,0.0,0.0,0.0,0.0,0.0,1.0,0.0,0.0,0.0,0.8254488802797425,0.1745511197202575
145,0,0.0,1.0,1.0,0.0,1.0,7.0,270.0,1.0,0.0,13.0,25.0,0.83,87.0,1.0,3.0,22.0,1.0,7.9,1.0,1.0,0.9,0.0,11.0,1.0,0.3,0.0,3.0,0.5232323848277807,0.4767676151722193
145,1,7.0,5.0,2.0,0.0,3.0,12.0,299.0,1.0,0.0,4.0,10.0,0.65,70.0,1.0,0.0,25.0,2.0,7.8,1.0,1.0,1.7,0.0,17.0,0.9,1.0,0.0,3.0,0.639803329188219,0.36019667081178103
145,2,5.0,6.0,2.0,0.0,0.0,10.0,300.0,1.0,0.0,7.0,12.0,0.92,82.0,1.0,0.0,13.0,2.0,3.3,1.0,1.0,1.7,0.0,0.0,1.0,0.0,0.0,0.0,0.8815973914189266,0.11840260858107336
145,3,0.0,1.0,1.0,0.0,1.0,7.0,263.0,1.0,0.0,13.0,24.0,0.83,87.0,1.0,3.0,21.0,1.0,7.7,1.0,1.0,1.0,0.0,9.0,1.0,1.0,0.0,4.0,0.6098423560478321,0.3901576439521678
145,4,7.0,5.0,2.0,0.0,3.0,12.0,296.0,1.0,0.0,4.0,10.0,0.64,70.0,1.0,0.0,23.0,2.0,7.9,1.0,1.0,1.7,0.0,89.0,0.9,0.7,0.0,3.0,0.5612570962719353,0.43874290372806496
148,0,0.0,0.0,1.0,0.0,0.0,11.0,358.0,1.0,3.0,13.0,24.0,0.83,87.0,1.0,1.0,22.0,1.0,9.3,1.0,0.0,0.9,0.0,4.0,1.0,0.5,0.0,2.0,0.7309786070506635,0.26902139294933636
148,1,3.0,1.0,1.0,0.0,0.0,28.0,350.0,1.0,1.0,3.0,6.0,0.74,78.0,1.0,1.0,20.0,2.0,9.5,0.0,0.0,1.9,0.0,28.0,0.9,1.0,0.0,3.0,0.5867999630868039,0.413200036913196
148,2,0.0,3.0,1.0,0.0,0.0,6.0,362.0,1.0,10.0,27.0,35.0,0.6,95.0,1.0,1.0,23.0,2.0,7.9,0.0,0.0,1.1,0.0,33.0,1.0,1.0,0.0,1.0,0.8314589164795642,0.1685410835204356
148,3,0.0,14.0,1.0,6.0,0.0,17.0,347.0,1.0,0.0,0.0,2.0,4.82,100.0,1.0,3.0,5.0,1.0,17.9,1.0,0.0,0.0,0.0,0.0,1.0,0.0,0.0,2.0,0.761949880413936,0.23805011958606415
148,4,0.0,3.0,1.0,0.0,0.0,6.0,362.0,1.0,10.0,27.0,35.0,0.6,95.0,1.0,1.0,23.0,2.0,7.9,0.0,0.0,1.1,0.0,33.0,1.0,1.0,0.0,1.0,0.8314589164795642,0.1685410835204356
156,0,7.0,9.0,1.0,0.0,2.0,8.0,303.0,3.0,0.0,9.0,13.0,0.97,77.0,1.0,0.0,12.0,2.0,3.2,0.0,0.0,0.9,0.0,153.0,1.0,1.0,0.0,3.0,0.7810010533144706,0.21899894668552952
156,1,5.0,0.0,4.0,4.0,9.0,40.0,502.0,1.0,0.0,5.0,7.0,0.47,80.0,1.0,0.0,19.0,1.0,12.2,3.0,1.0,2.6,0.0,23.0,1.0,0.2,0.0,3.0,0.8274644845047746,0.17253551549522542
156,2,5.0,0.0,4.0,4.0,9.0,40.0,502.0,1.0,0.0,5.0,7.0,0.47,80.0,1.0,0.0,19.0,1.0,12.2,3.0,1.0,2.6,0.0,23.0,1.0,0.2,0.0,3.0,0.8274644845047746,0.17253551549522542
156,3,4.0,6.0,1.0,0.0,0.0,8.0,443.0,1.0,5.0,12.0,26.0,0.75,90.0,1.0,1.0,35.0,5.0,3.7,0.0,0.0,0.5,0.0,2.0,1.0,0.5,0.0,3.0,0.5320332881125494,0.4679667118874505
156,4,4.0,0.0,1.0,16.0,0.0,5.0,490.0,1.0,54.0,9.0,3.0,0.17,86.0,2.0,0.0,30.0,1.0,7.4,1.0,1.0,2.2,0.0,2.0,1.0,1.0,0.0,2.0,0.670457372514612,0.32954262748538804
194,0,1.0,1.0,1.0,9.0,0.0,5.0,126.0,1.0,12.0,16.0,0.0,0.79,88.0,1.0,0.0,7.0,1.0,5.1,1.0,1.0,1.1,0.0,0.0,0.7,0.0,0.0,1.0,0.7518771963052349,0.24812280369476503
203,0,1.0,3.0,1.0,22.0,6.0,12.0,837.0,1.0,31.0,13.0,18.0,0.83,93.0,1.0,2.0,20.0,3.0,8.1,0.0,0.0,1.1,0.0,0.0,1.0,0.0,0.0,4.0,0.6552962994895294,0.34470370051047056
203,1,0.0,0.0,1.0,0.0,0.0,11.0,646.0,1.0,0.0,0.0,53.0,7.6,0.0,1.0,0.0,7.0,1.0,0.0,0.0,0.0,0.0,0.0,3.0,1.0,1.0,0.0,0.0,0.7996376147026699,0.2003623852973299
203,2,1.0,3.0,1.0,22.0,6.0,12.0,837.0,1.0,31.0,13.0,18.0,0.83,93.0,1.0,2.0,20.0,3.0,8.2,0.0,0.0,1.1,0.0,26.0,1.0,0.4,0.0,4.0,0.6548101049567265,0.3451898950432735
203,3,1.0,3.0,1.0,22.0,6.0,12.0,837.0,1.0,31.0,13.0,18.0,0.83,93.0,1.0,2.0,20.0,3.0,8.1,0.0,0.0,1.1,0.0,0.0,1.0,0.0,0.0,4.0,0.6552962994895294,0.34470370051047056
205,0,0.0,0.0,1.0,0.0,0.0,11.0,646.0,1.0,0.0,0.0,53.0,7.6,0.0,1.0,0.0,7.0,1.0,0.0,0.0,0.0,0.0,0.0,3.0,1.0,1.0,0.0,0.0,0.7996376147026699,0.2003623852973299
205,1,1.0,3.0,1.0,22.0,6.0,12.0,837.0,1.0,31.0,13.0,18.0,0.83,93.0,1.0,2.0,20.0,3.0,8.2,0.0,0.0,1.1,0.0,26.0,1.0,0.4,0.0,4.0,0.6548101049567265,0.3451898950432735
205,2,0.0,0.0,1.0,0.0,0.0,4.0,722.0,1.0,3.0,3.0,139.0,1.23,98.0,1.0,1.0,14.0,2.0,0.4,0.0,0.0,0.1,0.0,0.0,1.0,0.0,0.0,1.0,0.7550587803613593,0.24494121963864088
209,0,28.0,0.0,2.0,14.0,2.0,5.0,582.0,1.0,4.0,0.0,1.0,0.74,95.0,1.0,1.0,3.0,1.0,4.3,0.0,1.0,1.1,0.0,0.0,1.0,0.0,0.0,3.0,0.7379825768799254,0.26201742312007464
209,1,0.0,0.0,1.0,0.0,0.0,11.0,646.0,1.0,0.0,0.0,53.0,7.6,0.0,1.0,0.0,7.0,1.0,0.0,0.0,0.0,0.0,0.0,3.0,1.0,1.0,0.0,0.0,0.7996376147026699,0.2003623852973299
209,2,0.0,0.0,1.0,5.0,0.0,17.0,639.0,1.0,0.0,0.0,34.0,11.62,100.0,0.0,0.0,7.0,0.0,0.0,0.0,0.0,0.0,0.0,0.0,1.0,0.0,0.0,0.0,0.7762992231944539,0.22370077680554604
209,3,0.0,0.0,1.0,5.0,0.0,17.0,639.0,1.0,0.0,0.0,34.0,11.62,100.0,0.0,0.0,7.0,0.0,0.0,0.0,0.0,0.0,0.0,0.0,1.0,0.0,0.0,0.0,0.7762992231944539,0.22370077680554604
218,0,0.0,0.0,1.0,23.0,0.0,6.0,76.0,1.0,0.0,0.0,6.0,2.05,100.0,0.0,1.0,2.0,0.0,2.7,0.0,0.0,0.1,0.0,0.0,0.6,0.0,0.0,3.0,0.728285373310479,0.27171462668952095
218,1,0.0,0.0,2.0,14.0,0.0,4.0,89.0,1.0,0.0,12.0,7.0,0.44,79.0,2.0,0.0,4.0,1.0,6.0,0.0,1.0,2.1,0.0,0.0,1.0,0.0,0.0,2.0,0.8451616661202035,0.1548383338797966
221,0,1.0,3.0,1.0,22.0,6.0,12.0,837.0,1.0,31.0,13.0,18.0,0.83,93.0,1.0,2.0,20.0,3.0,8.2,0.0,0.0,1.1,0.0,26.0,1.0,0.4,0.0,4.0,0.6548101049567265,0.3451898950432735
226,0,1.0,0.0,2.0,0.0,2.0,12.0,70.0,1.0,0.0,0.0,2.0,1.25,0.0,1.0,0.0,1.0,1.0,5.7,0.0,1.0,2.8,0.0,1.0,1.0,1.0,0.0,2.0,0.9304749827504314,0.0695250172495687
241,0,0.0,0.0,1.0,0.0,0.0,11.0,646.0,1.0,0.0,0.0,53.0,7.6,0.0,1.0,0.0,7.0,1.0,0.0,0.0,0.0,0.0,0.0,3.0,1.0,1.0,0.0,0.0,0.7996376147026699,0.2003623852973299
241,1,0.0,0.0,1.0,0.0,0.0,4.0,722.0,1.0,3.0,3.0,139.0,1.23,98.0,1.0,1.0,14.0,2.0,0.4,0.0,0.0,0.1,0.0,0.0,1.0,0.0,0.0,1.0,0.7550587803613593,0.24494121963864088
241,2,1.0,3.0,1.0,22.0,6.0,12.0,837.0,1.0,31.0,13.0,18.0,0.83,93.0,1.0,2.0,20.0,3.0,8.2,0.0,0.0,1.1,0.0,26.0,1.0,0.4,0.0,4.0,0.6548101049567265,0.3451898950432735
241,3,0.0,0.0,1.0,0.0,0.0,4.0,722.0,1.0,3.0,3.0,139.0,1.23,98.0,1.0,1.0,14.0,2.0,0.4,0.0,0.0,0.1,0.0,0.0,1.0,0.0,0.0,1.0,0.7550587803613593,0.24494121963864088
241,4,1.0,3.0,1.0,22.0,6.0,12.0,837.0,1.0,31.0,13.0,18.0,0.83,93.0,1.0,2.0,20.0,3.0,8.2,0.0,0.0,1.1,0.0,26.0,1.0,0.4,0.0,4.0,0.6548101049567265,0.3451898950432735
283,0,0.0,0.0,1.0,7.0,0.0,10.0,159.0,1.0,0.0,4.0,12.0,0.98,87.0,1.0,0.0,14.0,5.0,2.4,0.0,0.0,0.9,0.0,3.0,1.0,1.0,0.0,3.0,0.8949871384007821,0.10501286159921794
283,1,0.0,2.0,1.0,0.0,0.0,6.0,153.0,1.0,0.0,17.0,14.0,0.85,77.0,1.0,4.0,15.0,3.0,5.8,0.0,0.0,0.5,0.0,14.0,1.0,0.8,0.0,1.0,0.8506780074061547,0.1493219925938452
287,0,0.0,1.0,1.0,0.0,1.0,7.0,263.0,1.0,0.0,13.0,24.0,0.83,87.0,1.0,3.0,21.0,1.0,7.7,1.0,1.0,1.0,0.0,9.0,1.0,1.0,0.0,4.0,0.6098423560478321,0.3901576439521678
383,0,2.0,0.0,3.0,3.0,0.0,33.0,395.0,1.0,0.0,9.0,8.0,0.57,55.0,1.0,0.0,15.0,2.0,8.7,1.0,1.0,2.7,0.0,3.0,0.9,1.0,0.0,2.0,0.8304436190419284,0.16955638095807155
383,1,2.0,0.0,3.0,3.0,0.0,33.0,395.0,1.0,0.0,9.0,8.0,0.57,55.0,1.0,0.0,15.0,2.0,8.7,1.0,1.0,2.7,0.0,3.0,0.9,1.0,0.0,2.0,0.8304436190419284,0.16955638095807155
441,0,0.0,0.0,1.0,0.0,0.0,13.0,461.0,1.0,0.0,0.0,32.0,8.23,0.0,1.0,0.0,8.0,1.0,0.0,0.0,0.0,0.0,0.0,0.0,1.0,0.0,0.0,0.0,0.8237420528500703,0.17625794714992982
441,1,0.0,0.0,1.0,0.0,1.0,9.0,366.0,1.0,2.0,0.0,36.0,0.5,0.0,4.0,0.0,10.0,1.0,0.4,0.0,1.0,0.4,0.0,0.0,1.0,0.0,0.0,0.0,0.8182661967715092,0.18173380322849053
465,0,1.0,3.0,1.0,22.0,6.0,12.0,837.0,1.0,31.0,13.0,18.0,0.83,93.0,1.0,2.0,20.0,3.0,8.2,0.0,0.0,1.1,0.0,26.0,1.0,0.4,0.0,4.0,0.6548101049567265,0.3451898950432735
465,1,0.0,0.0,1.0,0.0,0.0,4.0,722.0,1.0,3.0,3.0,139.0,1.23,98.0,1.0,1.0,14.0,2.0,0.4,0.0,0.0,0.1,0.0,0.0,1.0,0.0,0.0,1.0,0.7550587803613593,0.24494121963864088
465,2,0.0,0.0,1.0,0.0,0.0,4.0,722.0,1.0,3.0,3.0,139.0,1.23,98.0,1.0,1.0,14.0,2.0,0.4,0.0,0.0,0.1,0.0,0.0,1.0,0.0,0.0,1.0,0.7550587803613593,0.24494121963864088
465,3,1.0,3.0,1.0,22.0,6.0,12.0,837.0,1.0,31.0,13.0,18.0,0.83,93.0,1.0,2.0,20.0,3.0,8.2,0.0,0.0,1.1,0.0,26.0,1.0,0.4,0.0,4.0,0.6548101049567265,0.3451898950432735
483,0,0.0,0.0,1.0,0.0,0.0,11.0,358.0,1.0,3.0,13.0,24.0,0.83,87.0,1.0,1.0,22.0,1.0,9.3,1.0,0.0,0.9,0.0,4.0,1.0,0.5,0.0,2.0,0.7309786070506635,0.26902139294933636
483,1,0.0,0.0,1.0,0.0,0.0,11.0,358.0,1.0,3.0,13.0,24.0,0.83,87.0,1.0,1.0,22.0,1.0,9.3,1.0,0.0,0.9,0.0,4.0,1.0,0.5,0.0,2.0,0.7309786070506635,0.26902139294933636
511,0,0.0,0.0,1.0,7.0,0.0,12.0,522.0,1.0,0.0,0.0,37.0,10.04,100.0,0.0,0.0,4.0,0.0,0.0,0.0,0.0,0.0,0.0,0.0,1.0,0.0,0.0,0.0,0.8254488802797425,0.1745511197202575
511,1,0.0,0.0,1.0,7.0,0.0,12.0,522.0,1.0,0.0,0.0,37.0,10.04,100.0,0.0,0.0,4.0,0.0,0.0,0.0,0.0,0.0,0.0,0.0,1.0,0.0,0.0,0.0,0.8254488802797425,0.1745511197202575
511,2,6.0,4.0,1.0,13.0,3.0,11.0,490.0,8.0,11.0,12.0,13.0,0.58,92.0,4.0,3.0,13.0,2.0,3.4,0.0,1.0,0.8,0.0,0.0,1.0,0.0,0.0,2.0,0.6482789012597504,0.3517210987402495
511,3,0.0,0.0,1.0,7.0,0.0,12.0,522.0,1.0,0.0,0.0,37.0,10.04,100.0,0.0,0.0,4.0,0.0,0.0,0.0,0.0,0.0,0.0,0.0,1.0,0.0,0.0,0.0,0.8254488802797425,0.1745511197202575
511,4,0.0,0.0,1.0,7.0,0.0,12.0,522.0,1.0,0.0,0.0,37.0,10.04,100.0,0.0,0.0,4.0,0.0,0.0,0.0,0.0,0.0,0.0,0.0,1.0,0.0,0.0,0.0,0.8254488802797425,0.1745511197202575
530,0,1.0,3.0,1.0,22.0,6.0,12.0,837.0,1.0,31.0,13.0,18.0,0.83,93.0,1.0,2.0,20.0,3.0,8.2,0.0,0.0,1.1,0.0,26.0,1.0,0.4,0.0,4.0,0.6548101049567265,0.3451898950432735
617,0,0.0,0.0,1.0,5.0,0.0,17.0,639.0,1.0,0.0,0.0,34.0,11.62,100.0,0.0,0.0,7.0,0.0,0.0,0.0,0.0,0.0,0.0,0.0,1.0,0.0,0.0,0.0,0.7762992231944539,0.22370077680554604
617,1,0.0,0.0,1.0,0.0,0.0,4.0,722.0,1.0,3.0,3.0,139.0,1.23,98.0,1.0,1.0,14.0,2.0,0.4,0.0,0.0,0.1,0.0,0.0,1.0,0.0,0.0,1.0,0.7550587803613593,0.24494121963864088
617,2,0.0,0.0,1.0,5.0,0.0,17.0,639.0,1.0,0.0,0.0,34.0,11.62,100.0,0.0,0.0,7.0,0.0,0.0,0.0,0.0,0.0,0.0,0.0,1.0,0.0,0.0,0.0,0.7762992231944539,0.22370077680554604
617,3,1.0,3.0,1.0,22.0,6.0,12.0,837.0,1.0,31.0,13.0,18.0,0.83,93.0,1.0,2.0,20.0,3.0,8.2,0.0,0.0,1.1,0.0,26.0,1.0,0.4,0.0,4.0,0.6548101049567265,0.3451898950432735
617,4,0.0,0.0,1.0,0.0,0.0,11.0,646.0,1.0,0.0,0.0,53.0,7.6,0.0,1.0,0.0,7.0,1.0,0.0,0.0,0.0,0.0,0.0,3.0,1.0,1.0,0.0,0.0,0.7996376147026699,0.2003623852973299
644,0,1.0,3.0,1.0,22.0,6.0,12.0,837.0,1.0,31.0,13.0,18.0,0.83,93.0,1.0,2.0,20.0,3.0,8.1,0.0,0.0,1.1,0.0,0.0,1.0,0.0,0.0,4.0,0.6552962994895294,0.34470370051047056
644,1,1.0,3.0,1.0,22.0,6.0,12.0,837.0,1.0,31.0,13.0,18.0,0.83,93.0,1.0,2.0,20.0,3.0,8.1,0.0,0.0,1.1,0.0,0.0,1.0,0.0,0.0,4.0,0.6552962994895294,0.34470370051047056
644,2,1.0,3.0,1.0,22.0,6.0,12.0,837.0,1.0,31.0,13.0,18.0,0.83,93.0,1.0,2.0,20.0,3.0,8.2,0.0,0.0,1.1,0.0,26.0,1.0,0.4,0.0,4.0,0.6548101049567265,0.3451898950432735
644,3,0.0,0.0,1.0,0.0,0.0,4.0,722.0,1.0,3.0,3.0,139.0,1.23,98.0,1.0,1.0,14.0,2.0,0.4,0.0,0.0,0.1,0.0,0.0,1.0,0.0,0.0,1.0,0.7550587803613593,0.24494121963864088
667,0,0.0,0.0,1.0,0.0,0.0,11.0,701.0,1.0,0.0,0.0,58.0,7.38,0.0,1.0,3.0,9.0,1.0,0.0,0.0,0.0,0.0,0.0,857.0,1.0,1.0,0.0,0.0,0.6553549440961868,0.3446450559038132
667,1,0.0,0.0,1.0,0.0,0.0,4.0,722.0,1.0,3.0,3.0,139.0,1.23,98.0,1.0,1.0,14.0,2.0,0.4,0.0,0.0,0.1,0.0,0.0,1.0,0.0,0.0,1.0,0.7550587803613593,0.24494121963864088
667,2,1.0,3.0,1.0,22.0,6.0,12.0,837.0,1.0,31.0,13.0,18.0,0.83,93.0,1.0,2.0,20.0,3.0,8.2,0.0,0.0,1.1,0.0,26.0,1.0,0.4,0.0,4.0,0.6548101049567265,0.3451898950432735
668,0,0.0,0.0,2.0,16.0,0.0,8.0,104.0,1.0,0.0,1.0,7.0,0.26,84.0,1.0,0.0,1.0,1.0,9.0,3.0,1.0,2.1,0.0,610.0,1.0,1.0,0.0,0.0,0.7648999567002644,0.23510004329973533
668,1,2.0,0.0,1.0,14.0,1.0,10.0,241.0,2.0,0.0,2.0,9.0,1.76,93.0,2.0,0.0,2.0,2.0,2.5,0.0,1.0,1.1,0.0,406.0,1.0,1.0,0.0,0.0,0.5955364869200831,0.404463513079917
669,0,0.0,3.0,1.0,0.0,0.0,6.0,344.0,1.0,11.0,24.0,33.0,0.63,94.0,1.0,1.0,18.0,2.0,8.3,0.0,1.0,1.0,0.0,14.0,1.0,1.0,0.0,2.0,0.7981599066933536,0.20184009330664648
669,1,0.0,0.0,1.0,0.0,0.0,11.0,358.0,1.0,3.0,13.0,24.0,0.83,87.0,1.0,1.0,22.0,1.0,9.3,1.0,0.0,0.9,0.0,4.0,1.0,0.5,0.0,2.0,0.7309786070506635,0.26902139294933636
684,0,0.0,3.0,1.0,0.0,0.0,6.0,344.0,1.0,11.0,24.0,33.0,0.63,94.0,1.0,1.0,18.0,2.0,8.3,0.0,1.0,1.0,0.0,14.0,1.0,1.0,0.0,2.0,0.7981599066933536,0.20184009330664648
684,1,0.0,0.0,1.0,0.0,0.0,11.0,358.0,1.0,3.0,13.0,24.0,0.83,87.0,1.0,1.0,22.0,1.0,9.3,1.0,0.0,0.9,0.0,4.0,1.0,0.5,0.0,2.0,0.7309786070506635,0.26902139294933636
689,0,0.0,0.0,1.0,0.0,1.0,5.0,156.0,1.0,0.0,9.0,21.0,0.89,82.0,2.0,0.0,14.0,3.0,4.5,1.0,1.0,0.6,0.0,71.0,1.0,0.3,0.0,2.0,0.5961598839602203,0.40384011603977965
689,1,0.0,1.0,1.0,5.0,0.0,12.0,194.0,1.0,1.0,0.0,11.0,1.24,92.0,2.0,6.0,21.0,1.0,4.1,1.0,0.0,0.6,0.0,58.0,1.0,0.5,0.0,1.0,0.6869892232847007,0.31301077671529925
739,0,2.0,0.0,3.0,3.0,0.0,33.0,395.0,1.0,0.0,9.0,8.0,0.57,55.0,1.0,0.0,15.0,2.0,8.7,1.0,1.0,2.7,0.0,3.0,0.9,1.0,0.0,2.0,0.8304436190419284,0.16955638095807155
739,1,2.0,0.0,3.0,3.0,0.0,33.0,395.0,1.0,0.0,9.0,8.0,0.57,55.0,1.0,0.0,15.0,2.0,8.7,1.0,1.0,2.7,0.0,3.0,0.9,1.0,0.0,2.0,0.8304436190419284,0.16955638095807155
745,0,3.0,1.0,1.0,0.0,0.0,28.0,350.0,1.0,1.0,3.0,6.0,0.74,78.0,1.0,1.0,20.0,2.0,9.5,0.0,0.0,1.9,0.0,28.0,0.9,1.0,0.0,3.0,0.5867999630868039,0.413200036913196
745,1,0.0,0.0,1.0,0.0,0.0,11.0,358.0,1.0,3.0,13.0,24.0,0.83,87.0,1.0,1.0,22.0,1.0,9.3,1.0,0.0,0.9,0.0,4.0,1.0,0.5,0.0,2.0,0.7309786070506635,0.26902139294933636
745,2,3.0,1.0,1.0,0.0,0.0,28.0,350.0,1.0,1.0,3.0,6.0,0.74,78.0,1.0,1.0,20.0,2.0,9.5,0.0,0.0,1.9,0.0,28.0,0.9,1.0,0.0,3.0,0.5867999630868039,0.413200036913196
745,3,0.0,3.0,1.0,0.0,0.0,6.0,362.0,1.0,10.0,27.0,35.0,0.6,95.0,1.0,1.0,23.0,2.0,7.9,0.0,0.0,1.1,0.0,33.0,1.0,1.0,0.0,1.0,0.8314589164795642,0.1685410835204356
745,4,0.0,3.0,1.0,0.0,0.0,6.0,344.0,1.0,11.0,24.0,33.0,0.63,94.0,1.0,1.0,18.0,2.0,8.3,0.0,1.0,1.0,0.0,14.0,1.0,1.0,0.0,2.0,0.7981599066933536,0.20184009330664648
746,0,1.0,3.0,1.0,22.0,6.0,12.0,837.0,1.0,31.0,13.0,18.0,0.83,93.0,1.0,2.0,20.0,3.0,8.2,0.0,0.0,1.1,0.0,26.0,1.0,0.4,0.0,4.0,0.6548101049567265,0.3451898950432735
750,0,0.0,0.0,1.0,0.0,0.0,4.0,722.0,1.0,3.0,3.0,139.0,1.23,98.0,1.0,1.0,14.0,2.0,0.4,0.0,0.0,0.1,0.0,0.0,1.0,0.0,0.0,1.0,0.7550587803613593,0.24494121963864088
750,1,1.0,3.0,1.0,22.0,6.0,12.0,837.0,1.0,31.0,13.0,18.0,0.83,93.0,1.0,2.0,20.0,3.0,8.2,0.0,0.0,1.1,0.0,26.0,1.0,0.4,0.0,4.0,0.6548101049567265,0.3451898950432735
750,2,0.0,0.0,1.0,0.0,0.0,11.0,646.0,1.0,0.0,0.0,53.0,7.6,0.0,1.0,0.0,7.0,1.0,0.0,0.0,0.0,0.0,0.0,3.0,1.0,1.0,0.0,0.0,0.7996376147026699,0.2003623852973299
755,0,0.0,0.0,1.0,0.0,0.0,4.0,722.0,1.0,3.0,3.0,139.0,1.23,98.0,1.0,1.0,14.0,2.0,0.4,0.0,0.0,0.1,0.0,0.0,1.0,0.0,0.0,1.0,0.7550587803613593,0.24494121963864088
755,1,1.0,3.0,1.0,22.0,6.0,12.0,837.0,1.0,31.0,13.0,18.0,0.83,93.0,1.0,2.0,20.0,3.0,8.2,0.0,0.0,1.1,0.0,26.0,1.0,0.4,0.0,4.0,0.6548101049567265,0.3451898950432735
755,2,0.0,0.0,1.0,5.0,0.0,17.0,639.0,1.0,0.0,0.0,34.0,11.62,100.0,0.0,0.0,7.0,0.0,0.0,0.0,0.0,0.0,0.0,0.0,1.0,0.0,0.0,0.0,0.7762992231944539,0.22370077680554604
755,3,1.0,3.0,1.0,22.0,6.0,12.0,837.0,1.0,31.0,13.0,18.0,0.83,93.0,1.0,2.0,20.0,3.0,8.1,0.0,0.0,1.1,0.0,0.0,1.0,0.0,0.0,4.0,0.6552962994895294,0.34470370051047056
760,0,1.0,3.0,1.0,22.0,6.0,12.0,837.0,1.0,31.0,13.0,18.0,0.83,93.0,1.0,2.0,20.0,3.0,8.2,0.0,0.0,1.1,0.0,26.0,1.0,0.4,0.0,4.0,0.6548101049567265,0.3451898950432735
760,1,0.0,0.0,1.0,0.0,0.0,11.0,646.0,1.0,0.0,0.0,53.0,7.6,0.0,1.0,0.0,7.0,1.0,0.0,0.0,0.0,0.0,0.0,3.0,1.0,1.0,0.0,0.0,0.7996376147026699,0.2003623852973299
760,2,0.0,0.0,1.0,0.0,0.0,4.0,722.0,1.0,3.0,3.0,139.0,1.23,98.0,1.0,1.0,14.0,2.0,0.4,0.0,0.0,0.1,0.0,0.0,1.0,0.0,0.0,1.0,0.7550587803613593,0.24494121963864088
769,0,1.0,3.0,1.0,22.0,6.0,12.0,837.0,1.0,31.0,13.0,18.0,0.83,93.0,1.0,2.0,20.0,3.0,8.1,0.0,0.0,1.1,0.0,0.0,1.0,0.0,0.0,4.0,0.6552962994895294,0.34470370051047056
769,1,1.0,3.0,1.0,22.0,6.0,12.0,837.0,1.0,31.0,13.0,18.0,0.83,93.0,1.0,2.0,20.0,3.0,8.1,0.0,0.0,1.1,0.0,0.0,1.0,0.0,0.0,4.0,0.6552962994895294,0.34470370051047056
769,2,1.0,3.0,1.0,22.0,6.0,12.0,837.0,1.0,31.0,13.0,18.0,0.83,93.0,1.0,2.0,20.0,3.0,8.2,0.0,0.0,1.1,0.0,26.0,1.0,0.4,0.0,4.0,0.6548101049567265,0.3451898950432735
769,3,0.0,0.0,1.0,0.0,0.0,4.0,722.0,1.0,3.0,3.0,139.0,1.23,98.0,1.0,1.0,14.0,2.0,0.4,0.0,0.0,0.1,0.0,0.0,1.0,0.0,0.0,1.0,0.7550587803613593,0.24494121963864088
846,0,12.0,4.0,1.0,3.0,0.0,5.0,431.0,1.0,1.0,18.0,43.0,0.61,89.0,1.0,0.0,20.0,2.0,7.0,1.0,1.0,0.9,0.0,0.0,1.0,0.0,0.0,1.0,0.5052496261407723,0.4947503738592278
846,1,4.0,6.0,1.0,0.0,0.0,8.0,443.0,1.0,5.0,12.0,26.0,0.75,90.0,1.0,1.0,35.0,5.0,3.7,0.0,0.0,0.5,0.0,2.0,1.0,0.5,0.0,3.0,0.5320332881125494,0.4679667118874505
846,2,12.0,4.0,1.0,3.0,0.0,5.0,431.0,1.0,1.0,18.0,43.0,0.61,89.0,1.0,0.0,20.0,2.0,7.0,1.0,1.0,0.9,0.0,0.0,1.0,0.0,0.0,1.0,0.5052496261407723,0.4947503738592278
851,0,0.0,0.0,1.0,7.0,0.0,10.0,159.0,1.0,0.0,4.0,12.0,0.98,87.0,1.0,0.0,14.0,5.0,2.4,0.0,0.0,0.9,0.0,3.0,1.0,1.0,0.0,3.0,0.8949871384007821,0.10501286159921794
871,0,0.0,0.0,1.0,0.0,0.0,11.0,646.0,1.0,0.0,0.0,53.0,7.6,0.0,1.0,0.0,7.0,1.0,0.0,0.0,0.0,0.0,0.0,3.0,1.0,1.0,0.0,0.0,0.7996376147026699,0.2003623852973299
871,1,0.0,0.0,1.0,0.0,0.0,4.0,722.0,1.0,3.0,3.0,139.0,1.23,98.0,1.0,1.0,14.0,2.0,0.4,0.0,0.0,0.1,0.0,0.0,1.0,0.0,0.0,1.0,0.7550587803613593,0.24494121963864088
871,2,1.0,3.0,1.0,22.0,6.0,12.0,837.0,1.0,31.0,13.0,18.0,0.83,93.0,1.0,2.0,20.0,3.0,8.2,0.0,0.0,1.1,0.0,26.0,1.0,0.4,0.0,4.0,0.6548101049567265,0.3451898950432735
871,3,0.0,0.0,1.0,0.0,0.0,4.0,722.0,1.0,3.0,3.0,139.0,1.23,98.0,1.0,1.0,14.0,2.0,0.4,0.0,0.0,0.1,0.0,0.0,1.0,0.0,0.0,1.0,0.7550587803613593,0.24494121963864088
908,0,12.0,1.0,1.0,0.0,0.0,9.0,232.0,1.0,0.0,19.0,9.0,0.56,84.0,1.0,0.0,36.0,1.0,5.5,1.0,0.0,1.5,0.0,14.0,1.0,1.0,0.0,2.0,0.7939780899783299,0.20602191002167025
908,1,12.0,1.0,1.0,0.0,0.0,9.0,232.0,1.0,0.0,19.0,9.0,0.56,84.0,1.0,0.0,36.0,1.0,5.5,1.0,0.0,1.5,0.0,14.0,1.0,1.0,0.0,2.0,0.7939780899783299,0.20602191002167025
908,2,11.0,1.0,1.0,0.0,0.0,10.0,233.0,1.0,0.0,18.0,9.0,0.58,83.0,1.0,0.0,34.0,1.0,5.6,1.0,0.0,1.5,0.0,0.0,1.0,0.0,0.0,2.0,0.7492710913382326,0.2507289086617674
910,0,2.0,0.0,1.0,0.0,0.0,9.0,195.0,1.0,2.0,10.0,12.0,0.83,79.0,1.0,2.0,21.0,2.0,4.6,1.0,0.0,1.4,0.0,0.0,0.3,0.0,0.0,3.0,0.5171436683319758,0.48285633166802433
910,1,0.0,6.0,1.0,0.0,0.0,10.0,195.0,1.0,0.0,6.0,7.0,1.06,75.0,2.0,0.0,21.0,1.0,5.6,1.0,1.0,1.3,0.0,0.0,1.0,0.0,0.0,2.0,0.6956225217560584,0.30437747824394135
910,2,0.0,6.0,1.0,0.0,0.0,10.0,195.0,1.0,0.0,6.0,7.0,1.06,75.0,2.0,0.0,21.0,1.0,5.6,1.0,1.0,1.3,0.0,0.0,1.0,0.0,0.0,2.0,0.6956225217560584,0.30437747824394135
929,0,0.0,0.0,1.0,0.0,0.0,11.0,358.0,1.0,3.0,13.0,24.0,0.83,87.0,1.0,1.0,22.0,1.0,9.3,1.0,0.0,0.9,0.0,4.0,1.0,0.5,0.0,2.0,0.7309786070506635,0.26902139294933636
929,1,0.0,0.0,1.0,0.0,0.0,11.0,358.0,1.0,3.0,13.0,24.0,0.83,87.0,1.0,1.0,22.0,1.0,9.3,1.0,0.0,0.9,0.0,4.0,1.0,0.5,0.0,2.0,0.7309786070506635,0.26902139294933636
929,2,0.0,0.0,1.0,0.0,0.0,11.0,358.0,1.0,3.0,13.0,24.0,0.83,87.0,1.0,1.0,22.0,1.0,9.3,1.0,0.0,0.9,0.0,4.0,1.0,0.5,0.0,2.0,0.7309786070506635,0.26902139294933636
934,0,0.0,0.0,1.0,0.0,0.0,7.0,163.0,1.0,1.0,2.0,17.0,0.53,50.0,1.0,0.0,23.0,1.0,9.8,2.0,2.0,0.2,0.0,0.0,0.9,1.0,0.0,1.0,0.8079264493680297,0.1920735506319704
934,1,1.0,0.0,1.0,0.0,0.0,11.0,176.0,1.0,1.0,2.0,9.0,1.11,54.0,2.0,3.0,18.0,2.0,4.3,1.0,0.0,0.8,0.0,3.0,1.0,1.0,0.0,2.0,0.8448797247678396,0.15512027523216038
938,0,4.0,6.0,1.0,0.0,0.0,8.0,443.0,1.0,5.0,12.0,26.0,0.75,90.0,1.0,1.0,35.0,5.0,3.7,0.0,0.0,0.5,0.0,2.0,1.0,0.5,0.0,3.0,0.5320332881125494,0.4679667118874505
938,1,0.0,0.0,1.0,7.0,0.0,12.0,522.0,1.0,0.0,0.0,37.0,10.04,100.0,0.0,0.0,4.0,0.0,0.0,0.0,0.0,0.0,0.0,0.0,1.0,0.0,0.0,0.0,0.8254488802797425,0.1745511197202575
938,2,0.0,0.0,1.0,7.0,0.0,12.0,522.0,1.0,0.0,0.0,37.0,10.04,100.0,0.0,0.0,4.0,0.0,0.0,0.0,0.0,0.0,0.0,0.0,1.0,0.0,0.0,0.0,0.8254488802797425,0.1745511197202575
938,3,6.0,4.0,1.0,13.0,3.0,11.0,490.0,8.0,11.0,12.0,13.0,0.58,92.0,4.0,3.0,13.0,2.0,3.4,0.0,1.0,0.8,0.0,0.0,1.0,0.0,0.0,2.0,0.6482789012597504,0.3517210987402495
939,0,1.0,6.0,2.0,0.0,0.0,7.0,274.0,1.0,1.0,17.0,18.0,0.79,88.0,1.0,0.0,24.0,3.0,3.1,0.0,1.0,1.1,0.0,0.0,1.0,0.0,0.0,2.0,0.720236532987471,0.27976346701252885
939,1,13.0,2.0,1.0,0.0,6.0,2.0,278.0,1.0,8.0,13.0,24.0,0.62,93.0,1.0,1.0,16.0,1.0,5.4,1.0,1.0,0.8,0.0,22.0,1.0,1.0,0.0,2.0,0.7921406422949957,0.20785935770500436
939,2,0.0,3.0,1.0,0.0,0.0,6.0,344.0,1.0,11.0,24.0,33.0,0.63,94.0,1.0,1.0,18.0,2.0,8.3,0.0,1.0,1.0,0.0,14.0,1.0,1.0,0.0,2.0,0.7981599066933536,0.20184009330664648
939,3,0.0,1.0,1.0,0.0,1.0,7.0,270.0,1.0,0.0,13.0,25.0,0.83,87.0,1.0,3.0,22.0,1.0,7.9,1.0,1.0,0.9,0.0,11.0,1.0,0.3,0.0,3.0,0.5232323848277807,0.4767676151722193
939,4,0.0,1.0,1.0,0.0,1.0,7.0,263.0,1.0,0.0,13.0,24.0,0.83,87.0,1.0,3.0,21.0,1.0,7.7,1.0,1.0,1.0,0.0,9.0,1.0,1.0,0.0,4.0,0.6098423560478321,0.3901576439521678
949,0,0.0,12.0,1.0,1.0,0.0,8.0,167.0,1.0,3.0,1.0,1.0,0.44,46.0,3.0,0.0,13.0,1.0,3.8,0.0,1.0,1.0,0.0,11.0,1.0,0.5,0.0,1.0,0.8457345357147042,0.15426546428529586
949,1,0.0,0.0,1.0,0.0,0.0,7.0,163.0,1.0,1.0,2.0,17.0,0.53,50.0,1.0,0.0,23.0,1.0,9.8,2.0,2.0,0.2,0.0,0.0,0.9,1.0,0.0,1.0,0.8079264493680297,0.1920735506319704
949,2,1.0,1.0,1.0,0.0,0.0,7.0,148.0,1.0,0.0,3.0,13.0,1.2,66.0,3.0,0.0,18.0,1.0,1.5,0.0,1.0,0.4,0.0,0.0,1.0,1.0,0.0,1.0,0.8557200250268844,0.14427997497311543
950,0,7.0,5.0,2.0,0.0,3.0,12.0,296.0,1.0,0.0,4.0,10.0,0.64,70.0,1.0,0.0,23.0,2.0,7.9,1.0,1.0,1.7,0.0,89.0,0.9,0.7,0.0,3.0,0.5612570962719353,0.43874290372806496
950,1,7.0,5.0,2.0,0.0,3.0,12.0,299.0,1.0,0.0,4.0,10.0,0.65,70.0,1.0,0.0,25.0,2.0,7.8,1.0,1.0,1.7,0.0,17.0,0.9,1.0,0.0,3.0,0.639803329188219,0.36019667081178103
950,2,7.0,5.0,2.0,0.0,3.0,12.0,296.0,1.0,0.0,4.0,10.0,0.64,70.0,1.0,0.0,23.0,2.0,7.9,1.0,1.0,1.7,0.0,89.0,0.9,0.7,0.0,3.0,0.5612570962719353,0.43874290372806496
950,3,13.0,2.0,1.0,0.0,6.0,2.0,278.0,1.0,8.0,13.0,24.0,0.62,93.0,1.0,1.0,16.0,1.0,5.4,1.0,1.0,0.8,0.0,22.0,1.0,1.0,0.0,2.0,0.7921406422949957,0.20785935770500436
955,0,3.0,1.0,1.0,0.0,0.0,28.0,350.0,1.0,1.0,3.0,6.0,0.74,78.0,1.0,1.0,20.0,2.0,9.5,0.0,0.0,1.9,0.0,28.0,0.9,1.0,0.0,3.0,0.5867999630868039,0.413200036913196
955,1,13.0,2.0,1.0,0.0,6.0,2.0,278.0,1.0,8.0,13.0,24.0,0.62,93.0,1.0,1.0,16.0,1.0,5.4,1.0,1.0,0.8,0.0,22.0,1.0,1.0,0.0,2.0,0.7921406422949957,0.20785935770500436
955,2,7.0,5.0,2.0,0.0,3.0,12.0,299.0,1.0,0.0,4.0,10.0,0.65,70.0,1.0,0.0,25.0,2.0,7.8,1.0,1.0,1.7,0.0,17.0,0.9,1.0,0.0,3.0,0.639803329188219,0.36019667081178103
955,3,7.0,5.0,2.0,0.0,3.0,12.0,299.0,1.0,0.0,4.0,10.0,0.65,70.0,1.0,0.0,25.0,2.0,7.8,1.0,1.0,1.7,0.0,17.0,0.9,1.0,0.0,3.0,0.639803329188219,0.36019667081178103
955,4,0.0,3.0,1.0,0.0,0.0,6.0,344.0,1.0,11.0,24.0,33.0,0.63,94.0,1.0,1.0,18.0,2.0,8.3,0.0,1.0,1.0,0.0,14.0,1.0,1.0,0.0,2.0,0.7981599066933536,0.20184009330664648
963,0,0.0,0.0,1.0,5.0,0.0,17.0,639.0,1.0,0.0,0.0,34.0,11.62,100.0,0.0,0.0,7.0,0.0,0.0,0.0,0.0,0.0,0.0,0.0,1.0,0.0,0.0,0.0,0.7762992231944539,0.22370077680554604
963,1,0.0,0.0,1.0,0.0,0.0,11.0,646.0,1.0,0.0,0.0,53.0,7.6,0.0,1.0,0.0,7.0,1.0,0.0,0.0,0.0,0.0,0.0,3.0,1.0,1.0,0.0,0.0,0.7996376147026699,0.2003623852973299
963,2,0.0,0.0,1.0,5.0,0.0,17.0,639.0,1.0,0.0,0.0,34.0,11.62,100.0,0.0,0.0,7.0,0.0,0.0,0.0,0.0,0.0,0.0,0.0,1.0,0.0,0.0,0.0,0.7762992231944539,0.22370077680554604
963,3,0.0,0.0,1.0,5.0,0.0,17.0,639.0,1.0,0.0,0.0,34.0,11.62,100.0,0.0,0.0,7.0,0.0,0.0,0.0,0.0,0.0,0.0,0.0,1.0,0.0,0.0,0.0,0.7762992231944539,0.22370077680554604
963,4,0.0,0.0,1.0,5.0,0.0,17.0,639.0,1.0,0.0,0.0,34.0,11.62,100.0,0.0,0.0,7.0,0.0,0.0,0.0,0.0,0.0,0.0,0.0,1.0,0.0,0.0,0.0,0.7762992231944539,0.22370077680554604
976,0,0.0,0.0,1.0,5.0,0.0,17.0,639.0,1.0,0.0,0.0,34.0,11.62,100.0,0.0,0.0,7.0,0.0,0.0,0.0,0.0,0.0,0.0,0.0,1.0,0.0,0.0,0.0,0.7762992231944539,0.22370077680554604
976,1,0.0,0.0,1.0,5.0,0.0,17.0,639.0,1.0,0.0,0.0,34.0,11.62,100.0,0.0,0.0,7.0,0.0,0.0,0.0,0.0,0.0,0.0,0.0,1.0,0.0,0.0,0.0,0.7762992231944539,0.22370077680554604
976,2,0.0,0.0,1.0,0.0,0.0,11.0,646.0,1.0,0.0,0.0,53.0,7.6,0.0,1.0,0.0,7.0,1.0,0.0,0.0,0.0,0.0,0.0,3.0,1.0,1.0,0.0,0.0,0.7996376147026699,0.2003623852973299
976,3,0.0,0.0,1.0,5.0,0.0,17.0,639.0,1.0,0.0,0.0,34.0,11.62,100.0,0.0,0.0,7.0,0.0,0.0,0.0,0.0,0.0,0.0,0.0,1.0,0.0,0.0,0.0,0.7762992231944539,0.22370077680554604
976,4,0.0,0.0,1.0,5.0,0.0,17.0,639.0,1.0,0.0,0.0,34.0,11.62,100.0,0.0,0.0,7.0,0.0,0.0,0.0,0.0,0.0,0.0,0.0,1.0,0.0,0.0,0.0,0.7762992231944539,0.22370077680554604
977,0,3.0,1.0,1.0,0.0,0.0,28.0,350.0,1.0,1.0,3.0,6.0,0.74,78.0,1.0,1.0,20.0,2.0,9.5,0.0,0.0,1.9,0.0,28.0,0.9,1.0,0.0,3.0,0.5867999630868039,0.413200036913196
977,1,7.0,5.0,2.0,0.0,3.0,12.0,299.0,1.0,0.0,4.0,10.0,0.65,70.0,1.0,0.0,25.0,2.0,7.8,1.0,1.0,1.7,0.0,17.0,0.9,1.0,0.0,3.0,0.639803329188219,0.36019667081178103
977,2,2.0,6.0,2.0,0.0,0.0,10.0,312.0,1.0,0.0,2.0,17.0,0.59,54.0,1.0,0.0,15.0,2.0,3.9,1.0,1.0,2.2,0.0,1.0,0.9,1.0,0.0,3.0,0.7514250151782745,0.24857498482172538
977,3,1.0,1.0,1.0,2.0,0.0,4.0,338.0,1.0,3.0,2.0,49.0,0.77,78.0,3.0,0.0,15.0,1.0,2.1,0.0,1.0,0.5,0.0,0.0,1.0,0.0,0.0,3.0,0.5393677093208425,0.46063229067915756
978,0,0.0,0.0,1.0,7.0,0.0,12.0,522.0,1.0,0.0,0.0,37.0,10.04,100.0,0.0,0.0,4.0,0.0,0.0,0.0,0.0,0.0,0.0,0.0,1.0,0.0,0.0,0.0,0.8254488802797425,0.1745511197202575
978,1,0.0,0.0,1.0,7.0,0.0,12.0,522.0,1.0,0.0,0.0,37.0,10.04,100.0,0.0,0.0,4.0,0.0,0.0,0.0,0.0,0.0,0.0,0.0,1.0,0.0,0.0,0.0,0.8254488802797425,0.1745511197202575
978,2,0.0,0.0,1.0,7.0,0.0,12.0,522.0,1.0,0.0,0.0,37.0,10.04,100.0,0.0,0.0,4.0,0.0,0.0,0.0,0.0,0.0,0.0,0.0,1.0,0.0,0.0,0.0,0.8254488802797425,0.1745511197202575
978,3,6.0,4.0,1.0,13.0,3.0,11.0,490.0,8.0,11.0,12.0,13.0,0.58,92.0,4.0,3.0,13.0,2.0,3.4,0.0,1.0,0.8,0.0,0.0,1.0,0.0,0.0,2.0,0.6482789012597504,0.3517210987402495
978,4,0.0,0.0,1.0,7.0,0.0,12.0,522.0,1.0,0.0,0.0,37.0,10.04,100.0,0.0,0.0,4.0,0.0,0.0,0.0,0.0,0.0,0.0,0.0,1.0,0.0,0.0,0.0,0.8254488802797425,0.1745511197202575
979,0,6.0,4.0,1.0,13.0,3.0,11.0,490.0,8.0,11.0,12.0,13.0,0.58,92.0,4.0,3.0,13.0,2.0,3.4,0.0,1.0,0.8,0.0,0.0,1.0,0.0,0.0,2.0,0.6482789012597504,0.3517210987402495
979,1,0.0,0.0,1.0,7.0,0.0,12.0,522.0,1.0,0.0,0.0,37.0,10.04,100.0,0.0,0.0,4.0,0.0,0.0,0.0,0.0,0.0,0.0,0.0,1.0,0.0,0.0,0.0,0.8254488802797425,0.1745511197202575
979,2,0.0,0.0,1.0,7.0,0.0,12.0,522.0,1.0,0.0,0.0,37.0,10.04,100.0,0.0,0.0,4.0,0.0,0.0,0.0,0.0,0.0,0.0,0.0,1.0,0.0,0.0,0.0,0.8254488802797425,0.1745511197202575
979,3,4.0,0.0,1.0,16.0,0.0,5.0,490.0,1.0,54.0,9.0,3.0,0.17,86.0,2.0,0.0,30.0,1.0,7.4,1.0,1.0,2.2,0.0,2.0,1.0,1.0,0.0,2.0,0.670457372514612,0.32954262748538804
979,4,4.0,6.0,1.0,0.0,0.0,8.0,443.0,1.0,5.0,12.0,26.0,0.75,90.0,1.0,1.0,35.0,5.0,3.7,0.0,0.0,0.5,0.0,2.0,1.0,0.5,0.0,3.0,0.5320332881125494,0.4679667118874505
993,0,0.0,0.0,1.0,0.0,0.0,11.0,358.0,1.0,3.0,13.0,24.0,0.83,87.0,1.0,1.0,22.0,1.0,9.3,1.0,0.0,0.9,0.0,4.0,1.0,0.5,0.0,2.0,0.7309786070506635,0.26902139294933636
993,1,0.0,0.0,1.0,0.0,0.0,11.0,358.0,1.0,3.0,13.0,24.0,0.83,87.0,1.0,1.0,22.0,1.0,9.3,1.0,0.0,0.9,0.0,4.0,1.0,0.5,0.0,2.0,0.7309786070506635,0.26902139294933636
993,2,4.0,1.0,1.0,0.0,0.0,22.0,377.0,1.0,1.0,4.0,9.0,0.66,71.0,1.0,1.0,21.0,2.0,8.8,0.0,0.0,1.8,0.0,6.0,1.0,0.6,0.0,4.0,0.5372153878380471,0.46278461216195294
993,3,0.0,0.0,1.0,0.0,0.0,11.0,358.0,1.0,3.0,13.0,24.0,0.83,87.0,1.0,1.0,22.0,1.0,9.3,1.0,0.0,0.9,0.0,4.0,1.0,0.5,0.0,2.0,0.7309786070506635,0.26902139294933636
1023,0,0.0,0.0,1.0,0.0,0.0,4.0,722.0,1.0,3.0,3.0,139.0,1.23,98.0,1.0,1.0,14.0,2.0,0.4,0.0,0.0,0.1,0.0,0.0,1.0,0.0,0.0,1.0,0.7550587803613593,0.24494121963864088
1023,1,1.0,3.0,1.0,22.0,6.0,12.0,837.0,1.0,31.0,13.0,18.0,0.83,93.0,1.0,2.0,20.0,3.0,8.2,0.0,0.0,1.1,0.0,26.0,1.0,0.4,0.0,4.0,0.6548101049567265,0.3451898950432735
1025,0,7.0,2.0,1.0,4.0,0.0,11.0,262.0,1.0,0.0,12.0,10.0,0.82,81.0,1.0,0.0,20.0,4.0,6.6,0.0,1.0,1.3,0.0,0.0,0.9,0.0,0.0,1.0,0.7007385297244066,0.29926147027559363
1025,1,5.0,6.0,2.0,0.0,0.0,10.0,300.0,1.0,0.0,7.0,12.0,0.92,82.0,1.0,0.0,13.0,2.0,3.3,1.0,1.0,1.7,0.0,0.0,1.0,0.0,0.0,0.0,0.8815973914189266,0.11840260858107336
1025,2,0.0,1.0,1.0,0.0,1.0,7.0,263.0,1.0,0.0,13.0,24.0,0.83,87.0,1.0,3.0,21.0,1.0,7.7,1.0,1.0,1.0,0.0,9.0,1.0,1.0,0.0,4.0,0.6098423560478321,0.3901576439521678
1025,3,1.0,6.0,2.0,0.0,0.0,7.0,274.0,1.0,1.0,17.0,18.0,0.79,88.0,1.0,0.0,24.0,3.0,3.1,0.0,1.0,1.1,0.0,0.0,1.0,0.0,0.0,2.0,0.720236532987471,0.27976346701252885
1036,0,1.0,3.0,1.0,22.0,6.0,12.0,837.0,1.0,31.0,13.0,18.0,0.83,93.0,1.0,2.0,20.0,3.0,8.1,0.0,0.0,1.1,0.0,0.0,1.0,0.0,0.0,4.0,0.6552962994895294,0.34470370051047056
1036,1,0.0,0.0,1.0,0.0,0.0,4.0,722.0,1.0,3.0,3.0,139.0,1.23,98.0,1.0,1.0,14.0,2.0,0.4,0.0,0.0,0.1,0.0,0.0,1.0,0.0,0.0,1.0,0.7550587803613593,0.24494121963864088
1036,2,1.0,3.0,1.0,22.0,6.0,12.0,837.0,1.0,31.0,13.0,18.0,0.83,93.0,1.0,2.0,20.0,3.0,8.1,0.0,0.0,1.1,0.0,0.0,1.0,0.0,0.0,4.0,0.6552962994895294,0.34470370051047056
1036,3,1.0,3.0,1.0,22.0,6.0,12.0,837.0,1.0,31.0,13.0,18.0,0.83,93.0,1.0,2.0,20.0,3.0,8.2,0.0,0.0,1.1,0.0,26.0,1.0,0.4,0.0,4.0,0.6548101049567265,0.3451898950432735
1037,0,0.0,0.0,1.0,7.0,0.0,12.0,522.0,1.0,0.0,0.0,37.0,10.04,100.0,0.0,0.0,4.0,0.0,0.0,0.0,0.0,0.0,0.0,0.0,1.0,0.0,0.0,0.0,0.8254488802797425,0.1745511197202575
1037,1,6.0,4.0,1.0,13.0,3.0,11.0,490.0,8.0,11.0,12.0,13.0,0.58,92.0,4.0,3.0,13.0,2.0,3.4,0.0,1.0,0.8,0.0,0.0,1.0,0.0,0.0,2.0,0.6482789012597504,0.3517210987402495
1037,2,0.0,0.0,1.0,0.0,0.0,11.0,646.0,1.0,0.0,0.0,53.0,7.6,0.0,1.0,0.0,7.0,1.0,0.0,0.0,0.0,0.0,0.0,3.0,1.0,1.0,0.0,0.0,0.7996376147026699,0.2003623852973299
1037,3,0.0,0.0,1.0,5.0,0.0,17.0,639.0,1.0,0.0,0.0,34.0,11.62,100.0,0.0,0.0,7.0,0.0,0.0,0.0,0.0,0.0,0.0,0.0,1.0,0.0,0.0,0.0,0.7762992231944539,0.22370077680554604
1045,0,0.0,0.0,1.0,0.0,0.0,4.0,722.0,1.0,3.0,3.0,139.0,1.23,98.0,1.0,1.0,14.0,2.0,0.4,0.0,0.0,0.1,0.0,0.0,1.0,0.0,0.0,1.0,0.7550587803613593,0.24494121963864088
1045,1,1.0,3.0,1.0,22.0,6.0,12.0,837.0,1.0,31.0,13.0,18.0,0.83,93.0,1.0,2.0,20.0,3.0,8.2,0.0,0.0,1.1,0.0,26.0,1.0,0.4,0.0,4.0,0.6548101049567265,0.3451898950432735
1045,2,0.0,0.0,1.0,5.0,0.0,17.0,639.0,1.0,0.0,0.0,34.0,11.62,100.0,0.0,0.0,7.0,0.0,0.0,0.0,0.0,0.0,0.0,0.0,1.0,0.0,0.0,0.0,0.7762992231944539,0.22370077680554604
1045,3,0.0,0.0,1.0,0.0,0.0,11.0,646.0,1.0,0.0,0.0,53.0,7.6,0.0,1.0,0.0,7.0,1.0,0.0,0.0,0.0,0.0,0.0,3.0,1.0,1.0,0.0,0.0,0.7996376147026699,0.2003623852973299
1045,4,1.0,3.0,1.0,22.0,6.0,12.0,837.0,1.0,31.0,13.0,18.0,0.83,93.0,1.0,2.0,20.0,3.0,8.1,0.0,0.0,1.1,0.0,0.0,1.0,0.0,0.0,4.0,0.6552962994895294,0.34470370051047056
1047,0,0.0,0.0,1.0,0.0,0.0,4.0,722.0,1.0,3.0,3.0,139.0,1.23,98.0,1.0,1.0,14.0,2.0,0.4,0.0,0.0,0.1,0.0,0.0,1.0,0.0,0.0,1.0,0.7550587803613593,0.24494121963864088
1047,1,1.0,3.0,1.0,22.0,6.0,12.0,837.0,1.0,31.0,13.0,18.0,0.83,93.0,1.0,2.0,20.0,3.0,8.2,0.0,0.0,1.1,0.0,26.0,1.0,0.4,0.0,4.0,0.6548101049567265,0.3451898950432735
1047,2,0.0,0.0,1.0,5.0,0.0,17.0,639.0,1.0,0.0,0.0,34.0,11.62,100.0,0.0,0.0,7.0,0.0,0.0,0.0,0.0,0.0,0.0,0.0,1.0,0.0,0.0,0.0,0.7762992231944539,0.22370077680554604
1047,3,1.0,3.0,1.0,22.0,6.0,12.0,837.0,1.0,31.0,13.0,18.0,0.83,93.0,1.0,2.0,20.0,3.0,8.2,0.0,0.0,1.1,0.0,26.0,1.0,0.4,0.0,4.0,0.6548101049567265,0.3451898950432735
1047,4,0.0,0.0,1.0,0.0,0.0,11.0,646.0,1.0,0.0,0.0,53.0,7.6,0.0,1.0,0.0,7.0,1.0,0.0,0.0,0.0,0.0,0.0,3.0,1.0,1.0,0.0,0.0,0.7996376147026699,0.2003623852973299
1053,0,0.0,0.0,1.0,0.0,0.0,11.0,646.0,1.0,0.0,0.0,53.0,7.6,0.0,1.0,0.0,7.0,1.0,0.0,0.0,0.0,0.0,0.0,3.0,1.0,1.0,0.0,0.0,0.7996376147026699,0.2003623852973299
1053,1,0.0,0.0,1.0,0.0,0.0,4.0,722.0,1.0,3.0,3.0,139.0,1.23,98.0,1.0,1.0,14.0,2.0,0.4,0.0,0.0,0.1,0.0,0.0,1.0,0.0,0.0,1.0,0.7550587803613593,0.24494121963864088
1053,2,1.0,3.0,1.0,22.0,6.0,12.0,837.0,1.0,31.0,13.0,18.0,0.83,93.0,1.0,2.0,20.0,3.0,8.2,0.0,0.0,1.1,0.0,26.0,1.0,0.4,0.0,4.0,0.6548101049567265,0.3451898950432735
1053,3,0.0,0.0,1.0,5.0,0.0,17.0,639.0,1.0,0.0,0.0,34.0,11.62,100.0,0.0,0.0,7.0,0.0,0.0,0.0,0.0,0.0,0.0,0.0,1.0,0.0,0.0,0.0,0.7762992231944539,0.22370077680554604
1053,4,0.0,0.0,1.0,0.0,0.0,4.0,722.0,1.0,3.0,3.0,139.0,1.23,98.0,1.0,1.0,14.0,2.0,0.4,0.0,0.0,0.1,0.0,0.0,1.0,0.0,0.0,1.0,0.7550587803613593,0.24494121963864088
1054,0,0.0,0.0,1.0,5.0,0.0,17.0,639.0,1.0,0.0,0.0,34.0,11.62,100.0,0.0,0.0,7.0,0.0,0.0,0.0,0.0,0.0,0.0,0.0,1.0,0.0,0.0,0.0,0.7762992231944539,0.22370077680554604
1054,1,0.0,0.0,1.0,5.0,0.0,17.0,639.0,1.0,0.0,0.0,34.0,11.62,100.0,0.0,0.0,7.0,0.0,0.0,0.0,0.0,0.0,0.0,0.0,1.0,0.0,0.0,0.0,0.7762992231944539,0.22370077680554604
1054,2,0.0,0.0,1.0,0.0,0.0,11.0,646.0,1.0,0.0,0.0,53.0,7.6,0.0,1.0,0.0,7.0,1.0,0.0,0.0,0.0,0.0,0.0,3.0,1.0,1.0,0.0,0.0,0.7996376147026699,0.2003623852973299
1054,3,0.0,0.0,1.0,5.0,0.0,17.0,639.0,1.0,0.0,0.0,34.0,11.62,100.0,0.0,0.0,7.0,0.0,0.0,0.0,0.0,0.0,0.0,0.0,1.0,0.0,0.0,0.0,0.7762992231944539,0.22370077680554604
1054,4,0.0,0.0,1.0,0.0,0.0,11.0,646.0,1.0,0.0,0.0,53.0,7.6,0.0,1.0,0.0,7.0,1.0,0.0,0.0,0.0,0.0,0.0,3.0,1.0,1.0,0.0,0.0,0.7996376147026699,0.2003623852973299
1058,0,2.0,6.0,2.0,0.0,0.0,10.0,312.0,1.0,0.0,2.0,17.0,0.59,54.0,1.0,0.0,15.0,2.0,3.9,1.0,1.0,2.2,0.0,1.0,0.9,1.0,0.0,3.0,0.7514250151782745,0.24857498482172538
1058,1,2.0,6.0,2.0,0.0,0.0,10.0,312.0,1.0,0.0,2.0,17.0,0.59,54.0,1.0,0.0,15.0,2.0,3.9,1.0,1.0,2.2,0.0,1.0,0.9,1.0,0.0,3.0,0.7514250151782745,0.24857498482172538
1058,2,2.0,6.0,2.0,0.0,0.0,10.0,312.0,1.0,0.0,2.0,17.0,0.59,54.0,1.0,0.0,15.0,2.0,3.9,1.0,1.0,2.2,0.0,1.0,0.9,1.0,0.0,3.0,0.7514250151782745,0.24857498482172538
1064,0,1.0,6.0,2.0,0.0,0.0,7.0,274.0,1.0,1.0,17.0,18.0,0.79,88.0,1.0,0.0,24.0,3.0,3.1,0.0,1.0,1.1,0.0,0.0,1.0,0.0,0.0,2.0,0.720236532987471,0.27976346701252885
1064,1,7.0,5.0,2.0,0.0,3.0,12.0,299.0,1.0,0.0,4.0,10.0,0.65,70.0,1.0,0.0,25.0,2.0,7.8,1.0,1.0,1.7,0.0,17.0,0.9,1.0,0.0,3.0,0.639803329188219,0.36019667081178103
1064,2,0.0,0.0,1.0,0.0,0.0,11.0,358.0,1.0,3.0,13.0,24.0,0.83,87.0,1.0,1.0,22.0,1.0,9.3,1.0,0.0,0.9,0.0,4.0,1.0,0.5,0.0,2.0,0.7309786070506635,0.26902139294933636
1064,3,5.0,6.0,2.0,0.0,0.0,10.0,300.0,1.0,0.0,7.0,12.0,0.92,82.0,1.0,0.0,13.0,2.0,3.3,1.0,1.0,1.7,0.0,0.0,1.0,0.0,0.0,0.0,0.8815973914189266,0.11840260858107336
1066,0,0.0,0.0,1.0,0.0,0.0,4.0,722.0,1.0,3.0,3.0,139.0,1.23,98.0,1.0,1.0,14.0,2.0,0.4,0.0,0.0,0.1,0.0,0.0,1.0,0.0,0.0,1.0,0.7550587803613593,0.24494121963864088
1066,1,1.0,3.0,1.0,22.0,6.0,12.0,837.0,1.0,31.0,13.0,18.0,0.83,93.0,1.0,2.0,20.0,3.0,8.2,0.0,0.0,1.1,0.0,26.0,1.0,0.4,0.0,4.0,0.6548101049567265,0.3451898950432735
1066,2,1.0,3.0,1.0,22.0,6.0,12.0,837.0,1.0,31.0,13.0,18.0,0.83,93.0,1.0,2.0,20.0,3.0,8.2,0.0,0.0,1.1,0.0,26.0,1.0,0.4,0.0,4.0,0.6548101049567265,0.3451898950432735
1069,0,0.0,0.0,1.0,0.0,0.0,11.0,226.0,1.0,0.0,0.0,17.0,6.11,0.0,1.0,1.0,1.0,1.0,0.0,0.0,0.0,0.0,0.0,283.0,1.0,1.0,0.0,0.0,0.8323725439288301,0.16762745607117005
1069,1,0.0,0.0,1.0,3.0,0.0,9.0,224.0,1.0,0.0,0.0,21.0,8.3,100.0,0.0,6.0,1.0,0.0,10.9,1.0,1.0,0.0,0.0,277.0,1.0,1.0,0.0,0.0,0.8728055713745557,0.12719442862544414
1069,2,0.0,0.0,1.0,0.0,0.0,11.0,226.0,1.0,0.0,0.0,17.0,6.11,0.0,1.0,1.0,1.0,1.0,0.0,0.0,0.0,0.0,0.0,283.0,1.0,1.0,0.0,0.0,0.8323725439288301,0.16762745607117005
1069,3,6.0,2.0,3.0,2.0,0.0,11.0,228.0,1.0,0.0,11.0,6.0,0.65,69.0,2.0,0.0,8.0,1.0,6.7,2.0,1.0,2.6,0.0,152.0,0.9,1.0,0.0,2.0,0.6195202402327908,0.38047975976720916
1069,4,0.0,0.0,1.0,0.0,0.0,11.0,226.0,1.0,0.0,0.0,17.0,6.11,0.0,1.0,1.0,1.0,1.0,0.0,0.0,0.0,0.0,0.0,283.0,1.0,1.0,0.0,0.0,0.8323725439288301,0.16762745607117005
1072,0,2.0,0.0,3.0,3.0,0.0,33.0,395.0,1.0,0.0,9.0,8.0,0.57,55.0,1.0,0.0,15.0,2.0,8.7,1.0,1.0,2.7,0.0,3.0,0.9,1.0,0.0,2.0,0.8304436190419284,0.16955638095807155
1072,1,2.0,0.0,3.0,3.0,0.0,33.0,395.0,1.0,0.0,9.0,8.0,0.57,55.0,1.0,0.0,15.0,2.0,8.7,1.0,1.0,2.7,0.0,3.0,0.9,1.0,0.0,2.0,0.8304436190419284,0.16955638095807155
1085,0,5.0,0.0,2.0,0.0,2.0,6.0,146.0,1.0,0.0,0.0,12.0,0.69,0.0,4.0,0.0,11.0,1.0,1.0,0.0,1.0,0.8,0.0,0.0,1.0,0.0,0.0,1.0,0.71145299063548,0.28854700936452
1085,1,4.0,0.0,1.0,0.0,1.0,9.0,163.0,1.0,0.0,0.0,9.0,0.43,0.0,5.0,0.0,10.0,1.0,3.5,1.0,1.0,1.1,0.0,0.0,0.4,0.0,0.0,0.0,0.5161841995492684,0.48381580045073147
1085,2,4.0,0.0,1.0,0.0,1.0,9.0,163.0,1.0,0.0,0.0,9.0,0.43,0.0,5.0,0.0,10.0,1.0,3.5,1.0,1.0,1.1,0.0,0.0,0.4,0.0,0.0,0.0,0.5161841995492684,0.48381580045073147
1091,0,4.0,6.0,1.0,0.0,0.0,8.0,443.0,1.0,5.0,12.0,26.0,0.75,90.0,1.0,1.0,35.0,5.0,3.7,0.0,0.0,0.5,0.0,2.0,1.0,0.5,0.0,3.0,0.5320332881125494,0.4679667118874505
1091,1,4.0,1.0,1.0,0.0,0.0,22.0,377.0,1.0,1.0,4.0,9.0,0.66,71.0,1.0,1.0,21.0,2.0,8.8,0.0,0.0,1.8,0.0,6.0,1.0,0.6,0.0,4.0,0.5372153878380471,0.46278461216195294
1091,2,12.0,4.0,1.0,3.0,0.0,5.0,431.0,1.0,1.0,18.0,43.0,0.61,89.0,1.0,0.0,20.0,2.0,7.0,1.0,1.0,0.9,0.0,0.0,1.0,0.0,0.0,1.0,0.5052496261407723,0.4947503738592278
1091,3,4.0,6.0,1.0,0.0,0.0,8.0,443.0,1.0,5.0,12.0,26.0,0.75,90.0,1.0,1.0,35.0,5.0,3.7,0.0,0.0,0.5,0.0,2.0,1.0,0.5,0.0,3.0,0.5320332881125494,0.4679667118874505
1104,0,1.0,3.0,1.0,22.0,6.0,12.0,837.0,1.0,31.0,13.0,18.0,0.83,93.0,1.0,2.0,20.0,3.0,8.2,0.0,0.0,1.1,0.0,26.0,1.0,0.4,0.0,4.0,0.6548101049567265,0.3451898950432735
1104,1,0.0,0.0,1.0,0.0,0.0,4.0,722.0,1.0,3.0,3.0,139.0,1.23,98.0,1.0,1.0,14.0,2.0,0.4,0.0,0.0,0.1,0.0,0.0,1.0,0.0,0.0,1.0,0.7550587803613593,0.24494121963864088
1106,0,2.0,0.0,1.0,0.0,0.0,7.0,257.0,1.0,0.0,12.0,23.0,1.68,91.0,1.0,0.0,9.0,2.0,2.1,0.0,1.0,0.5,0.0,7.0,1.0,0.5,0.0,1.0,0.79000633888444,0.20999366111555998
1106,1,0.0,1.0,1.0,0.0,1.0,7.0,263.0,1.0,0.0,13.0,24.0,0.83,87.0,1.0,3.0,21.0,1.0,7.7,1.0,1.0,1.0,0.0,9.0,1.0,1.0,0.0,4.0,0.6098423560478321,0.3901576439521678
1106,2,5.0,6.0,2.0,0.0,0.0,10.0,300.0,1.0,0.0,7.0,12.0,0.92,82.0,1.0,0.0,13.0,2.0,3.3,1.0,1.0,1.7,0.0,0.0,1.0,0.0,0.0,0.0,0.8815973914189266,0.11840260858107336
1117,0,0.0,0.0,1.0,0.0,0.0,4.0,722.0,1.0,3.0,3.0,139.0,1.23,98.0,1.0,1.0,14.0,2.0,0.4,0.0,0.0,0.1,0.0,0.0,1.0,0.0,0.0,1.0,0.7550587803613593,0.24494121963864088
1117,1,1.0,3.0,1.0,22.0,6.0,12.0,837.0,1.0,31.0,13.0,18.0,0.83,93.0,1.0,2.0,20.0,3.0,8.2,0.0,0.0,1.1,0.0,26.0,1.0,0.4,0.0,4.0,0.6548101049567265,0.3451898950432735
1117,2,0.0,0.0,1.0,0.0,0.0,4.0,722.0,1.0,3.0,3.0,139.0,1.23,98.0,1.0,1.0,14.0,2.0,0.4,0.0,0.0,0.1,0.0,0.0,1.0,0.0,0.0,1.0,0.7550587803613593,0.24494121963864088
1117,3,1.0,3.0,1.0,22.0,6.0,12.0,837.0,1.0,31.0,13.0,18.0,0.83,93.0,1.0,2.0,20.0,3.0,8.2,0.0,0.0,1.1,0.0,26.0,1.0,0.4,0.0,4.0,0.6548101049567265,0.3451898950432735
1117,4,0.0,0.0,1.0,0.0,0.0,11.0,646.0,1.0,0.0,0.0,53.0,7.6,0.0,1.0,0.0,7.0,1.0,0.0,0.0,0.0,0.0,0.0,3.0,1.0,1.0,0.0,0.0,0.7996376147026699,0.2003623852973299
1121,0,0.0,0.0,1.0,0.0,0.0,11.0,646.0,1.0,0.0,0.0,53.0,7.6,0.0,1.0,0.0,7.0,1.0,0.0,0.0,0.0,0.0,0.0,3.0,1.0,1.0,0.0,0.0,0.7996376147026699,0.2003623852973299
1121,1,0.0,0.0,1.0,5.0,0.0,17.0,639.0,1.0,0.0,0.0,34.0,11.62,100.0,0.0,0.0,7.0,0.0,0.0,0.0,0.0,0.0,0.0,0.0,1.0,0.0,0.0,0.0,0.7762992231944539,0.22370077680554604
1121,2,0.0,0.0,1.0,7.0,0.0,12.0,522.0,1.0,0.0,0.0,37.0,10.04,100.0,0.0,0.0,4.0,0.0,0.0,0.0,0.0,0.0,0.0,0.0,1.0,0.0,0.0,0.0,0.8254488802797425,0.1745511197202575
1121,3,0.0,0.0,1.0,0.0,0.0,4.0,722.0,1.0,3.0,3.0,139.0,1.23,98.0,1.0,1.0,14.0,2.0,0.4,0.0,0.0,0.1,0.0,0.0,1.0,0.0,0.0,1.0,0.7550587803613593,0.24494121963864088
1147,0,0.0,2.0,1.0,0.0,0.0,6.0,153.0,1.0,0.0,17.0,14.0,0.85,77.0,1.0,4.0,15.0,3.0,5.8,0.0,0.0,0.5,0.0,14.0,1.0,0.8,0.0,1.0,0.8506780074061547,0.1493219925938452
1147,1,1.0,1.0,1.0,0.0,0.0,7.0,148.0,1.0,0.0,3.0,13.0,1.2,66.0,3.0,0.0,18.0,1.0,1.5,0.0,1.0,0.4,0.0,0.0,1.0,1.0,0.0,1.0,0.8557200250268844,0.14427997497311543
1147,2,4.0,1.0,1.0,0.0,0.0,10.0,145.0,1.0,1.0,5.0,2.0,0.51,80.0,2.0,0.0,26.0,1.0,4.0,0.0,0.0,1.9,0.0,1.0,1.0,0.5,0.0,1.0,0.8030398495493025,0.1969601504506974
1147,3,0.0,12.0,1.0,0.0,0.0,9.0,150.0,1.0,0.0,9.0,0.0,0.74,81.0,1.0,0.0,13.0,1.0,4.9,2.0,1.0,1.0,0.0,0.0,1.0,1.0,0.0,1.0,0.890343721950613,0.10965627804938718
1151,0,1.0,1.0,1.0,0.0,0.0,7.0,148.0,1.0,0.0,3.0,13.0,1.2,66.0,3.0,0.0,18.0,1.0,1.5,0.0,1.0,0.4,0.0,0.0,1.0,1.0,0.0,1.0,0.8557200250268844,0.14427997497311543
1151,1,4.0,1.0,1.0,0.0,0.0,10.0,145.0,1.0,1.0,5.0,2.0,0.51,80.0,2.0,0.0,26.0,1.0,4.0,0.0,0.0,1.9,0.0,1.0,1.0,0.5,0.0,1.0,0.8030398495493025,0.1969601504506974
1171,0,4.0,2.0,1.0,0.0,35.0,4.0,263.0,1.0,1.0,0.0,43.0,0.15,0.0,4.0,0.0,14.0,1.0,2.5,0.0,0.0,0.8,0.0,0.0,0.9,0.0,0.0,2.0,0.5095107716670518,0.49048922833294806
1171,1,2.0,6.0,2.0,0.0,0.0,10.0,312.0,1.0,0.0,2.0,17.0,0.59,54.0,1.0,0.0,15.0,2.0,3.9,1.0,1.0,2.2,0.0,1.0,0.9,1.0,0.0,3.0,0.7514250151782745,0.24857498482172538
1171,2,7.0,0.0,3.0,0.0,11.0,14.0,284.0,1.0,0.0,0.0,4.0,0.56,0.0,1.0,0.0,15.0,1.0,9.5,4.0,2.0,3.5,0.0,1.0,1.0,0.5,0.0,2.0,0.8750459885255216,0.12495401147447861
1189,0,0.0,0.0,1.0,0.0,0.0,11.0,646.0,1.0,0.0,0.0,53.0,7.6,0.0,1.0,0.0,7.0,1.0,0.0,0.0,0.0,0.0,0.0,3.0,1.0,1.0,0.0,0.0,0.7996376147026699,0.2003623852973299
1189,1,0.0,0.0,1.0,5.0,0.0,17.0,639.0,1.0,0.0,0.0,34.0,11.62,100.0,0.0,0.0,7.0,0.0,0.0,0.0,0.0,0.0,0.0,0.0,1.0,0.0,0.0,0.0,0.7762992231944539,0.22370077680554604
1189,2,0.0,0.0,1.0,5.0,0.0,17.0,639.0,1.0,0.0,0.0,34.0,11.62,100.0,0.0,0.0,7.0,0.0,0.0,0.0,0.0,0.0,0.0,0.0,1.0,0.0,0.0,0.0,0.7762992231944539,0.22370077680554604
1189,3,0.0,0.0,1.0,5.0,0.0,17.0,639.0,1.0,0.0,0.0,34.0,11.62,100.0,0.0,0.0,7.0,0.0,0.0,0.0,0.0,0.0,0.0,0.0,1.0,0.0,0.0,0.0,0.7762992231944539,0.22370077680554604
1190,0,1.0,1.0,1.0,0.0,0.0,9.0,73.0,1.0,0.0,2.0,3.0,1.16,50.0,2.0,0.0,11.0,1.0,3.6,1.0,1.0,0.4,0.0,0.0,0.8,0.0,0.0,1.0,0.8005510072724834,0.19944899272751682
1190,1,0.0,0.0,1.0,0.0,0.0,6.0,58.0,1.0,0.0,4.0,6.0,0.62,50.0,4.0,0.0,14.0,1.0,3.2,1.0,1.0,0.9,0.0,0.0,0.9,1.0,0.0,2.0,0.531504101599555,0.4684958984004451
1190,2,1.0,0.0,1.0,0.0,0.0,7.0,55.0,1.0,0.0,5.0,4.0,0.62,48.0,2.0,0.0,17.0,1.0,4.4,1.0,2.0,1.9,0.0,0.0,0.6,0.0,0.0,1.0,0.5924160215771287,0.40758397842287125
1190,3,0.0,0.0,1.0,0.0,0.0,6.0,58.0,1.0,0.0,4.0,6.0,0.62,50.0,4.0,0.0,14.0,1.0,3.2,1.0,1.0,0.9,0.0,0.0,0.9,1.0,0.0,2.0,0.531504101599555,0.4684958984004451
1193,0,0.0,0.0,1.0,0.0,0.0,3.0,104.0,1.0,7.0,7.0,4.0,1.32,81.0,3.0,3.0,2.0,1.0,3.2,0.0,1.0,1.0,0.0,0.0,1.0,0.0,0.0,0.0,0.9100059312691436,0.0899940687308563
1193,1,1.0,0.0,1.0,0.0,0.0,4.0,99.0,1.0,0.0,11.0,15.0,0.52,79.0,4.0,0.0,20.0,1.0,3.1,0.0,1.0,0.8,0.0,0.0,1.0,0.5,0.0,2.0,0.5243498693124514,0.4756501306875486
1203,0,0.0,2.0,1.0,0.0,0.0,7.0,197.0,1.0,10.0,6.0,13.0,1.12,92.0,2.0,4.0,21.0,1.0,4.0,1.0,0.0,0.4,0.0,0.0,1.0,1.0,0.0,2.0,0.901974407997112,0.09802559200288796
1203,1,0.0,0.0,1.0,0.0,0.0,2.0,172.0,1.0,0.0,1.0,34.0,0.86,97.0,1.0,0.0,17.0,3.0,0.7,0.0,0.0,0.4,0.0,3.0,0.7,1.0,0.0,3.0,0.5740489043846445,0.42595109561535555
1204,0,1.0,0.0,1.0,1.0,1.0,9.0,115.0,1.0,0.0,0.0,9.0,0.25,70.0,4.0,0.0,4.0,1.0,1.4,0.0,2.0,0.0,0.0,98.0,1.0,0.5,0.0,1.0,0.5833811197739002,0.41661888022609983
1204,1,7.0,8.0,2.0,0.0,0.0,6.0,157.0,2.0,1.0,6.0,3.0,0.55,74.0,2.0,0.0,11.0,2.0,4.9,0.0,1.0,1.6,0.0,64.0,1.0,1.0,0.0,1.0,0.848373592830866,0.151626407169134
1204,2,4.0,0.0,2.0,4.0,0.0,8.0,167.0,1.0,0.0,23.0,10.0,0.45,81.0,1.0,0.0,20.0,2.0,11.1,0.0,1.0,1.6,0.0,72.0,0.8,0.3,0.0,2.0,0.551986617494954,0.448013382505046
1205,0,7.0,5.0,2.0,0.0,3.0,12.0,296.0,1.0,0.0,4.0,10.0,0.64,70.0,1.0,0.0,23.0,2.0,7.9,1.0,1.0,1.7,0.0,89.0,0.9,0.7,0.0,3.0,0.5612570962719353,0.43874290372806496
1205,1,23.0,2.0,1.0,0.0,0.0,7.0,218.0,1.0,2.0,4.0,0.0,0.49,75.0,1.0,0.0,11.0,1.0,6.9,1.0,1.0,1.4,0.0,124.0,0.8,0.8,0.0,2.0,0.5265250830421171,0.47347491695788274
1205,2,7.0,5.0,2.0,0.0,3.0,12.0,296.0,1.0,0.0,4.0,10.0,0.64,70.0,1.0,0.0,23.0,2.0,7.9,1.0,1.0,1.7,0.0,89.0,0.9,0.7,0.0,3.0,0.5612570962719353,0.43874290372806496
1205,3,7.0,5.0,2.0,0.0,3.0,12.0,296.0,1.0,0.0,4.0,10.0,0.64,70.0,1.0,0.0,23.0,2.0,7.9,1.0,1.0,1.7,0.0,89.0,0.9,0.7,0.0,3.0,0.5612570962719353,0.43874290372806496
1205,4,0.0,3.0,1.0,0.0,0.0,6.0,344.0,1.0,11.0,24.0,33.0,0.63,94.0,1.0,1.0,18.0,2.0,8.3,0.0,1.0,1.0,0.0,14.0,1.0,1.0,0.0,2.0,0.7981599066933536,0.20184009330664648
1209,0,1.0,0.0,1.0,0.0,0.0,11.0,176.0,1.0,0.0,22.0,12.0,0.51,81.0,1.0,0.0,19.0,2.0,6.8,1.0,1.0,1.9,0.0,1.0,1.0,1.0,0.0,3.0,0.7242862023602848,0.2757137976397153
1260,0,2.0,0.0,3.0,3.0,0.0,33.0,395.0,1.0,0.0,9.0,8.0,0.57,55.0,1.0,0.0,15.0,2.0,8.7,1.0,1.0,2.7,0.0,3.0,0.9,1.0,0.0,2.0,0.8304436190419284,0.16955638095807155
1260,1,2.0,0.0,3.0,3.0,0.0,33.0,395.0,1.0,0.0,9.0,8.0,0.57,55.0,1.0,0.0,15.0,2.0,8.7,1.0,1.0,2.7,0.0,3.0,0.9,1.0,0.0,2.0,0.8304436190419284,0.16955638095807155
1260,2,0.0,3.0,1.0,0.0,0.0,6.0,344.0,1.0,11.0,24.0,33.0,0.63,94.0,1.0,1.0,18.0,2.0,8.3,0.0,1.0,1.0,0.0,14.0,1.0,1.0,0.0,2.0,0.7981599066933536,0.20184009330664648
1262,0,1.0,0.0,2.0,0.0,0.0,8.0,123.0,1.0,1.0,6.0,9.0,0.64,83.0,4.0,0.0,10.0,1.0,5.5,1.0,1.0,1.0,0.0,0.0,1.0,1.0,0.0,1.0,0.6539524484810967,0.34604755151890326
1266,0,7.0,2.0,1.0,4.0,0.0,11.0,262.0,1.0,0.0,12.0,10.0,0.82,81.0,1.0,0.0,20.0,4.0,6.6,0.0,1.0,1.3,0.0,0.0,0.9,0.0,0.0,1.0,0.7007385297244066,0.29926147027559363
1266,1,7.0,2.0,3.0,10.0,0.0,10.0,254.0,1.0,4.0,17.0,7.0,0.34,86.0,1.0,0.0,31.0,3.0,6.8,1.0,1.0,2.2,0.0,0.0,0.9,0.0,0.0,2.0,0.7963098752342984,0.20369012476570164
1266,2,2.0,0.0,1.0,0.0,0.0,7.0,257.0,1.0,0.0,12.0,23.0,1.67,91.0,1.0,0.0,11.0,2.0,2.4,1.0,1.0,0.5,0.0,0.0,1.0,0.0,0.0,2.0,0.7658283786305204,0.23417162136947944
1272,0,6.0,4.0,1.0,13.0,3.0,11.0,490.0,8.0,11.0,12.0,13.0,0.58,92.0,4.0,3.0,13.0,2.0,3.4,0.0,1.0,0.8,0.0,0.0,1.0,0.0,0.0,2.0,0.6482789012597504,0.3517210987402495
1272,1,0.0,0.0,1.0,7.0,0.0,12.0,522.0,1.0,0.0,0.0,37.0,10.04,100.0,0.0,0.0,4.0,0.0,0.0,0.0,0.0,0.0,0.0,0.0,1.0,0.0,0.0,0.0,0.8254488802797425,0.1745511197202575
1272,2,5.0,0.0,4.0,4.0,9.0,40.0,502.0,1.0,0.0,5.0,7.0,0.47,80.0,1.0,0.0,19.0,1.0,12.2,3.0,1.0,2.6,0.0,23.0,1.0,0.2,0.0,3.0,0.8274644845047746,0.17253551549522542
1272,3,0.0,0.0,1.0,7.0,0.0,12.0,522.0,1.0,0.0,0.0,37.0,10.04,100.0,0.0,0.0,4.0,0.0,0.0,0.0,0.0,0.0,0.0,0.0,1.0,0.0,0.0,0.0,0.8254488802797425,0.1745511197202575
1274,0,0.0,0.0,1.0,7.0,0.0,12.0,522.0,1.0,0.0,0.0,37.0,10.04,100.0,0.0,0.0,4.0,0.0,0.0,0.0,0.0,0.0,0.0,0.0,1.0,0.0,0.0,0.0,0.8254488802797425,0.1745511197202575
1274,1,0.0,0.0,1.0,7.0,0.0,12.0,522.0,1.0,0.0,0.0,37.0,10.04,100.0,0.0,0.0,4.0,0.0,0.0,0.0,0.0,0.0,0.0,0.0,1.0,0.0,0.0,0.0,0.8254488802797425,0.1745511197202575
1274,2,0.0,0.0,1.0,7.0,0.0,12.0,522.0,1.0,0.0,0.0,37.0,10.04,100.0,0.0,0.0,4.0,0.0,0.0,0.0,0.0,0.0,0.0,0.0,1.0,0.0,0.0,0.0,0.8254488802797425,0.1745511197202575
1274,3,0.0,0.0,1.0,7.0,0.0,12.0,522.0,1.0,0.0,0.0,37.0,10.04,100.0,0.0,0.0,4.0,0.0,0.0,0.0,0.0,0.0,0.0,0.0,1.0,0.0,0.0,0.0,0.8254488802797425,0.1745511197202575
1274,4,5.0,0.0,4.0,4.0,9.0,40.0,502.0,1.0,0.0,5.0,7.0,0.47,80.0,1.0,0.0,19.0,1.0,12.2,3.0,1.0,2.6,0.0,23.0,1.0,0.2,0.0,3.0,0.8274644845047746,0.17253551549522542
1283,0,7.0,5.0,2.0,0.0,3.0,12.0,299.0,1.0,0.0,4.0,10.0,0.65,70.0,1.0,0.0,25.0,2.0,7.8,1.0,1.0,1.7,0.0,17.0,0.9,1.0,0.0,3.0,0.639803329188219,0.36019667081178103
1283,1,1.0,6.0,2.0,0.0,0.0,7.0,274.0,1.0,1.0,17.0,18.0,0.79,88.0,1.0,0.0,24.0,3.0,3.1,0.0,1.0,1.1,0.0,0.0,1.0,0.0,0.0,2.0,0.720236532987471,0.27976346701252885
1283,2,5.0,6.0,2.0,0.0,0.0,10.0,300.0,1.0,0.0,7.0,12.0,0.92,82.0,1.0,0.0,13.0,2.0,3.3,1.0,1.0,1.7,0.0,0.0,1.0,0.0,0.0,0.0,0.8815973914189266,0.11840260858107336
1283,3,1.0,6.0,2.0,0.0,0.0,7.0,274.0,1.0,1.0,17.0,18.0,0.79,88.0,1.0,0.0,24.0,3.0,3.1,0.0,1.0,1.1,0.0,0.0,1.0,0.0,0.0,2.0,0.720236532987471,0.27976346701252885
1285,0,0.0,0.0,1.0,0.0,0.0,4.0,44.0,1.0,1.0,1.0,4.0,0.41,60.0,5.0,1.0,3.0,1.0,9.6,0.0,2.0,0.0,0.0,0.0,1.0,1.0,0.0,2.0,0.7819102190484142,0.21808978095158568
1287,0,4.0,1.0,1.0,0.0,0.0,10.0,145.0,1.0,1.0,5.0,2.0,0.51,80.0,2.0,0.0,26.0,1.0,4.0,0.0,0.0,1.9,0.0,1.0,1.0,0.5,0.0,1.0,0.8030398495493025,0.1969601504506974
1289,0,1.0,6.0,2.0,0.0,0.0,7.0,274.0,1.0,1.0,17.0,18.0,0.79,88.0,1.0,0.0,24.0,3.0,3.1,0.0,1.0,1.1,0.0,0.0,1.0,0.0,0.0,2.0,0.720236532987471,0.27976346701252885
1295,0,12.0,4.0,1.0,3.0,0.0,5.0,431.0,1.0,1.0,18.0,43.0,0.61,89.0,1.0,0.0,20.0,2.0,7.0,1.0,1.0,0.9,0.0,0.0,1.0,0.0,0.0,1.0,0.5052496261407723,0.4947503738592278
1295,1,12.0,4.0,1.0,3.0,0.0,5.0,431.0,1.0,1.0,18.0,43.0,0.61,89.0,1.0,0.0,20.0,2.0,7.0,1.0,1.0,0.9,0.0,0.0,1.0,0.0,0.0,1.0,0.5052496261407723,0.4947503738592278
1295,2,12.0,4.0,1.0,3.0,0.0,5.0,431.0,1.0,1.0,18.0,43.0,0.61,89.0,1.0,0.0,20.0,2.0,7.0,1.0,1.0,0.9,0.0,0.0,1.0,0.0,0.0,1.0,0.5052496261407723,0.4947503738592278
1304,0,0.0,0.0,1.0,5.0,0.0,17.0,639.0,1.0,0.0,0.0,34.0,11.62,100.0,0.0,0.0,7.0,0.0,0.0,0.0,0.0,0.0,0.0,0.0,1.0,0.0,0.0,0.0,0.7762992231944539,0.22370077680554604
1304,1,0.0,0.0,1.0,5.0,0.0,17.0,639.0,1.0,0.0,0.0,34.0,11.62,100.0,0.0,0.0,7.0,0.0,0.0,0.0,0.0,0.0,0.0,0.0,1.0,0.0,0.0,0.0,0.7762992231944539,0.22370077680554604
1304,2,0.0,0.0,1.0,5.0,0.0,17.0,639.0,1.0,0.0,0.0,34.0,11.62,100.0,0.0,0.0,7.0,0.0,0.0,0.0,0.0,0.0,0.0,0.0,1.0,0.0,0.0,0.0,0.7762992231944539,0.22370077680554604
1304,3,28.0,0.0,2.0,16.0,3.0,4.0,599.0,1.0,5.0,0.0,1.0,0.71,95.0,1.0,3.0,9.0,1.0,4.5,0.0,1.0,1.2,0.0,0.0,0.9,0.0,0.0,5.0,0.5470497303828133,0.45295026961718665
1304,4,0.0,0.0,1.0,7.0,0.0,12.0,522.0,1.0,0.0,0.0,37.0,10.04,100.0,0.0,0.0,4.0,0.0,0.0,0.0,0.0,0.0,0.0,0.0,1.0,0.0,0.0,0.0,0.8254488802797425,0.1745511197202575
1308,0,4.0,0.0,2.0,4.0,0.0,8.0,167.0,1.0,0.0,23.0,10.0,0.45,81.0,1.0,0.0,20.0,2.0,11.1,0.0,1.0,1.6,0.0,72.0,0.8,0.3,0.0,2.0,0.551986617494954,0.448013382505046
1311,0,1.0,3.0,1.0,22.0,6.0,12.0,837.0,1.0,31.0,13.0,18.0,0.83,93.0,1.0,2.0,20.0,3.0,8.2,0.0,0.0,1.1,0.0,26.0,1.0,0.4,0.0,4.0,0.6548101049567265,0.3451898950432735
1311,1,0.0,0.0,1.0,0.0,0.0,11.0,646.0,1.0,0.0,0.0,53.0,7.6,0.0,1.0,0.0,7.0,1.0,0.0,0.0,0.0,0.0,0.0,3.0,1.0,1.0,0.0,0.0,0.7996376147026699,0.2003623852973299
1311,2,0.0,0.0,1.0,0.0,0.0,4.0,722.0,1.0,3.0,3.0,139.0,1.23,98.0,1.0,1.0,14.0,2.0,0.4,0.0,0.0,0.1,0.0,0.0,1.0,0.0,0.0,1.0,0.7550587803613593,0.24494121963864088
1311,3,1.0,3.0,1.0,22.0,6.0,12.0,837.0,1.0,31.0,13.0,18.0,0.83,93.0,1.0,2.0,20.0,3.0,8.2,0.0,0.0,1.1,0.0,26.0,1.0,0.4,0.0,4.0,0.6548101049567265,0.3451898950432735
1311,4,0.0,0.0,1.0,0.0,0.0,4.0,722.0,1.0,3.0,3.0,139.0,1.23,98.0,1.0,1.0,14.0,2.0,0.4,0.0,0.0,0.1,0.0,0.0,1.0,0.0,0.0,1.0,0.7550587803613593,0.24494121963864088
1370,0,7.0,2.0,1.0,4.0,0.0,11.0,262.0,1.0,0.0,12.0,10.0,0.82,81.0,1.0,0.0,20.0,4.0,6.6,0.0,1.0,1.3,0.0,0.0,0.9,0.0,0.0,1.0,0.7007385297244066,0.29926147027559363
1370,1,7.0,2.0,3.0,10.0,0.0,10.0,254.0,1.0,4.0,17.0,7.0,0.34,86.0,1.0,0.0,31.0,3.0,6.8,1.0,1.0,2.2,0.0,0.0,0.9,0.0,0.0,2.0,0.7963098752342984,0.20369012476570164
1370,2,7.0,2.0,1.0,4.0,0.0,11.0,262.0,1.0,0.0,12.0,10.0,0.82,81.0,1.0,0.0,20.0,4.0,6.6,0.0,1.0,1.3,0.0,0.0,0.9,0.0,0.0,1.0,0.7007385297244066,0.29926147027559363
1389,0,0.0,0.0,1.0,0.0,0.0,11.0,646.0,1.0,0.0,0.0,53.0,7.6,0.0,1.0,0.0,7.0,1.0,0.0,0.0,0.0,0.0,0.0,3.0,1.0,1.0,0.0,0.0,0.7996376147026699,0.2003623852973299
1389,1,0.0,0.0,1.0,5.0,0.0,17.0,639.0,1.0,0.0,0.0,34.0,11.62,100.0,0.0,0.0,7.0,0.0,0.0,0.0,0.0,0.0,0.0,0.0,1.0,0.0,0.0,0.0,0.7762992231944539,0.22370077680554604
1389,2,0.0,0.0,1.0,5.0,0.0,17.0,639.0,1.0,0.0,0.0,34.0,11.62,100.0,0.0,0.0,7.0,0.0,0.0,0.0,0.0,0.0,0.0,0.0,1.0,0.0,0.0,0.0,0.7762992231944539,0.22370077680554604
1389,3,0.0,0.0,1.0,5.0,0.0,17.0,639.0,1.0,0.0,0.0,34.0,11.62,100.0,0.0,0.0,7.0,0.0,0.0,0.0,0.0,0.0,0.0,0.0,1.0,0.0,0.0,0.0,0.7762992231944539,0.22370077680554604
1389,4,0.0,0.0,1.0,0.0,0.0,11.0,646.0,1.0,0.0,0.0,53.0,7.6,0.0,1.0,0.0,7.0,1.0,0.0,0.0,0.0,0.0,0.0,3.0,1.0,1.0,0.0,0.0,0.7996376147026699,0.2003623852973299
1391,0,1.0,3.0,1.0,22.0,6.0,12.0,837.0,1.0,31.0,13.0,18.0,0.83,93.0,1.0,2.0,20.0,3.0,8.2,0.0,0.0,1.1,0.0,26.0,1.0,0.4,0.0,4.0,0.6548101049567265,0.3451898950432735
1391,1,0.0,0.0,1.0,0.0,0.0,4.0,722.0,1.0,3.0,3.0,139.0,1.23,98.0,1.0,1.0,14.0,2.0,0.4,0.0,0.0,0.1,0.0,0.0,1.0,0.0,0.0,1.0,0.7550587803613593,0.24494121963864088
1391,2,1.0,3.0,1.0,22.0,6.0,12.0,837.0,1.0,31.0,13.0,18.0,0.83,93.0,1.0,2.0,20.0,3.0,8.2,0.0,0.0,1.1,0.0,26.0,1.0,0.4,0.0,4.0,0.6548101049567265,0.3451898950432735
1395,0,0.0,0.0,1.0,0.0,0.0,11.0,358.0,1.0,3.0,13.0,24.0,0.83,87.0,1.0,1.0,22.0,1.0,9.3,1.0,0.0,0.9,0.0,4.0,1.0,0.5,0.0,2.0,0.7309786070506635,0.26902139294933636
1417,0,1.0,3.0,1.0,22.0,6.0,12.0,837.0,1.0,31.0,13.0,18.0,0.83,93.0,1.0,2.0,20.0,3.0,8.2,0.0,0.0,1.1,0.0,26.0,1.0,0.4,0.0,4.0,0.6548101049567265,0.3451898950432735
1417,1,0.0,0.0,1.0,0.0,0.0,4.0,722.0,1.0,3.0,3.0,139.0,1.23,98.0,1.0,1.0,14.0,2.0,0.4,0.0,0.0,0.1,0.0,0.0,1.0,0.0,0.0,1.0,0.7550587803613593,0.24494121963864088
1436,0,4.0,6.0,1.0,0.0,0.0,8.0,443.0,1.0,5.0,12.0,26.0,0.75,90.0,1.0,1.0,35.0,5.0,3.7,0.0,0.0,0.5,0.0,2.0,1.0,0.5,0.0,3.0,0.5320332881125494,0.4679667118874505
1436,1,4.0,6.0,1.0,0.0,0.0,8.0,443.0,1.0,5.0,12.0,26.0,0.75,90.0,1.0,1.0,35.0,5.0,3.7,0.0,0.0,0.5,0.0,2.0,1.0,0.5,0.0,3.0,0.5320332881125494,0.4679667118874505
1436,2,12.0,4.0,1.0,3.0,0.0,5.0,431.0,1.0,1.0,18.0,43.0,0.61,89.0,1.0,0.0,20.0,2.0,7.0,1.0,1.0,0.9,0.0,0.0,1.0,0.0,0.0,1.0,0.5052496261407723,0.4947503738592278
1436,3,4.0,6.0,1.0,0.0,0.0,8.0,443.0,1.0,5.0,12.0,26.0,0.75,90.0,1.0,1.0,35.0,5.0,3.7,0.0,0.0,0.5,0.0,2.0,1.0,0.5,0.0,3.0,0.5320332881125494,0.4679667118874505
1464,0,0.0,0.0,1.0,0.0,0.0,11.0,358.0,1.0,3.0,13.0,24.0,0.83,87.0,1.0,1.0,22.0,1.0,9.3,1.0,0.0,0.9,0.0,4.0,1.0,0.5,0.0,2.0,0.7309786070506635,0.26902139294933636
1468,0,0.0,0.0,1.0,0.0,0.0,4.0,722.0,1.0,3.0,3.0,139.0,1.23,98.0,1.0,1.0,14.0,2.0,0.4,0.0,0.0,0.1,0.0,0.0,1.0,0.0,0.0,1.0,0.7550587803613593,0.24494121963864088
1469,0,0.0,0.0,1.0,4.0,0.0,5.0,205.0,1.0,2.0,1.0,31.0,2.56,99.0,2.0,1.0,15.0,2.0,2.4,0.0,0.0,0.1,0.0,0.0,0.9,0.0,0.0,5.0,0.5303724062179905,0.46962759378200947
1469,1,0.0,0.0,1.0,0.0,0.0,2.0,172.0,1.0,0.0,1.0,34.0,0.86,97.0,1.0,0.0,17.0,3.0,0.7,0.0,0.0,0.4,0.0,3.0,0.7,1.0,0.0,3.0,0.5740489043846445,0.42595109561535555
1472,0,0.0,0.0,1.0,0.0,0.0,11.0,646.0,1.0,0.0,0.0,53.0,7.6,0.0,1.0,0.0,7.0,1.0,0.0,0.0,0.0,0.0,0.0,3.0,1.0,1.0,0.0,0.0,0.7996376147026699,0.2003623852973299
1472,1,0.0,0.0,1.0,5.0,0.0,17.0,639.0,1.0,0.0,0.0,34.0,11.62,100.0,0.0,0.0,7.0,0.0,0.0,0.0,0.0,0.0,0.0,0.0,1.0,0.0,0.0,0.0,0.7762992231944539,0.22370077680554604
1472,2,0.0,0.0,1.0,5.0,0.0,17.0,639.0,1.0,0.0,0.0,34.0,11.62,100.0,0.0,0.0,7.0,0.0,0.0,0.0,0.0,0.0,0.0,0.0,1.0,0.0,0.0,0.0,0.7762992231944539,0.22370077680554604
1472,3,0.0,0.0,1.0,0.0,0.0,4.0,722.0,1.0,3.0,3.0,139.0,1.23,98.0,1.0,1.0,14.0,2.0,0.4,0.0,0.0,0.1,0.0,0.0,1.0,0.0,0.0,1.0,0.7550587803613593,0.24494121963864088
1472,4,0.0,0.0,1.0,0.0,0.0,11.0,646.0,1.0,0.0,0.0,53.0,7.6,0.0,1.0,0.0,7.0,1.0,0.0,0.0,0.0,0.0,0.0,3.0,1.0,1.0,0.0,0.0,0.7996376147026699,0.2003623852973299
1491,0,0.0,0.0,1.0,0.0,0.0,4.0,722.0,1.0,3.0,3.0,139.0,1.23,98.0,1.0,1.0,14.0,2.0,0.4,0.0,0.0,0.1,0.0,0.0,1.0,0.0,0.0,1.0,0.7550587803613593,0.24494121963864088
1491,1,1.0,3.0,1.0,22.0,6.0,12.0,837.0,1.0,31.0,13.0,18.0,0.83,93.0,1.0,2.0,20.0,3.0,8.2,0.0,0.0,1.1,0.0,26.0,1.0,0.4,0.0,4.0,0.6548101049567265,0.3451898950432735
1491,2,1.0,3.0,1.0,22.0,6.0,12.0,837.0,1.0,31.0,13.0,18.0,0.83,93.0,1.0,2.0,20.0,3.0,8.2,0.0,0.0,1.1,0.0,26.0,1.0,0.4,0.0,4.0,0.6548101049567265,0.3451898950432735
1491,3,0.0,0.0,1.0,5.0,0.0,17.0,639.0,1.0,0.0,0.0,34.0,11.62,100.0,0.0,0.0,7.0,0.0,0.0,0.0,0.0,0.0,0.0,0.0,1.0,0.0,0.0,0.0,0.7762992231944539,0.22370077680554604
1491,4,0.0,0.0,1.0,0.0,0.0,11.0,646.0,1.0,0.0,0.0,53.0,7.6,0.0,1.0,0.0,7.0,1.0,0.0,0.0,0.0,0.0,0.0,3.0,1.0,1.0,0.0,0.0,0.7996376147026699,0.2003623852973299
1513,0,0.0,0.0,1.0,4.0,0.0,5.0,205.0,1.0,2.0,1.0,31.0,2.56,99.0,2.0,1.0,15.0,2.0,2.4,0.0,0.0,0.1,0.0,0.0,0.9,0.0,0.0,5.0,0.5303724062179905,0.46962759378200947
1543,0,0.0,0.0,0.0,0.0,0.0,0.0,43.0,1.0,0.0,209.0,0.0,0.2,0.0,0.0,0.0,0.0,0.0,0.0,0.0,0.0,0.0,0.0,0.0,1.0,0.0,0.0,1.0,0.7578595308666946,0.2421404691333052
1543,1,0.0,0.0,1.0,7.0,0.0,12.0,522.0,1.0,0.0,0.0,37.0,10.04,100.0,0.0,0.0,4.0,0.0,0.0,0.0,0.0,0.0,0.0,0.0,1.0,0.0,0.0,0.0,0.8254488802797425,0.1745511197202575
1543,2,28.0,0.0,2.0,16.0,3.0,4.0,599.0,1.0,5.0,0.0,1.0,0.71,95.0,1.0,3.0,9.0,1.0,4.5,0.0,1.0,1.2,0.0,0.0,0.9,0.0,0.0,5.0,0.5470497303828133,0.45295026961718665
2387,0,1.0,0.0,1.0,1.0,5.0,10.0,152.0,1.0,0.0,1.0,11.0,1.04,87.0,1.0,0.0,1.0,1.0,6.2,2.0,2.0,1.4,0.0,0.0,1.0,0.0,0.0,2.0,0.8217277353276836,0.17827226467231647
2387,1,0.0,0.0,1.0,7.0,0.0,10.0,159.0,1.0,0.0,4.0,12.0,0.98,87.0,1.0,0.0,14.0,5.0,2.4,0.0,0.0,0.9,0.0,3.0,1.0,1.0,0.0,3.0,0.8949871384007821,0.10501286159921794
1638,0,7.0,5.0,2.0,0.0,3.0,12.0,296.0,1.0,0.0,4.0,10.0,0.64,70.0,1.0,0.0,23.0,2.0,7.9,1.0,1.0,1.7,0.0,89.0,0.9,0.7,0.0,3.0,0.5612570962719353,0.43874290372806496
1638,1,7.0,5.0,2.0,0.0,3.0,12.0,296.0,1.0,0.0,4.0,10.0,0.64,70.0,1.0,0.0,23.0,2.0,7.9,1.0,1.0,1.7,0.0,89.0,0.9,0.7,0.0,3.0,0.5612570962719353,0.43874290372806496
1638,2,7.0,5.0,2.0,0.0,3.0,12.0,296.0,1.0,0.0,4.0,10.0,0.64,70.0,1.0,0.0,23.0,2.0,7.9,1.0,1.0,1.7,0.0,89.0,0.9,0.7,0.0,3.0,0.5612570962719353,0.43874290372806496
1638,3,7.0,5.0,2.0,0.0,3.0,12.0,296.0,1.0,0.0,4.0,10.0,0.64,70.0,1.0,0.0,23.0,2.0,7.9,1.0,1.0,1.7,0.0,89.0,0.9,0.7,0.0,3.0,0.5612570962719353,0.43874290372806496
1638,4,23.0,2.0,1.0,0.0,0.0,7.0,218.0,1.0,2.0,4.0,0.0,0.49,75.0,1.0,0.0,11.0,1.0,6.9,1.0,1.0,1.4,0.0,124.0,0.8,0.8,0.0,2.0,0.5265250830421171,0.47347491695788274
1641,0,0.0,0.0,1.0,0.0,0.0,11.0,226.0,1.0,0.0,0.0,17.0,6.11,0.0,1.0,1.0,1.0,1.0,0.0,0.0,0.0,0.0,0.0,283.0,1.0,1.0,0.0,0.0,0.8323725439288301,0.16762745607117005
1641,1,2.0,0.0,1.0,14.0,1.0,10.0,241.0,2.0,0.0,2.0,9.0,1.76,93.0,2.0,0.0,2.0,2.0,2.5,0.0,1.0,1.1,0.0,406.0,1.0,1.0,0.0,0.0,0.5955364869200831,0.404463513079917
1641,2,0.0,0.0,1.0,3.0,0.0,9.0,224.0,1.0,0.0,0.0,21.0,8.3,100.0,0.0,6.0,1.0,0.0,10.9,1.0,1.0,0.0,0.0,277.0,1.0,1.0,0.0,0.0,0.8728055713745557,0.12719442862544414
1641,3,0.0,0.0,1.0,0.0,0.0,11.0,226.0,1.0,0.0,0.0,17.0,6.11,0.0,1.0,1.0,1.0,1.0,0.0,0.0,0.0,0.0,0.0,283.0,1.0,1.0,0.0,0.0,0.8323725439288301,0.16762745607117005
1641,4,0.0,0.0,1.0,0.0,0.0,13.0,520.0,1.0,0.0,0.0,37.0,8.0,0.0,1.0,8.0,11.0,1.0,75.7,2.0,0.0,0.0,0.0,625.0,1.0,1.0,0.0,0.0,0.563063017298688,0.43693698270131187
1648,0,1.0,1.0,1.0,2.0,0.0,4.0,338.0,1.0,3.0,2.0,49.0,0.77,78.0,3.0,0.0,15.0,1.0,2.1,0.0,1.0,0.5,0.0,0.0,1.0,0.0,0.0,3.0,0.5393677093208425,0.46063229067915756
1648,1,0.0,3.0,1.0,0.0,0.0,6.0,344.0,1.0,11.0,24.0,33.0,0.63,94.0,1.0,1.0,18.0,2.0,8.3,0.0,1.0,1.0,0.0,14.0,1.0,1.0,0.0,2.0,0.7981599066933536,0.20184009330664648
1668,0,7.0,0.0,3.0,0.0,11.0,14.0,284.0,1.0,0.0,0.0,4.0,0.56,0.0,1.0,0.0,15.0,1.0,9.5,4.0,2.0,3.5,0.0,1.0,1.0,0.5,0.0,2.0,0.8750459885255216,0.12495401147447861
1668,1,2.0,6.0,2.0,0.0,0.0,10.0,312.0,1.0,0.0,2.0,17.0,0.59,54.0,1.0,0.0,15.0,2.0,3.9,1.0,1.0,2.2,0.0,1.0,0.9,1.0,0.0,3.0,0.7514250151782745,0.24857498482172538
1668,2,4.0,2.0,1.0,0.0,35.0,4.0,263.0,1.0,1.0,0.0,43.0,0.15,0.0,4.0,0.0,14.0,1.0,2.5,0.0,0.0,0.8,0.0,0.0,0.9,0.0,0.0,2.0,0.5095107716670518,0.49048922833294806
1669,0,0.0,0.0,1.0,7.0,0.0,12.0,522.0,1.0,0.0,0.0,37.0,10.04,100.0,0.0,0.0,4.0,0.0,0.0,0.0,0.0,0.0,0.0,0.0,1.0,0.0,0.0,0.0,0.8254488802797425,0.1745511197202575
1669,1,0.0,0.0,1.0,7.0,0.0,12.0,522.0,1.0,0.0,0.0,37.0,10.04,100.0,0.0,0.0,4.0,0.0,0.0,0.0,0.0,0.0,0.0,0.0,1.0,0.0,0.0,0.0,0.8254488802797425,0.1745511197202575
1669,2,0.0,0.0,1.0,7.0,0.0,12.0,522.0,1.0,0.0,0.0,37.0,10.04,100.0,0.0,0.0,4.0,0.0,0.0,0.0,0.0,0.0,0.0,0.0,1.0,0.0,0.0,0.0,0.8254488802797425,0.1745511197202575
1669,3,6.0,4.0,1.0,13.0,3.0,11.0,490.0,8.0,11.0,12.0,13.0,0.58,92.0,4.0,3.0,13.0,2.0,3.4,0.0,1.0,0.8,0.0,0.0,1.0,0.0,0.0,2.0,0.6482789012597504,0.3517210987402495
1669,4,0.0,0.0,1.0,7.0,0.0,12.0,522.0,1.0,0.0,0.0,37.0,10.04,100.0,0.0,0.0,4.0,0.0,0.0,0.0,0.0,0.0,0.0,0.0,1.0,0.0,0.0,0.0,0.8254488802797425,0.1745511197202575
1671,0,2.0,1.0,1.0,0.0,2.0,4.0,136.0,1.0,2.0,2.0,18.0,0.57,78.0,1.0,2.0,20.0,2.0,4.7,0.0,1.0,1.2,0.0,0.0,1.0,0.0,0.0,0.0,0.8617306526205787,0.13826934737942118
1675,0,1.0,0.0,1.0,1.0,0.0,5.0,88.0,1.0,2.0,12.0,8.0,0.75,86.0,1.0,1.0,3.0,2.0,7.6,0.0,1.0,0.3,0.0,60.0,1.0,1.0,0.0,1.0,0.9067301277944801,0.09326987220551988
1675,1,0.0,0.0,1.0,0.0,0.0,12.0,118.0,1.0,0.0,7.0,6.0,1.62,69.0,1.0,0.0,7.0,2.0,6.2,0.0,2.0,0.8,0.0,62.0,0.7,1.0,0.0,1.0,0.6268064559536639,0.373193544046336
1675,2,0.0,0.0,1.0,0.0,0.0,12.0,118.0,1.0,0.0,7.0,6.0,1.62,69.0,1.0,0.0,7.0,2.0,6.2,0.0,2.0,0.8,0.0,62.0,0.7,1.0,0.0,1.0,0.6268064559536639,0.373193544046336
1675,3,1.0,0.0,1.0,1.0,0.0,5.0,88.0,1.0,2.0,12.0,8.0,0.75,86.0,1.0,1.0,3.0,2.0,7.6,0.0,1.0,0.3,0.0,60.0,1.0,1.0,0.0,1.0,0.9067301277944801,0.09326987220551988
1683,0,0.0,0.0,1.0,0.0,0.0,11.0,646.0,1.0,0.0,0.0,53.0,7.6,0.0,1.0,0.0,7.0,1.0,0.0,0.0,0.0,0.0,0.0,3.0,1.0,1.0,0.0,0.0,0.7996376147026699,0.2003623852973299
1683,1,1.0,3.0,1.0,22.0,6.0,12.0,837.0,1.0,31.0,13.0,18.0,0.83,93.0,1.0,2.0,20.0,3.0,8.2,0.0,0.0,1.1,0.0,26.0,1.0,0.4,0.0,4.0,0.6548101049567265,0.3451898950432735
1683,2,0.0,0.0,1.0,0.0,0.0,4.0,722.0,1.0,3.0,3.0,139.0,1.23,98.0,1.0,1.0,14.0,2.0,0.4,0.0,0.0,0.1,0.0,0.0,1.0,0.0,0.0,1.0,0.7550587803613593,0.24494121963864088
1683,3,1.0,3.0,1.0,22.0,6.0,12.0,837.0,1.0,31.0,13.0,18.0,0.83,93.0,1.0,2.0,20.0,3.0,8.2,0.0,0.0,1.1,0.0,26.0,1.0,0.4,0.0,4.0,0.6548101049567265,0.3451898950432735
1687,0,9.0,0.0,1.0,11.0,1.0,9.0,270.0,1.0,0.0,0.0,18.0,0.38,92.0,4.0,0.0,6.0,1.0,5.7,1.0,1.0,0.8,0.0,0.0,1.0,0.0,0.0,0.0,0.5243687493701727,0.47563125062982725
1687,1,9.0,0.0,1.0,11.0,1.0,9.0,270.0,1.0,0.0,0.0,18.0,0.38,92.0,4.0,0.0,6.0,1.0,5.7,1.0,1.0,0.8,0.0,0.0,1.0,0.0,0.0,0.0,0.5243687493701727,0.47563125062982725
1687,2,5.0,6.0,2.0,0.0,0.0,10.0,300.0,1.0,0.0,7.0,12.0,0.92,82.0,1.0,0.0,13.0,2.0,3.3,1.0,1.0,1.7,0.0,0.0,1.0,0.0,0.0,0.0,0.8815973914189266,0.11840260858107336
1687,3,2.0,0.0,1.0,0.0,0.0,7.0,257.0,1.0,0.0,12.0,23.0,1.67,91.0,1.0,0.0,11.0,2.0,2.4,1.0,1.0,0.5,0.0,0.0,1.0,0.0,0.0,2.0,0.7658283786305204,0.23417162136947944
1690,0,0.0,0.0,1.0,7.0,0.0,10.0,159.0,1.0,0.0,4.0,12.0,0.98,87.0,1.0,0.0,14.0,5.0,2.4,0.0,0.0,0.9,0.0,3.0,1.0,1.0,0.0,3.0,0.8949871384007821,0.10501286159921794
1690,1,1.0,0.0,1.0,1.0,5.0,10.0,152.0,1.0,0.0,1.0,11.0,1.04,87.0,1.0,0.0,1.0,1.0,6.2,2.0,2.0,1.4,0.0,0.0,1.0,0.0,0.0,2.0,0.8217277353276836,0.17827226467231647
2400,0,1.0,3.0,1.0,22.0,6.0,12.0,837.0,1.0,31.0,13.0,18.0,0.83,93.0,1.0,2.0,20.0,3.0,8.2,0.0,0.0,1.1,0.0,26.0,1.0,0.4,0.0,4.0,0.6548101049567265,0.3451898950432735
2400,1,0.0,0.0,1.0,0.0,0.0,11.0,646.0,1.0,0.0,0.0,53.0,7.6,0.0,1.0,0.0,7.0,1.0,0.0,0.0,0.0,0.0,0.0,3.0,1.0,1.0,0.0,0.0,0.7996376147026699,0.2003623852973299
2400,2,1.0,3.0,1.0,22.0,6.0,12.0,837.0,1.0,31.0,13.0,18.0,0.83,93.0,1.0,2.0,20.0,3.0,8.2,0.0,0.0,1.1,0.0,26.0,1.0,0.4,0.0,4.0,0.6548101049567265,0.3451898950432735
2400,3,0.0,0.0,1.0,0.0,0.0,4.0,722.0,1.0,3.0,3.0,139.0,1.23,98.0,1.0,1.0,14.0,2.0,0.4,0.0,0.0,0.1,0.0,0.0,1.0,0.0,0.0,1.0,0.7550587803613593,0.24494121963864088
2400,4,1.0,3.0,1.0,22.0,6.0,12.0,837.0,1.0,31.0,13.0,18.0,0.83,93.0,1.0,2.0,20.0,3.0,8.2,0.0,0.0,1.1,0.0,26.0,1.0,0.4,0.0,4.0,0.6548101049567265,0.3451898950432735
1717,0,1.0,0.0,1.0,1.0,0.0,5.0,88.0,1.0,2.0,12.0,8.0,0.75,86.0,1.0,1.0,3.0,2.0,7.6,0.0,1.0,0.3,0.0,60.0,1.0,1.0,0.0,1.0,0.9067301277944801,0.09326987220551988
1717,1,1.0,0.0,2.0,1.0,0.0,3.0,68.0,2.0,0.0,8.0,5.0,0.41,53.0,1.0,0.0,7.0,3.0,5.7,2.0,2.0,1.2,0.0,60.0,0.9,0.5,0.0,4.0,0.8184107191935173,0.18158928080648265
1730,0,4.0,2.0,1.0,0.0,35.0,4.0,263.0,1.0,1.0,0.0,43.0,0.15,0.0,4.0,0.0,14.0,1.0,2.5,0.0,0.0,0.8,0.0,0.0,0.9,0.0,0.0,2.0,0.5095107716670518,0.49048922833294806
1730,1,7.0,0.0,3.0,0.0,11.0,14.0,284.0,1.0,0.0,0.0,4.0,0.56,0.0,1.0,0.0,15.0,1.0,9.5,4.0,2.0,3.5,0.0,1.0,1.0,0.5,0.0,2.0,0.8750459885255216,0.12495401147447861
1730,2,2.0,6.0,2.0,0.0,0.0,10.0,312.0,1.0,0.0,2.0,17.0,0.59,54.0,1.0,0.0,15.0,2.0,3.9,1.0,1.0,2.2,0.0,1.0,0.9,1.0,0.0,3.0,0.7514250151782745,0.24857498482172538
1739,0,4.0,6.0,1.0,0.0,0.0,8.0,443.0,1.0,5.0,12.0,26.0,0.75,90.0,1.0,1.0,35.0,5.0,3.7,0.0,0.0,0.5,0.0,2.0,1.0,0.5,0.0,3.0,0.5320332881125494,0.4679667118874505
1739,1,4.0,6.0,1.0,0.0,0.0,8.0,443.0,1.0,5.0,12.0,26.0,0.75,90.0,1.0,1.0,35.0,5.0,3.7,0.0,0.0,0.5,0.0,2.0,1.0,0.5,0.0,3.0,0.5320332881125494,0.4679667118874505
1739,2,4.0,6.0,1.0,0.0,0.0,8.0,443.0,1.0,5.0,12.0,26.0,0.75,90.0,1.0,1.0,35.0,5.0,3.7,0.0,0.0,0.5,0.0,2.0,1.0,0.5,0.0,3.0,0.5320332881125494,0.4679667118874505
1740,0,12.0,10.0,1.0,21.0,1.0,3.0,186.0,1.0,0.0,3.0,1.0,0.49,89.0,1.0,0.0,9.0,1.0,5.4,1.0,1.0,1.2,0.0,0.0,1.0,0.0,0.0,1.0,0.869498195814697,0.13050180418530297
1740,1,0.0,0.0,1.0,4.0,0.0,5.0,205.0,1.0,2.0,1.0,31.0,2.56,99.0,2.0,1.0,15.0,2.0,2.4,0.0,0.0,0.1,0.0,0.0,0.9,0.0,0.0,5.0,0.5303724062179905,0.46962759378200947
1744,0,0.0,3.0,1.0,0.0,0.0,3.0,52.0,1.0,0.0,0.0,7.0,0.68,0.0,2.0,0.0,8.0,1.0,1.8,1.0,1.0,0.8,0.0,59.0,0.9,0.5,0.0,2.0,0.8020710377415388,0.19792896225846116
2409,0,0.0,0.0,1.0,0.0,0.0,0.0,35.0,1.0,0.0,0.0,74.0,0.13,0.0,2.0,2.0,15.0,2.0,1.4,0.0,2.0,0.0,0.0,0.0,1.0,0.0,0.0,0.0,0.7956048524275378,0.20439514757246222
2409,1,0.0,0.0,1.0,0.0,0.0,0.0,79.0,1.0,0.0,0.0,59.0,0.3,0.0,1.0,0.0,24.0,2.0,0.0,0.0,0.0,0.0,0.0,15.0,1.0,0.5,0.0,3.0,0.7211785458629676,0.2788214541370326
2409,2,1.0,1.0,1.0,3.0,20.0,0.0,55.0,1.0,1.0,23.0,82.0,0.13,98.0,1.0,2.0,7.0,2.0,0.3,0.0,1.0,0.1,0.0,0.0,1.0,0.0,0.0,1.0,0.8122737632939109,0.18772623670608915
1752,0,0.0,0.0,1.0,9.0,23.0,6.0,229.0,1.0,0.0,0.0,23.0,0.65,89.0,1.0,0.0,4.0,1.0,7.4,2.0,1.0,1.2,0.0,0.0,1.0,0.0,0.0,2.0,0.7954941868024568,0.2045058131975433
1752,1,12.0,10.0,1.0,21.0,1.0,3.0,186.0,1.0,0.0,3.0,1.0,0.49,89.0,1.0,0.0,9.0,1.0,5.4,1.0,1.0,1.2,0.0,0.0,1.0,0.0,0.0,1.0,0.869498195814697,0.13050180418530297
1752,2,0.0,0.0,1.0,39.0,34.0,1.0,202.0,1.0,0.0,0.0,34.0,0.32,96.0,1.0,0.0,3.0,1.0,4.4,1.0,1.0,1.3,0.0,3.0,1.0,0.5,0.0,2.0,0.8139205163591465,0.18607948364085372
1755,0,1.0,0.0,1.0,4.0,3.0,4.0,84.0,1.0,0.0,4.0,9.0,1.18,78.0,1.0,0.0,0.0,1.0,4.0,1.0,1.0,0.3,0.0,0.0,1.0,0.0,0.0,0.0,0.9056649867770804,0.09433501322291973
1757,0,4.0,6.0,1.0,0.0,0.0,8.0,443.0,1.0,5.0,12.0,26.0,0.75,90.0,1.0,1.0,35.0,5.0,3.7,0.0,0.0,0.5,0.0,2.0,1.0,0.5,0.0,3.0,0.5320332881125494,0.4679667118874505
1757,1,4.0,6.0,1.0,0.0,0.0,8.0,443.0,1.0,5.0,12.0,26.0,0.75,90.0,1.0,1.0,35.0,5.0,3.7,0.0,0.0,0.5,0.0,2.0,1.0,0.5,0.0,3.0,0.5320332881125494,0.4679667118874505
1757,2,12.0,4.0,1.0,3.0,0.0,5.0,431.0,1.0,1.0,18.0,43.0,0.61,89.0,1.0,0.0,20.0,2.0,7.0,1.0,1.0,0.9,0.0,0.0,1.0,0.0,0.0,1.0,0.5052496261407723,0.4947503738592278
1757,3,4.0,6.0,1.0,0.0,0.0,8.0,443.0,1.0,5.0,12.0,26.0,0.75,90.0,1.0,1.0,35.0,5.0,3.7,0.0,0.0,0.5,0.0,2.0,1.0,0.5,0.0,3.0,0.5320332881125494,0.4679667118874505
1763,0,0.0,0.0,1.0,0.0,0.0,4.0,343.0,1.0,1.0,0.0,74.0,1.14,0.0,1.0,2.0,1.0,2.0,0.0,0.0,0.0,0.0,0.0,57.0,1.0,1.0,0.0,1.0,0.8398521129590465,0.16014788704095334
1763,1,2.0,0.0,4.0,0.0,3.0,33.0,264.0,1.0,0.0,0.0,1.0,1.25,0.0,1.0,0.0,21.0,1.0,11.3,8.0,4.0,3.4,2.0,88.0,0.8,1.0,0.0,2.0,0.7937212011397732,0.2062787988602269
1763,2,7.0,5.0,2.0,0.0,3.0,12.0,296.0,1.0,0.0,4.0,10.0,0.64,70.0,1.0,0.0,23.0,2.0,7.9,1.0,1.0,1.7,0.0,89.0,0.9,0.7,0.0,3.0,0.5612570962719353,0.43874290372806496
1763,3,7.0,0.0,3.0,0.0,11.0,14.0,284.0,1.0,0.0,0.0,4.0,0.56,0.0,1.0,0.0,15.0,1.0,9.5,4.0,2.0,3.5,0.0,1.0,1.0,0.5,0.0,2.0,0.8750459885255216,0.12495401147447861
2422,0,28.0,0.0,3.0,46.0,1.0,2.0,126.0,1.0,0.0,12.0,2.0,0.12,92.0,1.0,0.0,0.0,1.0,7.1,2.0,1.0,1.8,0.0,1304.0,1.0,0.8,0.0,1.0,0.5840249740059392,0.41597502599406083
2422,1,28.0,0.0,3.0,46.0,1.0,2.0,126.0,1.0,0.0,12.0,2.0,0.12,92.0,1.0,0.0,0.0,1.0,7.1,2.0,1.0,1.8,0.0,1304.0,1.0,0.8,0.0,1.0,0.5840249740059392,0.41597502599406083
2422,2,28.0,0.0,3.0,46.0,1.0,2.0,126.0,1.0,0.0,12.0,2.0,0.12,92.0,1.0,0.0,0.0,1.0,7.1,2.0,1.0,1.8,0.0,1304.0,1.0,0.8,0.0,1.0,0.5840249740059392,0.41597502599406083
2422,3,28.0,0.0,3.0,46.0,1.0,2.0,126.0,1.0,0.0,12.0,2.0,0.12,92.0,1.0,0.0,0.0,1.0,7.1,2.0,1.0,1.8,0.0,1304.0,1.0,0.8,0.0,1.0,0.5840249740059392,0.41597502599406083
2422,4,0.0,0.0,1.0,0.0,0.0,11.0,701.0,1.0,0.0,0.0,58.0,7.38,0.0,1.0,3.0,9.0,1.0,0.0,0.0,0.0,0.0,0.0,857.0,1.0,1.0,0.0,0.0,0.6553549440961868,0.3446450559038132
1778,0,4.0,6.0,1.0,0.0,0.0,8.0,443.0,1.0,5.0,12.0,26.0,0.75,90.0,1.0,1.0,35.0,5.0,3.7,0.0,0.0,0.5,0.0,2.0,1.0,0.5,0.0,3.0,0.5320332881125494,0.4679667118874505
1778,1,0.0,0.0,1.0,7.0,0.0,12.0,522.0,1.0,0.0,0.0,37.0,10.04,100.0,0.0,0.0,4.0,0.0,0.0,0.0,0.0,0.0,0.0,0.0,1.0,0.0,0.0,0.0,0.8254488802797425,0.1745511197202575
1778,2,12.0,4.0,1.0,3.0,0.0,5.0,431.0,1.0,1.0,18.0,43.0,0.61,89.0,1.0,0.0,20.0,2.0,7.0,1.0,1.0,0.9,0.0,0.0,1.0,0.0,0.0,1.0,0.5052496261407723,0.4947503738592278
1778,3,4.0,6.0,1.0,0.0,0.0,8.0,443.0,1.0,5.0,12.0,26.0,0.75,90.0,1.0,1.0,35.0,5.0,3.7,0.0,0.0,0.5,0.0,2.0,1.0,0.5,0.0,3.0,0.5320332881125494,0.4679667118874505
1778,4,4.0,0.0,1.0,16.0,0.0,5.0,490.0,1.0,54.0,9.0,3.0,0.17,86.0,2.0,0.0,30.0,1.0,7.4,1.0,1.0,2.2,0.0,2.0,1.0,1.0,0.0,2.0,0.670457372514612,0.32954262748538804
1780,0,0.0,3.0,1.0,0.0,0.0,6.0,344.0,1.0,11.0,24.0,33.0,0.63,94.0,1.0,1.0,18.0,2.0,8.3,0.0,1.0,1.0,0.0,14.0,1.0,1.0,0.0,2.0,0.7981599066933536,0.20184009330664648
1780,1,0.0,3.0,1.0,0.0,0.0,6.0,362.0,1.0,10.0,27.0,35.0,0.6,95.0,1.0,1.0,23.0,2.0,7.9,0.0,0.0,1.1,0.0,33.0,1.0,1.0,0.0,1.0,0.8314589164795642,0.1685410835204356
1780,2,7.0,5.0,2.0,0.0,3.0,12.0,296.0,1.0,0.0,4.0,10.0,0.64,70.0,1.0,0.0,23.0,2.0,7.9,1.0,1.0,1.7,0.0,89.0,0.9,0.7,0.0,3.0,0.5612570962719353,0.43874290372806496
1780,3,13.0,2.0,1.0,0.0,6.0,2.0,278.0,1.0,8.0,13.0,24.0,0.62,93.0,1.0,1.0,16.0,1.0,5.4,1.0,1.0,0.8,0.0,22.0,1.0,1.0,0.0,2.0,0.7921406422949957,0.20785935770500436
1780,4,13.0,2.0,1.0,0.0,6.0,2.0,278.0,1.0,8.0,13.0,24.0,0.62,93.0,1.0,1.0,16.0,1.0,5.4,1.0,1.0,0.8,0.0,22.0,1.0,1.0,0.0,2.0,0.7921406422949957,0.20785935770500436
1797,0,0.0,0.0,1.0,1.0,13.0,9.0,154.0,1.0,0.0,0.0,13.0,0.97,84.0,1.0,0.0,0.0,1.0,7.8,2.0,2.0,1.4,0.0,1.0,0.9,1.0,0.0,2.0,0.5495678395559187,0.45043216044408124
1797,1,0.0,0.0,1.0,7.0,0.0,10.0,159.0,1.0,0.0,4.0,12.0,0.98,87.0,1.0,0.0,14.0,5.0,2.4,0.0,0.0,0.9,0.0,3.0,1.0,1.0,0.0,3.0,0.8949871384007821,0.10501286159921794
1799,0,11.0,1.0,3.0,76.0,15.0,15.0,398.0,1.0,0.0,0.0,5.0,0.35,82.0,1.0,0.0,10.0,1.0,11.8,0.0,1.0,2.4,0.0,0.0,0.6,0.0,0.0,4.0,0.5890187741906767,0.4109812258093233
1799,1,4.0,6.0,1.0,0.0,0.0,8.0,443.0,1.0,5.0,12.0,26.0,0.75,90.0,1.0,1.0,35.0,5.0,3.7,0.0,0.0,0.5,0.0,2.0,1.0,0.5,0.0,3.0,0.5320332881125494,0.4679667118874505
2433,0,0.0,0.0,1.0,5.0,0.0,17.0,639.0,1.0,0.0,0.0,34.0,11.62,100.0,0.0,0.0,7.0,0.0,0.0,0.0,0.0,0.0,0.0,0.0,1.0,0.0,0.0,0.0,0.7762992231944539,0.22370077680554604
2433,1,0.0,0.0,1.0,0.0,0.0,11.0,646.0,1.0,0.0,0.0,53.0,7.6,0.0,1.0,0.0,7.0,1.0,0.0,0.0,0.0,0.0,0.0,3.0,1.0,1.0,0.0,0.0,0.7996376147026699,0.2003623852973299
2433,2,0.0,0.0,1.0,5.0,0.0,17.0,639.0,1.0,0.0,0.0,34.0,11.62,100.0,0.0,0.0,7.0,0.0,0.0,0.0,0.0,0.0,0.0,0.0,1.0,0.0,0.0,0.0,0.7762992231944539,0.22370077680554604
2433,3,0.0,0.0,1.0,5.0,0.0,17.0,639.0,1.0,0.0,0.0,34.0,11.62,100.0,0.0,0.0,7.0,0.0,0.0,0.0,0.0,0.0,0.0,0.0,1.0,0.0,0.0,0.0,0.7762992231944539,0.22370077680554604
2433,4,0.0,0.0,1.0,0.0,0.0,11.0,646.0,1.0,0.0,0.0,53.0,7.6,0.0,1.0,0.0,7.0,1.0,0.0,0.0,0.0,0.0,0.0,3.0,1.0,1.0,0.0,0.0,0.7996376147026699,0.2003623852973299
2434,0,7.0,5.0,2.0,0.0,3.0,12.0,296.0,1.0,0.0,4.0,10.0,0.64,70.0,1.0,0.0,23.0,2.0,7.9,1.0,1.0,1.7,0.0,89.0,0.9,0.7,0.0,3.0,0.5612570962719353,0.43874290372806496
2434,1,3.0,1.0,1.0,0.0,0.0,28.0,350.0,1.0,1.0,3.0,6.0,0.74,78.0,1.0,1.0,20.0,2.0,9.5,0.0,0.0,1.9,0.0,28.0,0.9,1.0,0.0,3.0,0.5867999630868039,0.413200036913196
2434,2,7.0,5.0,2.0,0.0,3.0,12.0,299.0,1.0,0.0,4.0,10.0,0.65,70.0,1.0,0.0,25.0,2.0,7.8,1.0,1.0,1.7,0.0,17.0,0.9,1.0,0.0,3.0,0.639803329188219,0.36019667081178103
2434,3,13.0,2.0,1.0,0.0,6.0,2.0,278.0,1.0,8.0,13.0,24.0,0.62,93.0,1.0,1.0,16.0,1.0,5.4,1.0,1.0,0.8,0.0,22.0,1.0,1.0,0.0,2.0,0.7921406422949957,0.20785935770500436
2434,4,0.0,3.0,1.0,0.0,0.0,6.0,344.0,1.0,11.0,24.0,33.0,0.63,94.0,1.0,1.0,18.0,2.0,8.3,0.0,1.0,1.0,0.0,14.0,1.0,1.0,0.0,2.0,0.7981599066933536,0.20184009330664648
2438,0,4.0,6.0,1.0,0.0,0.0,8.0,443.0,1.0,5.0,12.0,26.0,0.75,90.0,1.0,1.0,35.0,5.0,3.7,0.0,0.0,0.5,0.0,2.0,1.0,0.5,0.0,3.0,0.5320332881125494,0.4679667118874505
2438,1,4.0,6.0,1.0,0.0,0.0,8.0,443.0,1.0,5.0,12.0,26.0,0.75,90.0,1.0,1.0,35.0,5.0,3.7,0.0,0.0,0.5,0.0,2.0,1.0,0.5,0.0,3.0,0.5320332881125494,0.4679667118874505
1820,0,13.0,2.0,1.0,0.0,6.0,2.0,278.0,1.0,8.0,13.0,24.0,0.62,93.0,1.0,1.0,16.0,1.0,5.4,1.0,1.0,0.8,0.0,22.0,1.0,1.0,0.0,2.0,0.7921406422949957,0.20785935770500436
1820,1,7.0,5.0,2.0,0.0,3.0,12.0,296.0,1.0,0.0,4.0,10.0,0.64,70.0,1.0,0.0,23.0,2.0,7.9,1.0,1.0,1.7,0.0,89.0,0.9,0.7,0.0,3.0,0.5612570962719353,0.43874290372806496
1820,2,7.0,5.0,2.0,0.0,3.0,12.0,296.0,1.0,0.0,4.0,10.0,0.64,70.0,1.0,0.0,23.0,2.0,7.9,1.0,1.0,1.7,0.0,89.0,0.9,0.7,0.0,3.0,0.5612570962719353,0.43874290372806496
1820,3,7.0,5.0,2.0,0.0,3.0,12.0,299.0,1.0,0.0,4.0,10.0,0.65,70.0,1.0,0.0,25.0,2.0,7.8,1.0,1.0,1.7,0.0,17.0,0.9,1.0,0.0,3.0,0.639803329188219,0.36019667081178103
1822,0,1.0,3.0,1.0,22.0,6.0,12.0,837.0,1.0,31.0,13.0,18.0,0.83,93.0,1.0,2.0,20.0,3.0,8.2,0.0,0.0,1.1,0.0,26.0,1.0,0.4,0.0,4.0,0.6548101049567265,0.3451898950432735
1822,1,1.0,3.0,1.0,22.0,6.0,12.0,837.0,1.0,31.0,13.0,18.0,0.83,93.0,1.0,2.0,20.0,3.0,8.2,0.0,0.0,1.1,0.0,26.0,1.0,0.4,0.0,4.0,0.6548101049567265,0.3451898950432735
1822,2,0.0,0.0,1.0,0.0,0.0,4.0,722.0,1.0,3.0,3.0,139.0,1.23,98.0,1.0,1.0,14.0,2.0,0.4,0.0,0.0,0.1,0.0,0.0,1.0,0.0,0.0,1.0,0.7550587803613593,0.24494121963864088
2450,0,1.0,0.0,1.0,0.0,0.0,11.0,176.0,1.0,0.0,22.0,12.0,0.51,81.0,1.0,0.0,19.0,2.0,6.8,1.0,1.0,1.9,0.0,1.0,1.0,1.0,0.0,3.0,0.7242862023602848,0.2757137976397153
2463,0,0.0,0.0,1.0,5.0,0.0,17.0,639.0,1.0,0.0,0.0,34.0,11.62,100.0,0.0,0.0,7.0,0.0,0.0,0.0,0.0,0.0,0.0,0.0,1.0,0.0,0.0,0.0,0.7762992231944539,0.22370077680554604
2463,1,0.0,0.0,1.0,0.0,0.0,11.0,646.0,1.0,0.0,0.0,53.0,7.6,0.0,1.0,0.0,7.0,1.0,0.0,0.0,0.0,0.0,0.0,3.0,1.0,1.0,0.0,0.0,0.7996376147026699,0.2003623852973299
2463,2,0.0,0.0,1.0,0.0,0.0,11.0,646.0,1.0,0.0,0.0,53.0,7.6,0.0,1.0,0.0,7.0,1.0,0.0,0.0,0.0,0.0,0.0,3.0,1.0,1.0,0.0,0.0,0.7996376147026699,0.2003623852973299
2463,3,0.0,0.0,1.0,5.0,0.0,17.0,639.0,1.0,0.0,0.0,34.0,11.62,100.0,0.0,0.0,7.0,0.0,0.0,0.0,0.0,0.0,0.0,0.0,1.0,0.0,0.0,0.0,0.7762992231944539,0.22370077680554604
2463,4,0.0,0.0,1.0,5.0,0.0,17.0,639.0,1.0,0.0,0.0,34.0,11.62,100.0,0.0,0.0,7.0,0.0,0.0,0.0,0.0,0.0,0.0,0.0,1.0,0.0,0.0,0.0,0.7762992231944539,0.22370077680554604
2471,0,0.0,0.0,1.0,7.0,0.0,12.0,522.0,1.0,0.0,0.0,37.0,10.04,100.0,0.0,0.0,4.0,0.0,0.0,0.0,0.0,0.0,0.0,0.0,1.0,0.0,0.0,0.0,0.8254488802797425,0.1745511197202575
2471,1,5.0,0.0,4.0,4.0,9.0,40.0,502.0,1.0,0.0,5.0,7.0,0.47,80.0,1.0,0.0,19.0,1.0,12.2,3.0,1.0,2.6,0.0,23.0,1.0,0.2,0.0,3.0,0.8274644845047746,0.17253551549522542
2471,2,6.0,4.0,1.0,13.0,3.0,11.0,490.0,8.0,11.0,12.0,13.0,0.58,92.0,4.0,3.0,13.0,2.0,3.4,0.0,1.0,0.8,0.0,0.0,1.0,0.0,0.0,2.0,0.6482789012597504,0.3517210987402495
2471,3,0.0,0.0,1.0,7.0,0.0,12.0,522.0,1.0,0.0,0.0,37.0,10.04,100.0,0.0,0.0,4.0,0.0,0.0,0.0,0.0,0.0,0.0,0.0,1.0,0.0,0.0,0.0,0.8254488802797425,0.1745511197202575
1907,0,10.0,0.0,3.0,18.0,17.0,3.0,370.0,1.0,0.0,1.0,17.0,0.64,88.0,1.0,0.0,12.0,1.0,6.8,1.0,1.0,2.0,0.0,0.0,0.9,0.0,0.0,2.0,0.8338106442709499,0.16618935572905033
1907,1,0.0,0.0,1.0,0.0,0.0,11.0,358.0,1.0,3.0,13.0,24.0,0.83,87.0,1.0,1.0,22.0,1.0,9.3,1.0,0.0,0.9,0.0,4.0,1.0,0.5,0.0,2.0,0.7309786070506635,0.26902139294933636
1907,2,0.0,3.0,1.0,0.0,0.0,6.0,344.0,1.0,11.0,24.0,33.0,0.63,94.0,1.0,1.0,18.0,2.0,8.3,0.0,1.0,1.0,0.0,14.0,1.0,1.0,0.0,2.0,0.7981599066933536,0.20184009330664648
1948,0,0.0,0.0,1.0,7.0,0.0,12.0,522.0,1.0,0.0,0.0,37.0,10.04,100.0,0.0,0.0,4.0,0.0,0.0,0.0,0.0,0.0,0.0,0.0,1.0,0.0,0.0,0.0,0.8254488802797425,0.1745511197202575
1948,1,0.0,0.0,1.0,5.0,0.0,17.0,639.0,1.0,0.0,0.0,34.0,11.62,100.0,0.0,0.0,7.0,0.0,0.0,0.0,0.0,0.0,0.0,0.0,1.0,0.0,0.0,0.0,0.7762992231944539,0.22370077680554604
1948,2,0.0,0.0,1.0,5.0,0.0,17.0,639.0,1.0,0.0,0.0,34.0,11.62,100.0,0.0,0.0,7.0,0.0,0.0,0.0,0.0,0.0,0.0,0.0,1.0,0.0,0.0,0.0,0.7762992231944539,0.22370077680554604
1948,3,0.0,0.0,1.0,5.0,0.0,17.0,639.0,1.0,0.0,0.0,34.0,11.62,100.0,0.0,0.0,7.0,0.0,0.0,0.0,0.0,0.0,0.0,0.0,1.0,0.0,0.0,0.0,0.7762992231944539,0.22370077680554604
1948,4,0.0,0.0,1.0,0.0,0.0,4.0,722.0,1.0,3.0,3.0,139.0,1.23,98.0,1.0,1.0,14.0,2.0,0.4,0.0,0.0,0.1,0.0,0.0,1.0,0.0,0.0,1.0,0.7550587803613593,0.24494121963864088
1950,0,0.0,2.0,1.0,0.0,0.0,7.0,197.0,1.0,10.0,6.0,13.0,1.12,92.0,2.0,4.0,21.0,1.0,4.0,1.0,0.0,0.4,0.0,0.0,1.0,1.0,0.0,2.0,0.901974407997112,0.09802559200288796
1950,1,0.0,0.0,1.0,4.0,0.0,5.0,205.0,1.0,2.0,1.0,31.0,2.56,99.0,2.0,1.0,15.0,2.0,2.4,0.0,0.0,0.1,0.0,0.0,0.9,0.0,0.0,5.0,0.5303724062179905,0.46962759378200947
1950,2,0.0,0.0,1.0,1.0,0.0,9.0,192.0,1.0,0.0,5.0,16.0,0.99,78.0,2.0,0.0,15.0,4.0,5.7,0.0,1.0,0.6,0.0,0.0,0.9,0.0,0.0,5.0,0.5253659918960566,0.47463400810394346
1960,0,5.0,0.0,2.0,1.0,0.0,7.0,148.0,1.0,0.0,11.0,8.0,0.51,76.0,1.0,0.0,15.0,2.0,4.6,1.0,1.0,1.9,0.0,1.0,1.0,1.0,0.0,2.0,0.8884805958533118,0.11151940414668818
1968,0,0.0,0.0,1.0,7.0,0.0,12.0,522.0,1.0,0.0,0.0,37.0,10.04,100.0,0.0,0.0,4.0,0.0,0.0,0.0,0.0,0.0,0.0,0.0,1.0,0.0,0.0,0.0,0.8254488802797425,0.1745511197202575
1968,1,5.0,0.0,4.0,4.0,9.0,40.0,502.0,1.0,0.0,5.0,7.0,0.47,80.0,1.0,0.0,19.0,1.0,12.2,3.0,1.0,2.6,0.0,23.0,1.0,0.2,0.0,3.0,0.8274644845047746,0.17253551549522542
1968,2,6.0,4.0,1.0,13.0,3.0,11.0,490.0,8.0,11.0,12.0,13.0,0.58,92.0,4.0,3.0,13.0,2.0,3.4,0.0,1.0,0.8,0.0,0.0,1.0,0.0,0.0,2.0,0.6482789012597504,0.3517210987402495
1968,3,0.0,0.0,1.0,7.0,0.0,12.0,522.0,1.0,0.0,0.0,37.0,10.04,100.0,0.0,0.0,4.0,0.0,0.0,0.0,0.0,0.0,0.0,0.0,1.0,0.0,0.0,0.0,0.8254488802797425,0.1745511197202575
1973,0,12.0,10.0,1.0,21.0,1.0,3.0,186.0,1.0,0.0,3.0,1.0,0.49,89.0,1.0,0.0,9.0,1.0,5.4,1.0,1.0,1.2,0.0,0.0,1.0,0.0,0.0,1.0,0.869498195814697,0.13050180418530297
1973,1,0.0,0.0,1.0,1.0,0.0,9.0,192.0,1.0,0.0,5.0,16.0,0.99,78.0,2.0,0.0,15.0,4.0,5.7,0.0,1.0,0.6,0.0,0.0,0.9,0.0,0.0,5.0,0.5253659918960566,0.47463400810394346
1973,2,1.0,0.0,1.0,0.0,0.0,11.0,176.0,1.0,0.0,22.0,12.0,0.51,81.0,1.0,0.0,19.0,2.0,6.8,1.0,1.0,1.9,0.0,1.0,1.0,1.0,0.0,3.0,0.7242862023602848,0.2757137976397153
1975,0,1.0,0.0,1.0,1.0,5.0,10.0,152.0,1.0,0.0,1.0,11.0,1.04,87.0,1.0,0.0,1.0,1.0,6.2,2.0,2.0,1.4,0.0,0.0,1.0,0.0,0.0,2.0,0.8217277353276836,0.17827226467231647
1975,1,29.0,0.0,1.0,3.0,8.0,2.0,173.0,3.0,0.0,12.0,15.0,0.45,89.0,1.0,0.0,11.0,1.0,3.4,1.0,1.0,0.9,0.0,0.0,1.0,0.0,0.0,0.0,0.6525914135797424,0.34740858642025757
1978,0,1.0,0.0,1.0,4.0,3.0,4.0,84.0,1.0,0.0,4.0,9.0,1.18,78.0,1.0,0.0,0.0,1.0,4.0,1.0,1.0,0.3,0.0,0.0,1.0,0.0,0.0,0.0,0.9056649867770804,0.09433501322291973
1980,0,0.0,0.0,1.0,0.0,0.0,4.0,722.0,1.0,3.0,3.0,139.0,1.23,98.0,1.0,1.0,14.0,2.0,0.4,0.0,0.0,0.1,0.0,0.0,1.0,0.0,0.0,1.0,0.7550587803613593,0.24494121963864088
1980,1,1.0,3.0,1.0,22.0,6.0,12.0,837.0,1.0,31.0,13.0,18.0,0.83,93.0,1.0,2.0,20.0,3.0,8.2,0.0,0.0,1.1,0.0,26.0,1.0,0.4,0.0,4.0,0.6548101049567265,0.3451898950432735
1980,2,1.0,3.0,1.0,22.0,6.0,12.0,837.0,1.0,31.0,13.0,18.0,0.83,93.0,1.0,2.0,20.0,3.0,8.1,0.0,0.0,1.1,0.0,0.0,1.0,0.0,0.0,4.0,0.6552962994895294,0.34470370051047056
1980,3,0.0,0.0,1.0,5.0,0.0,17.0,639.0,1.0,0.0,0.0,34.0,11.62,100.0,0.0,0.0,7.0,0.0,0.0,0.0,0.0,0.0,0.0,0.0,1.0,0.0,0.0,0.0,0.7762992231944539,0.22370077680554604
1980,4,0.0,0.0,1.0,5.0,0.0,17.0,639.0,1.0,0.0,0.0,34.0,11.62,100.0,0.0,0.0,7.0,0.0,0.0,0.0,0.0,0.0,0.0,0.0,1.0,0.0,0.0,0.0,0.7762992231944539,0.22370077680554604
2071,0,0.0,0.0,1.0,4.0,0.0,5.0,205.0,1.0,2.0,1.0,31.0,2.56,99.0,2.0,1.0,15.0,2.0,2.4,0.0,0.0,0.1,0.0,0.0,0.9,0.0,0.0,5.0,0.5303724062179905,0.46962759378200947
