Model,Method,Project,InvalidRows
RandomForest,random,activemq@0,0
RandomForest,random,activemq@1,0
RandomForest,random,activemq@2,0
RandomForest,random,activemq@3,0
RandomForest,random,camel@0,0
RandomForest,random,camel@1,0
RandomForest,random,camel@2,0
RandomForest,random,derby@0,0
RandomForest,random,derby@1,0
RandomForest,random,groovy@0,0
RandomForest,random,groovy@1,0
RandomForest,random,hbase@0,0
RandomForest,random,hbase@1,0
RandomForest,random,hive@0,0
RandomForest,random,hive@1,0
RandomForest,random,jruby@0,0
RandomForest,random,jruby@1,0
RandomForest,random,jruby@2,0
RandomForest,random,lucene@0,0
RandomForest,random,lucene@1,0
RandomForest,random,lucene@2,0
RandomForest,random,wicket@0,0
RandomForest,random,wicket@1,0
SVM,random,activemq@0,0
SVM,random,activemq@1,0
SVM,random,activemq@2,0
SVM,random,activemq@3,0
SVM,random,camel@0,0
SVM,random,camel@1,0
SVM,random,camel@2,0
SVM,random,derby@0,0
SVM,random,derby@1,0
SVM,random,groovy@0,0
SVM,random,groovy@1,0
SVM,random,hbase@0,0
SVM,random,hbase@1,0
SVM,random,hive@0,0
SVM,random,hive@1,0
SVM,random,jruby@0,0
SVM,random,jruby@1,0
SVM,random,jruby@2,0
SVM,random,lucene@0,0
SVM,random,lucene@1,0
SVM,random,lucene@2,0
SVM,random,wicket@0,0
SVM,random,wicket@1,0
XGBoost,random,activemq@0,0
XGBoost,random,activemq@1,0
XGBoost,random,activemq@2,0
XGBoost,random,activemq@3,0
XGBoost,random,camel@0,0
XGBoost,random,camel@1,0
XGBoost,random,camel@2,0
XGBoost,random,derby@0,0
XGBoost,random,derby@1,0
XGBoost,random,groovy@0,0
XGBoost,random,groovy@1,0
XGBoost,random,hbase@0,0
XGBoost,random,hbase@1,0
XGBoost,random,hive@0,0
XGBoost,random,hive@1,0
XGBoost,random,jruby@0,0
XGBoost,random,jruby@1,0
XGBoost,random,jruby@2,0
XGBoost,random,lucene@0,0
XGBoost,random,lucene@1,0
XGBoost,random,lucene@2,0
XGBoost,random,wicket@0,0
XGBoost,random,wicket@1,0
LightGBM,random,activemq@0,0
LightGBM,random,activemq@1,0
LightGBM,random,activemq@2,0
LightGBM,random,activemq@3,0
LightGBM,random,camel@0,0
LightGBM,random,camel@1,0
LightGBM,random,camel@2,0
LightGBM,random,derby@0,0
LightGBM,random,derby@1,0
LightGBM,random,groovy@0,0
LightGBM,random,groovy@1,0
LightGBM,random,hbase@0,0
LightGBM,random,hbase@1,0
LightGBM,random,hive@0,0
LightGBM,random,hive@1,0
LightGBM,random,jruby@0,0
LightGBM,random,jruby@1,0
LightGBM,random,jruby@2,0
LightGBM,random,lucene@0,0
LightGBM,random,lucene@1,0
LightGBM,random,lucene@2,0
LightGBM,random,wicket@0,0
LightGBM,random,wicket@1,0
CatBoost,random,activemq@0,0
CatBoost,random,activemq@1,0
CatBoost,random,activemq@2,0
CatBoost,random,activemq@3,0
CatBoost,random,camel@0,0
CatBoost,random,camel@1,0
CatBoost,random,camel@2,0
CatBoost,random,derby@0,0
CatBoost,random,derby@1,0
CatBoost,random,groovy@0,0
CatBoost,random,groovy@1,0
CatBoost,random,hbase@0,0
CatBoost,random,hbase@1,0
CatBoost,random,hive@0,0
CatBoost,random,hive@1,0
CatBoost,random,jruby@0,0
CatBoost,random,jruby@1,0
CatBoost,random,jruby@2,0
CatBoost,random,lucene@0,0
CatBoost,random,lucene@1,0
CatBoost,random,lucene@2,0
CatBoost,random,wicket@0,0
CatBoost,random,wicket@1,0
