test_idx,candidate_id,CountDeclMethodDefault,AvgEssential,CountDeclClassVariable,AvgLineComment,CountLineComment,CountDeclMethodProtected,RatioCommentToCode,AvgLineBlank,PercentLackOfCohesion,MaxInheritanceTree,CountClassDerived,CountClassCoupled,CountClassBase,CountInput_Mean,CountInput_Min,CountOutput_Mean,CountOutput_Min,CountPath_Min,MaxNesting_Mean,MaxNesting_Min,OWN_COMMIT,MINOR_COMMIT,MINOR_LINE,MAJOR_COMMIT,MAJOR_LINE,proba0,proba1,num_features_changed
1628,0,3.0,1.0,1.0,5.0,237.0,7.0,0.54,1.0,86.0,1.0,2.0,22.0,2.0,6.6,1.0,5.9,0.0,1.0,1.13513513513514,0.0,0.5,0.0,1.0,2.0,4.0,0.61,0.39,1
10,0,0.0,2.0,0.0,7.0,133.0,5.0,0.47,0.0,81.0,2.0,0.0,23.0,1.0,5.71428571428571,1.0,7.0,1.0,1.0,1.625,0.0,0.533333333333333,0.0,4.0,0.0,4.0,0.51,0.49,1
19,0,0.0,1.0,0.0,5.0,186.0,0.0,0.95,0.0,86.0,3.0,0.0,5.0,3.0,20.5555555555556,1.0,2.66666666666667,1.0,1.0,0.586206896551724,0.0,0.0,0.0,4.0,2.0,3.0,0.6,0.4,1
21,0,45.0,1.0,1.0,4.0,326.0,0.0,2.36,0.0,100.0,2.0,2.0,14.0,2.0,2.84745762711864,0.0,0.779661016949153,0.0,1.0,0.0,0.0,0.470588235294118,0.0,4.0,0.0,7.0,0.57,0.43,1
1633,0,0.0,1.0,0.0,0.0,28.0,0.0,0.08,0.0,62.0,1.0,0.0,14.0,2.0,2.41791044776119,1.0,2.19402985074627,1.0,1.0,0.0933333333333333,0.0,0.285714285714286,0.0,3.0,2.0,2.0,0.61,0.39,1
23,0,1.0,1.0,1.0,4.0,103.0,1.0,0.59,0.0,91.0,2.0,1.0,10.0,2.0,17.1,1.0,4.21818181818182,1.0,1.0,0.438848920863309,0.0,0.428571428571429,5.0,6.0,4.0,10.0,0.52,0.48,2
30,0,0.0,1.0,1.0,5.0,100.0,1.0,0.68,0.0,89.0,4.0,0.0,7.0,2.0,4.85714285714286,0.0,4.85714285714286,1.0,1.0,1.0625,0.0,0.444444444444444,0.0,2.0,2.0,4.0,0.58,0.42,1
44,0,0.0,2.0,0.0,7.0,148.0,0.0,1.13,0.0,0.0,4.0,0.0,6.0,3.0,56.7142857142857,2.0,4.57142857142857,2.0,1.0,0.8125,0.0,0.4,0.0,3.0,2.0,3.0,0.54,0.46,1
47,0,0.0,1.0,3.0,8.0,61.0,2.0,0.97,0.0,90.0,1.0,0.0,5.0,2.0,18.3333333333333,2.0,3.72727272727273,1.0,1.0,0.638888888888889,0.0,0.666666666666667,0.0,3.0,2.0,5.0,0.55,0.45,1
1640,0,13.0,1.0,13.0,4.0,455.0,23.0,0.4,0.0,94.0,2.0,1.0,31.0,2.0,5.62025316455696,0.0,6.13924050632911,1.0,1.0,0.91304347826087,0.0,0.538461538461538,0.0,2.0,1.0,8.0,0.53,0.47,1
185,0,2.0,1.0,4.0,7.0,603.0,0.0,0.39,0.0,98.0,2.0,0.0,150.0,1.0,9.3375,0.0,11.8625,1.0,1.0,1.62352941176471,0.0,0.448275862068966,6.0,2.0,2.0,3.0,0.53,0.47,2
186,0,0.0,1.0,0.0,7.0,516.0,0.0,0.63,0.0,0.0,1.0,0.0,10.0,1.0,4.72857142857143,0.0,7.61428571428571,1.0,1.0,0.472972972972973,0.0,0.538461538461538,0.0,3.0,2.0,7.0,0.54,0.46,2
187,0,0.0,1.0,1.0,5.0,115.0,0.0,0.66,0.0,93.0,1.0,0.0,35.0,1.0,3.1875,0.0,5.8125,1.0,1.0,1.33333333333333,0.0,0.6,0.0,3.0,2.0,2.0,0.52,0.48,1
224,0,0.0,3.0,5.0,2.0,131.0,0.0,0.24,0.0,84.0,1.0,0.0,3.0,1.0,9.03571428571429,1.0,6.5,1.0,1.0,0.9,0.0,0.571428571428571,0.0,4.0,3.0,5.0,0.57,0.43,1
227,0,0.0,3.0,5.0,10.0,61.0,0.0,0.33,3.0,60.0,1.0,0.0,2.0,1.0,12.75,6.0,14.25,3.0,1.0,2.5,0.0,0.333333333333333,0.0,1.0,2.0,5.0,0.64,0.36,1
231,0,0.0,2.0,9.0,6.0,666.0,1.0,0.6,0.0,88.0,2.0,3.0,10.0,1.0,10.2934782608696,0.0,4.71739130434783,1.0,1.0,0.94,0.0,0.545454545454545,0.0,2.0,0.0,11.0,0.51,0.49,2
291,0,0.0,2.0,24.0,9.0,61.0,0.0,0.76,0.0,96.0,1.0,0.0,1.0,1.0,9.83333333333333,1.0,4.33333333333333,1.0,1.0,2.125,0.0,0.5,0.0,3.0,2.0,2.0,0.63,0.37,1
349,0,0.0,2.0,2.0,2.0,74.0,0.0,0.37,0.0,66.0,2.0,0.0,10.0,3.0,4.125,0.0,6.375,0.0,1.0,0.6,0.0,0.333333333333333,0.0,1.0,3.0,3.0,0.53,0.47,2
455,0,0.0,1.0,6.0,2.0,75.0,2.0,0.27,1.0,74.0,2.0,0.0,16.0,3.0,2.88235294117647,0.0,5.70588235294118,0.0,1.0,0.708333333333333,0.0,0.333333333333333,0.0,3.0,0.0,2.0,0.51,0.49,1
1701,0,0.0,1.0,12.0,1.0,133.0,8.0,0.42,1.0,80.0,2.0,3.0,22.0,2.0,2.71428571428571,0.0,5.39285714285714,1.0,1.0,0.578947368421053,0.0,0.857142857142857,0.0,1.0,2.0,1.0,0.54,0.46,1
545,0,262.0,1.0,223.0,0.0,399.0,109.0,0.02,0.0,99.0,2.0,3.0,10.0,2.0,2.61400778210117,0.0,3.49066147859922,0.0,0.0,0.448443944506937,0.0,0.6,0.0,3.0,5.0,4.0,0.54,0.46,1
585,0,0.0,1.0,0.0,0.0,18.0,0.0,0.06,0.0,0.0,1.0,4.0,9.0,2.0,0.0153846153846154,0.0,0.0153846153846154,0.0,1.0,0.0,0.0,0.25,0.0,4.0,2.0,3.0,0.54,0.46,1
586,0,0.0,1.0,0.0,0.0,19.0,0.0,0.06,0.0,0.0,1.0,22.0,24.0,2.0,0.737704918032787,0.0,0.491803278688525,0.0,1.0,0.0,0.0,0.333333333333333,0.0,5.0,1.0,5.0,0.52,0.48,1
589,0,2.0,1.0,7.0,1.0,159.0,5.0,0.32,0.0,89.0,2.0,4.0,17.0,2.0,7.21538461538462,0.0,2.83076923076923,1.0,1.0,0.363636363636364,0.0,0.2,0.0,4.0,3.0,3.0,0.53,0.47,1
592,0,63.0,1.0,0.0,6.0,453.0,0.0,2.68,0.0,0.0,1.0,3.0,8.0,1.0,1.0,1.0,0.0158730158730159,0.0,1.0,0.0,0.0,0.0,0.0,4.0,3.0,3.0,0.57,0.43,1
593,0,0.0,1.0,0.0,4.0,64.0,0.0,0.85,0.0,50.0,2.0,0.0,6.0,3.0,1.75,0.0,4.5,0.0,1.0,0.9,0.0,0.333333333333333,0.0,2.0,3.0,2.0,0.54,0.46,2
597,0,59.0,1.0,0.0,11.0,61.0,0.0,3.47,0.0,0.0,1.0,1.0,23.0,1.0,0.88135593220339,0.0,0.423728813559322,0.0,1.0,0.0,0.0,0.4,0.0,5.0,1.0,5.0,0.51,0.49,2
622,0,0.0,2.0,0.0,2.0,81.0,1.0,0.36,1.0,75.0,2.0,0.0,6.0,2.0,3.5,0.0,3.875,1.0,1.0,1.14814814814815,0.0,0.5,0.0,4.0,2.0,4.0,0.56,0.44,1
661,0,6.0,1.0,12.0,2.0,236.0,2.0,0.43,0.0,92.0,2.0,0.0,18.0,3.0,5.09090909090909,1.0,4.23636363636364,1.0,1.0,0.683333333333333,0.0,0.666666666666667,0.0,2.0,3.0,3.0,0.51,0.49,1
682,0,17.0,2.0,20.0,3.0,505.0,12.0,0.27,0.0,95.0,2.0,1.0,29.0,2.0,5.5929203539823,0.0,6.69026548672566,1.0,1.0,1.25,0.0,0.705882352941177,0.0,1.0,2.0,6.0,0.55,0.45,1
717,0,3.0,2.0,4.0,4.0,143.0,4.0,0.24,2.0,88.0,2.0,4.0,34.0,2.0,5.875,1.0,10.5,1.0,1.0,1.4,0.0,0.666666666666667,0.0,3.0,2.0,3.0,0.52,0.48,2
733,0,2.0,1.0,1.0,12.0,314.0,0.0,0.89,0.0,83.0,1.0,0.0,24.0,1.0,7.125,2.0,6.0,1.0,1.0,1.0,0.0,0.444444444444444,0.0,6.0,1.0,2.0,0.56,0.44,1
749,0,3.0,6.0,2.0,20.0,161.0,0.0,0.66,3.0,50.0,2.0,2.0,8.0,1.0,3.16666666666667,2.0,8.66666666666667,1.0,1.0,1.11111111111111,0.0,0.0,0.0,1.0,2.0,4.0,0.52,0.48,1
754,0,27.0,1.0,26.0,1.0,199.0,13.0,0.34,1.0,78.0,3.0,5.0,26.0,1.0,4.38,1.0,3.7,1.0,1.0,0.909090909090909,0.0,0.25,0.0,2.0,2.0,3.0,0.56,0.44,1
771,0,0.0,1.0,1.0,5.0,66.0,2.0,0.36,1.0,55.0,2.0,2.0,23.0,1.0,7.875,2.0,9.5,2.0,1.0,1.8,0.0,0.3,0.0,4.0,2.0,5.0,0.54,0.46,1
777,0,1.0,2.0,1.0,4.0,45.0,0.0,0.32,1.0,50.0,3.0,0.0,11.0,1.0,4.66666666666667,0.0,8.0,1.0,1.0,2.125,0.0,0.375,0.0,3.0,2.0,2.0,0.6,0.4,1
780,0,2.0,3.0,1.0,9.0,99.0,0.0,0.41,1.0,67.0,2.0,1.0,22.0,1.0,6.375,1.0,12.5,1.0,1.0,0.9,0.0,0.4,0.0,5.0,2.0,4.0,0.52,0.48,2
782,0,0.0,1.0,0.0,0.0,22.0,2.0,0.38,0.0,0.0,3.0,0.0,11.0,1.0,3.5,1.0,5.5,3.0,1.0,0.833333333333333,0.0,0.25,0.0,3.0,2.0,4.0,0.6,0.4,1
787,0,13.0,1.0,2.0,3.0,568.0,3.0,0.25,0.0,100.0,2.0,6.0,249.0,6.0,5.81528662420382,0.0,6.81528662420382,1.0,0.0,0.914634146341463,0.0,1.0,7.0,4.0,1.0,21.0,0.54,0.46,2
788,0,1.0,2.0,2.0,1.0,32.0,1.0,0.15,1.0,71.0,3.0,0.0,14.0,1.0,2.8,1.0,6.6,1.0,1.0,1.46153846153846,0.0,0.0,0.0,2.0,2.0,6.0,0.57,0.43,2
790,0,21.0,4.0,1.0,0.0,28.0,1.0,0.02,0.0,97.0,2.0,0.0,15.0,2.0,4.44117647058824,1.0,5.27941176470588,1.0,1.0,2.77464788732394,0.0,0.333333333333333,0.0,5.0,0.0,3.0,0.51,0.49,1
792,0,2.0,1.0,3.0,4.0,189.0,0.0,0.43,0.0,87.0,1.0,0.0,31.0,2.0,7.17647058823529,0.0,5.61764705882353,0.0,1.0,1.05263157894737,0.0,0.4,0.0,5.0,1.0,3.0,0.58,0.42,2
793,0,20.0,1.0,0.0,5.0,161.0,0.0,3.04,0.0,0.0,2.0,2.0,14.0,1.0,3.51851851851852,0.0,0.518518518518518,0.0,1.0,0.0,0.0,0.583333333333333,0.0,3.0,2.0,6.0,0.52,0.48,1
800,0,12.0,1.0,5.0,5.0,323.0,0.0,0.59,0.0,90.0,1.0,0.0,26.0,1.0,5.88636363636364,1.0,4.84090909090909,1.0,1.0,1.02173913043478,0.0,0.363636363636364,0.0,4.0,0.0,10.0,0.52,0.48,1
805,0,0.0,1.0,1.0,1.0,40.0,2.0,0.31,0.0,67.0,3.0,0.0,21.0,2.0,3.1,1.0,6.6,1.0,1.0,0.666666666666667,0.0,0.375,0.0,2.0,2.0,5.0,0.51,0.49,1
809,0,4.0,1.0,10.0,8.0,313.0,0.0,0.55,2.0,84.0,1.0,0.0,46.0,2.0,6.07142857142857,1.0,9.60714285714286,0.0,1.0,1.1,0.0,0.25,0.0,2.0,0.0,5.0,0.51,0.49,1
812,0,9.0,2.0,5.0,3.0,371.0,1.0,0.3,0.0,100.0,3.0,1.0,36.0,2.0,6.79411764705882,0.0,6.01470588235294,1.0,0.0,1.4390243902439,0.0,0.5,0.0,2.0,2.0,3.0,0.52,0.48,2
842,0,1.0,1.0,0.0,4.0,46.0,0.0,0.34,0.0,55.0,1.0,0.0,17.0,2.0,2.14285714285714,1.0,11.2857142857143,1.0,1.0,1.7,0.0,0.5,0.0,3.0,4.0,1.0,0.53,0.47,1
853,0,2.0,2.0,1.0,3.0,66.0,8.0,0.4,0.0,80.0,1.0,2.0,17.0,1.0,4.46153846153846,1.0,5.84615384615385,0.0,1.0,1.17647058823529,0.0,0.545454545454545,0.0,3.0,0.0,3.0,0.53,0.47,2
858,0,3.0,1.0,1.0,1.0,71.0,0.0,0.17,0.0,77.0,1.0,0.0,11.0,3.0,5.5625,1.0,5.15625,1.0,1.0,0.825,0.0,0.571428571428571,0.0,6.0,2.0,4.0,0.53,0.47,1
872,0,7.0,2.0,1.0,6.0,152.0,1.0,0.41,0.0,71.0,2.0,6.0,13.0,2.0,6.05,0.0,7.45,1.0,1.0,1.16666666666667,0.0,0.0,0.0,3.0,2.0,7.0,0.51,0.49,2
875,0,43.0,1.0,13.0,6.0,1645.0,17.0,0.46,1.0,100.0,1.0,4.0,97.0,2.0,10.1880733944954,0.0,6.60091743119266,0.0,0.0,1.03846153846154,0.0,0.327868852459016,8.0,4.0,2.0,3.0,0.54,0.46,2
877,0,17.0,1.0,9.0,4.0,103.0,31.0,0.3,0.0,96.0,3.0,2.0,238.0,7.0,6.29411764705882,0.0,8.17058823529412,1.0,1.0,1.23076923076923,0.0,0.338461538461538,9.0,3.0,1.0,23.0,0.55,0.45,2
880,0,8.0,1.0,10.0,2.0,423.0,4.0,0.33,0.0,94.0,1.0,1.0,59.0,2.0,4.58823529411765,0.0,6.49019607843137,1.0,1.0,0.906542056074766,0.0,0.4,5.0,5.0,1.0,8.0,0.51,0.49,1
890,0,2.0,1.0,1.0,3.0,103.0,0.0,0.66,0.0,68.0,2.0,0.0,4.0,2.0,3.05263157894737,1.0,3.36842105263158,1.0,1.0,0.739130434782609,0.0,0.666666666666667,0.0,5.0,2.0,1.0,0.6,0.4,1
893,0,16.0,2.0,6.0,4.0,354.0,0.0,0.6,0.0,88.0,2.0,0.0,20.0,2.0,5.78260869565217,0.0,6.10869565217391,1.0,1.0,1.16,0.0,0.25,0.0,6.0,0.0,9.0,0.51,0.49,1
895,0,7.0,2.0,5.0,2.0,141.0,0.0,0.3,0.0,87.0,2.0,2.0,19.0,2.0,4.08571428571429,0.0,5.42857142857143,1.0,1.0,1.29268292682927,0.0,0.222222222222222,0.0,4.0,1.0,3.0,0.52,0.48,2
908,0,2.0,3.0,1.0,2.0,49.0,0.0,0.37,0.0,50.0,1.0,0.0,10.0,2.0,6.0,2.0,9.0,1.0,1.0,2.5,0.0,0.75,0.0,1.0,2.0,1.0,0.67,0.33,1
933,0,11.0,1.0,2.0,8.0,313.0,0.0,0.68,0.0,100.0,2.0,1.0,26.0,2.0,7.07407407407407,0.0,6.96296296296296,1.0,0.0,0.939393939393939,0.0,0.375,0.0,4.0,2.0,1.0,0.51,0.49,2
934,0,52.0,1.0,0.0,2.0,191.0,0.0,1.99,0.0,100.0,1.0,1.0,20.0,2.0,2.92307692307692,0.0,0.846153846153846,0.0,1.0,0.0,0.0,0.0,0.0,2.0,2.0,15.0,0.56,0.44,2
937,0,11.0,1.0,14.0,3.0,427.0,0.0,0.44,0.0,92.0,1.0,2.0,19.0,2.0,7.58163265306122,0.0,3.90816326530612,1.0,1.0,0.648148148148148,0.0,0.3125,0.0,6.0,2.0,3.0,0.56,0.44,2
942,0,4.0,2.0,4.0,5.0,162.0,5.0,0.38,2.0,86.0,2.0,0.0,23.0,4.0,8.70833333333333,0.0,7.20833333333333,1.0,1.0,1.30769230769231,0.0,0.0,0.0,7.0,1.0,7.0,0.51,0.49,2
948,0,15.0,1.0,3.0,4.0,400.0,6.0,0.45,0.0,94.0,2.0,2.0,25.0,3.0,5.50819672131148,0.0,5.14754098360656,1.0,1.0,1.109375,0.0,0.263157894736842,0.0,2.0,2.0,3.0,0.51,0.49,2
949,0,34.0,1.0,0.0,3.0,202.0,0.0,1.8,0.0,100.0,1.0,1.0,7.0,2.0,6.71111111111111,0.0,0.777777777777778,0.0,1.0,0.0,0.0,0.4,0.0,5.0,2.0,6.0,0.54,0.46,1
953,0,42.0,2.0,4.0,2.0,322.0,6.0,0.23,0.0,100.0,2.0,3.0,37.0,2.0,5.36708860759494,1.0,6.20253164556962,0.0,1.0,1.27956989247312,0.0,0.391304347826087,3.0,3.0,2.0,1.0,0.53,0.47,2
954,0,0.0,2.0,2.0,6.0,89.0,0.0,0.57,0.0,75.0,1.0,0.0,10.0,2.0,7.63636363636364,2.0,5.81818181818182,1.0,1.0,0.928571428571429,0.0,0.444444444444444,0.0,2.0,3.0,4.0,0.54,0.46,1
969,0,0.0,1.0,1.0,5.0,85.0,0.0,0.57,0.0,73.0,1.0,0.0,19.0,1.0,4.66666666666667,2.0,7.0,2.0,1.0,1.14285714285714,0.0,0.5,0.0,3.0,2.0,3.0,0.65,0.35,1
970,0,0.0,2.0,1.0,5.0,202.0,8.0,0.35,0.0,83.0,2.0,0.0,24.0,2.0,6.52,1.0,8.76,1.0,1.0,1.3,0.0,0.32,3.0,2.0,1.0,6.0,0.51,0.49,2
976,0,0.0,2.0,1.0,0.0,55.0,4.0,0.08,0.0,84.0,2.0,0.0,6.0,2.0,2.87037037037037,0.0,4.33333333333333,0.0,1.0,0.96875,0.0,0.428571428571429,0.0,2.0,2.0,7.0,0.55,0.45,2
1021,0,4.0,4.0,3.0,1.0,42.0,0.0,0.08,0.0,56.0,2.0,0.0,17.0,1.0,7.66666666666667,3.0,19.5,5.0,2.0,2.64285714285714,1.0,0.333333333333333,0.0,2.0,1.0,3.0,0.53,0.47,1
1027,0,0.0,2.0,2.0,0.0,24.0,0.0,0.11,0.0,62.0,2.0,0.0,14.0,1.0,5.55555555555556,2.0,13.8888888888889,3.0,1.0,2.18181818181818,0.0,0.333333333333333,0.0,1.0,0.0,3.0,0.52,0.48,1
1033,0,3.0,1.0,2.0,1.0,214.0,0.0,0.19,0.0,94.0,2.0,0.0,69.0,5.0,3.38461538461538,0.0,3.96581196581197,0.0,1.0,0.764705882352941,0.0,1.0,0.0,4.0,2.0,10.0,0.55,0.45,2
1034,0,18.0,1.0,10.0,3.0,147.0,0.0,0.33,1.0,87.0,1.0,0.0,35.0,1.0,5.4,2.0,7.03333333333333,1.0,1.0,1.25,0.0,0.6,0.0,3.0,2.0,3.0,0.64,0.36,1
1039,0,0.0,2.0,3.0,2.0,131.0,0.0,0.28,0.0,87.0,3.0,0.0,12.0,1.0,5.51162790697674,3.0,4.34883720930233,1.0,1.0,1.59574468085106,0.0,0.5,0.0,2.0,2.0,3.0,0.54,0.46,1
1049,0,2.0,2.0,10.0,3.0,103.0,0.0,0.2,2.0,100.0,2.0,0.0,11.0,2.0,5.23076923076923,0.0,7.46153846153846,0.0,0.0,1.09375,0.0,0.375,0.0,1.0,2.0,3.0,0.51,0.49,1
1071,0,7.0,1.0,11.0,0.0,98.0,9.0,0.08,0.0,89.0,1.0,2.0,40.0,2.0,6.2125,0.0,6.8375,1.0,0.0,1.27906976744186,0.0,0.25,0.0,2.0,1.0,5.0,0.58,0.42,1
1112,0,2.0,2.0,5.0,7.0,622.0,1.0,0.64,0.0,90.0,2.0,2.0,10.0,2.0,9.2987012987013,0.0,4.79220779220779,0.0,1.0,1.18604651162791,0.0,0.0,6.0,5.0,2.0,13.0,0.53,0.47,3
1117,0,57.0,2.0,12.0,2.0,751.0,2.0,0.28,0.0,100.0,3.0,3.0,58.0,2.0,4.91,0.0,5.605,0.0,0.0,0.850678733031674,0.0,0.368421052631579,0.0,4.0,2.0,1.0,0.51,0.49,2
1118,0,0.0,2.0,1.0,7.0,75.0,0.0,0.68,0.0,71.0,1.0,0.0,15.0,1.0,6.0,4.0,5.71428571428571,2.0,1.0,1.44444444444444,0.0,0.6,0.0,3.0,1.0,5.0,0.53,0.47,1
1124,0,2.0,2.0,2.0,2.0,63.0,6.0,0.25,0.0,100.0,2.0,1.0,12.0,2.0,4.71428571428571,0.0,5.92857142857143,0.0,1.0,1.26315789473684,0.0,0.666666666666667,0.0,2.0,1.0,6.0,0.53,0.47,1
1138,0,15.0,1.0,4.0,4.0,308.0,0.0,0.48,1.0,88.0,1.0,2.0,19.0,2.0,2.65957446808511,0.0,5.72340425531915,0.0,1.0,0.622641509433962,0.0,0.444444444444444,0.0,1.0,4.0,3.0,0.67,0.33,1
1161,0,2.0,1.0,3.0,3.0,112.0,0.0,0.43,0.0,76.0,2.0,0.0,6.0,2.0,2.41666666666667,0.0,4.95833333333333,1.0,1.0,0.6,0.0,0.5,0.0,2.0,4.0,6.0,0.52,0.48,1
1164,0,0.0,1.0,3.0,5.0,56.0,0.0,0.36,0.0,66.0,1.0,0.0,6.0,2.0,2.85714285714286,1.0,10.7142857142857,1.0,1.0,0.272727272727273,0.0,0.6,0.0,1.0,3.0,5.0,0.58,0.42,1
1165,0,0.0,1.0,0.0,14.0,82.0,0.0,1.19,0.0,0.0,1.0,0.0,11.0,1.0,6.5,3.0,7.25,2.0,1.0,0.833333333333333,0.0,0.428571428571429,0.0,1.0,2.0,4.0,0.62,0.38,1
1167,0,2.0,1.0,1.0,2.0,183.0,1.0,0.14,2.0,52.0,1.0,0.0,42.0,2.0,2.78333333333333,0.0,9.55,0.0,1.0,1.03030303030303,0.0,0.541666666666667,5.0,4.0,1.0,3.0,0.52,0.48,2
1176,0,0.0,3.0,7.0,3.0,29.0,0.0,0.31,2.0,58.0,1.0,0.0,8.0,1.0,3.66666666666667,1.0,8.33333333333333,1.0,1.0,1.2,0.0,0.5,0.0,3.0,2.0,1.0,0.63,0.37,1
1212,0,0.0,1.0,10.0,0.0,28.0,0.0,0.1,0.0,69.0,1.0,0.0,17.0,2.0,3.875,1.0,8.5,1.0,1.0,0.458333333333333,0.0,0.75,0.0,4.0,2.0,0.0,0.58,0.42,1
1213,0,12.0,1.0,3.0,0.0,49.0,0.0,0.12,0.0,90.0,3.0,0.0,23.0,2.0,2.02325581395349,0.0,3.32558139534884,1.0,1.0,0.333333333333333,0.0,0.5,0.0,5.0,1.0,6.0,0.57,0.43,1
1216,0,0.0,1.0,9.0,0.0,63.0,0.0,0.06,0.0,96.0,1.0,0.0,6.0,2.0,1.72058823529412,0.0,2.90441176470588,1.0,1.0,0.273381294964029,0.0,0.666666666666667,0.0,4.0,3.0,5.0,0.58,0.42,1
1218,0,0.0,2.0,8.0,1.0,40.0,0.0,0.09,2.0,66.0,2.0,0.0,17.0,2.0,4.22222222222222,0.0,9.55555555555556,1.0,1.0,1.22727272727273,0.0,0.2,0.0,4.0,2.0,6.0,0.51,0.49,2
1220,0,0.0,1.0,3.0,1.0,31.0,0.0,0.44,1.0,55.0,3.0,0.0,10.0,1.0,2.25,1.0,6.0,1.0,1.0,0.714285714285714,0.0,0.428571428571429,0.0,2.0,2.0,3.0,0.59,0.41,1
1221,0,0.0,1.0,1.0,5.0,48.0,0.0,0.6,1.0,0.0,3.0,0.0,10.0,1.0,1.75,1.0,7.0,1.0,1.0,1.14285714285714,0.0,0.375,0.0,2.0,0.0,4.0,0.62,0.38,1
1234,0,0.0,1.0,14.0,9.0,298.0,0.0,0.21,4.0,72.0,3.0,0.0,38.0,1.0,7.55172413793103,0.0,10.7241379310345,1.0,1.0,0.9375,0.0,0.6,0.0,4.0,2.0,4.0,0.69,0.31,1
1237,0,0.0,1.0,5.0,1.0,34.0,0.0,0.24,1.0,60.0,1.0,0.0,6.0,1.0,4.42857142857143,1.0,7.57142857142857,2.0,1.0,1.88888888888889,0.0,0.571428571428571,0.0,2.0,4.0,2.0,0.55,0.45,1
1252,0,1.0,1.0,13.0,5.0,1003.0,1.0,0.59,0.0,97.0,2.0,1.0,10.0,2.0,17.1077844311377,0.0,5.03592814371257,0.0,1.0,0.623595505617977,0.0,0.25,4.0,5.0,2.0,16.0,0.55,0.45,2
1294,0,0.0,1.0,1.0,13.0,78.0,0.0,0.3,7.0,75.0,1.0,0.0,12.0,1.0,7.0,1.0,5.5,2.0,1.0,0.833333333333333,0.0,0.333333333333333,0.0,3.0,2.0,2.0,0.51,0.49,1
1302,0,0.0,1.0,5.0,1.0,49.0,1.0,0.19,0.0,60.0,2.0,1.0,10.0,2.0,2.9375,0.0,8.3125,0.0,1.0,0.782608695652174,0.0,0.5,0.0,3.0,4.0,2.0,0.52,0.48,1
1318,0,1.0,1.0,8.0,2.0,62.0,0.0,0.22,2.0,80.0,1.0,1.0,22.0,1.0,4.21428571428571,1.0,8.71428571428571,1.0,1.0,0.75,0.0,0.75,0.0,4.0,2.0,5.0,0.64,0.36,1
1319,0,4.0,1.0,7.0,2.0,70.0,4.0,0.24,1.0,78.0,1.0,1.0,3.0,2.0,4.4,1.0,6.3,1.0,1.0,1.11538461538462,0.0,0.4,0.0,2.0,4.0,4.0,0.54,0.46,1
1329,0,0.0,1.0,9.0,0.0,24.0,0.0,0.14,0.0,71.0,3.0,0.0,16.0,2.0,3.72727272727273,1.0,6.72727272727273,1.0,1.0,0.785714285714286,0.0,0.0,0.0,1.0,5.0,5.0,0.6,0.4,1
1340,0,0.0,1.0,11.0,5.0,87.0,0.0,0.35,3.0,70.0,1.0,0.0,35.0,1.0,4.54545454545455,1.0,11.2727272727273,1.0,1.0,0.692307692307692,0.0,0.333333333333333,0.0,1.0,2.0,4.0,0.56,0.44,1
1351,0,5.0,1.0,6.0,7.0,362.0,0.0,0.43,0.0,80.0,3.0,0.0,62.0,2.0,6.21739130434783,0.0,10.4347826086957,1.0,1.0,0.818181818181818,0.0,0.357142857142857,0.0,4.0,1.0,4.0,0.51,0.49,1
1353,0,2.0,1.0,1.0,2.0,183.0,0.0,0.29,0.0,93.0,1.0,0.0,25.0,2.0,1.140625,0.0,4.265625,0.0,1.0,0.202898550724638,0.0,0.272727272727273,0.0,3.0,1.0,3.0,0.51,0.49,2
1357,0,3.0,2.0,6.0,1.0,123.0,0.0,0.11,1.0,67.0,1.0,0.0,46.0,2.0,5.12280701754386,0.0,10.5087719298246,1.0,1.0,0.641975308641975,0.0,0.388888888888889,0.0,3.0,0.0,6.0,0.51,0.49,1
1365,0,12.0,1.0,2.0,4.0,105.0,0.0,0.37,1.0,35.0,1.0,0.0,6.0,2.0,2.42857142857143,0.0,6.47619047619048,0.0,1.0,0.481481481481481,0.0,0.583333333333333,0.0,2.0,5.0,5.0,0.53,0.47,1
1369,0,0.0,1.0,4.0,5.0,406.0,0.0,3.69,0.0,75.0,1.0,0.0,12.0,1.0,2.18181818181818,0.0,4.63636363636364,0.0,1.0,0.538461538461538,0.0,0.6,0.0,1.0,3.0,5.0,0.53,0.47,1
1370,0,0.0,1.0,1.0,1.0,31.0,0.0,0.19,1.0,71.0,1.0,0.0,0.0,1.0,3.5,1.0,10.625,1.0,1.0,0.8,0.0,0.333333333333333,0.0,1.0,3.0,4.0,0.52,0.48,1
1384,0,33.0,1.0,15.0,0.0,170.0,18.0,0.15,0.0,100.0,3.0,8.0,34.0,2.0,3.32692307692308,0.0,4.02884615384615,0.0,0.0,0.454545454545455,0.0,0.444444444444444,0.0,3.0,1.0,8.0,0.53,0.47,1
1391,0,0.0,1.0,0.0,6.0,69.0,0.0,0.34,3.0,0.0,1.0,0.0,27.0,1.0,1.57142857142857,0.0,20.4285714285714,10.0,1.0,1.44444444444444,0.0,0.4,0.0,1.0,1.0,1.0,0.65,0.35,1
1397,0,6.0,1.0,3.0,2.0,54.0,0.0,0.34,0.0,44.0,1.0,0.0,6.0,2.0,1.78571428571429,0.0,6.57142857142857,0.0,1.0,0.238095238095238,0.0,0.5,0.0,3.0,3.0,4.0,0.63,0.37,1
1409,0,1.0,3.0,2.0,0.0,20.0,0.0,0.08,8.0,33.0,1.0,0.0,15.0,1.0,3.66666666666667,3.0,24.3333333333333,3.0,5.0,6.4,2.0,0.0,0.0,2.0,2.0,3.0,0.59,0.41,1
1414,0,11.0,1.0,8.0,2.0,67.0,0.0,0.26,0.0,87.0,2.0,0.0,20.0,2.0,3.45454545454545,0.0,4.45454545454545,1.0,1.0,0.384615384615385,0.0,0.375,0.0,4.0,3.0,2.0,0.55,0.45,1
1421,0,2.0,1.0,12.0,3.0,478.0,2.0,0.15,3.0,91.0,3.0,1.0,88.0,2.0,4.48148148148148,0.0,13.212962962963,1.0,1.0,1.54545454545455,0.0,0.277777777777778,0.0,4.0,2.0,2.0,0.52,0.48,2
1426,0,3.0,1.0,8.0,1.0,53.0,0.0,0.22,1.0,84.0,4.0,0.0,18.0,2.0,4.14285714285714,0.0,7.57142857142857,2.0,1.0,0.9,0.0,0.5,0.0,2.0,2.0,4.0,0.62,0.38,1
1428,0,0.0,1.0,0.0,8.0,156.0,2.0,0.29,7.0,70.0,3.0,0.0,15.0,1.0,4.625,0.0,14.8125,2.0,1.0,0.666666666666667,0.0,0.6,0.0,3.0,2.0,2.0,0.58,0.42,1
1433,0,1.0,1.0,7.0,3.0,170.0,0.0,0.23,2.0,87.0,2.0,0.0,25.0,2.0,3.19047619047619,0.0,8.21428571428571,1.0,1.0,0.739130434782609,0.0,0.571428571428571,0.0,4.0,2.0,6.0,0.57,0.43,1
1449,0,0.0,1.0,6.0,3.0,82.0,0.0,0.38,2.0,63.0,1.0,0.0,17.0,1.0,4.6875,0.0,10.4375,2.0,1.0,0.722222222222222,0.0,0.333333333333333,0.0,2.0,5.0,3.0,0.68,0.32,1
1455,0,2.0,1.0,7.0,4.0,103.0,0.0,0.25,3.0,83.0,3.0,0.0,22.0,2.0,5.41176470588235,2.0,9.58823529411765,2.0,1.0,1.65,0.0,0.25,0.0,4.0,1.0,7.0,0.54,0.46,1
1462,0,2.0,2.0,8.0,4.0,203.0,1.0,0.25,1.0,78.0,3.0,1.0,17.0,2.0,4.375,0.0,11.35,1.0,1.0,1.10416666666667,0.0,0.526315789473684,0.0,6.0,0.0,5.0,0.55,0.45,2
1464,0,1.0,1.0,7.0,5.0,154.0,0.0,0.2,3.0,80.0,3.0,0.0,32.0,1.0,7.34782608695652,0.0,14.9565217391304,1.0,1.0,1.52,0.0,0.333333333333333,0.0,7.0,2.0,4.0,0.51,0.49,1
1475,0,0.0,1.0,7.0,0.0,18.0,0.0,0.15,0.0,75.0,1.0,0.0,14.0,1.0,3.42857142857143,1.0,6.14285714285714,1.0,1.0,1.88888888888889,0.0,0.2,0.0,1.0,2.0,2.0,0.58,0.42,1
1485,0,0.0,1.0,3.0,4.0,61.0,2.0,0.28,1.0,75.0,3.0,1.0,49.0,2.0,4.44117647058824,0.0,11.4411764705882,0.0,1.0,0.568181818181818,0.0,0.333333333333333,0.0,3.0,1.0,8.0,0.51,0.49,2
1526,0,0.0,1.0,15.0,0.0,115.0,0.0,0.07,1.0,67.0,2.0,0.0,49.0,2.0,4.976,0.0,6.192,1.0,1.0,0.476923076923077,0.0,0.421052631578947,0.0,4.0,0.0,8.0,0.51,0.49,1
1527,0,0.0,1.0,8.0,2.0,55.0,0.0,0.16,2.0,71.0,1.0,0.0,18.0,2.0,4.3125,1.0,6.625,1.0,1.0,0.473684210526316,0.0,0.5,0.0,3.0,2.0,3.0,0.62,0.38,1
1535,0,0.0,1.0,2.0,2.0,66.0,0.0,0.29,1.0,75.0,1.0,0.0,10.0,2.0,3.9375,0.0,6.8125,1.0,1.0,0.578947368421053,0.0,0.571428571428571,0.0,3.0,3.0,1.0,0.63,0.37,1
1544,0,0.0,1.0,8.0,1.0,55.0,0.0,0.18,0.0,87.0,4.0,0.0,10.0,2.0,4.15,0.0,5.3,1.0,1.0,1.26923076923077,0.0,0.333333333333333,0.0,3.0,3.0,2.0,0.53,0.47,1
1560,0,0.0,1.0,3.0,5.0,67.0,0.0,0.28,1.0,50.0,1.0,0.0,20.0,2.0,2.44444444444444,1.0,9.88888888888889,1.0,1.0,0.692307692307692,0.0,0.4,0.0,1.0,2.0,2.0,0.59,0.41,1
1566,0,0.0,1.0,2.0,4.0,106.0,0.0,0.26,1.0,41.0,3.0,0.0,10.0,1.0,2.94736842105263,0.0,8.78947368421053,1.0,1.0,0.727272727272727,0.0,0.428571428571429,0.0,4.0,4.0,5.0,0.51,0.49,1
1581,0,0.0,1.0,0.0,0.0,24.0,0.0,0.16,0.0,93.0,1.0,1.0,17.0,2.0,0.903225806451613,0.0,1.2258064516129,0.0,1.0,0.0,0.0,0.375,0.0,5.0,3.0,3.0,0.52,0.48,1
1595,0,0.0,1.0,2.0,1.0,36.0,0.0,0.15,0.0,61.0,1.0,0.0,6.0,2.0,2.14285714285714,1.0,8.42857142857143,2.0,1.0,0.411764705882353,0.0,0.4,0.0,2.0,4.0,4.0,0.56,0.44,1
1598,0,6.0,1.0,11.0,5.0,103.0,3.0,0.27,2.0,73.0,1.0,0.0,54.0,2.0,5.96,0.0,11.8533333333333,0.0,1.0,0.895348837209302,0.0,0.4,0.0,4.0,1.0,6.0,0.54,0.46,2
1609,0,0.0,1.0,7.0,0.0,21.0,7.0,0.16,0.0,82.0,1.0,2.0,19.0,1.0,4.33333333333333,1.0,4.33333333333333,1.0,1.0,0.5,0.0,0.428571428571429,0.0,4.0,2.0,5.0,0.54,0.46,1
