project,test_idx,candidate_id,min,max,mean,CountDeclMethodPrivate,CountDeclMethodDefault,AvgEssential,CountDeclClassVariable,CountDeclClassMethod,AvgLineComment,AvgCyclomaticModified,CountDeclClass,CountDeclMethodProtected,CountDeclInstanceVariable,CountDeclMethodPublic,RatioCommentToCode,AvgLineBlank,PercentLackOfCohesion,MaxInheritanceTree,CountClassDerived,CountClassCoupled,CountClassBase,CountInput_Mean,CountInput_Min,CountOutput_Min,MaxNesting_Min,ADEV,OWN_COMMIT,MINOR_COMMIT,MINOR_LINE,MAJOR_LINE,OWN_LINE
activemq@0,39,0,1.7786342407731954,2.778634240773196,2.4453009074398624,0.0,1.0,1.0,5.0,3.0,4.0,2.0,6.0,21.0,59.0,133.0,0.77,0.0,97.0,1.0,2.0,59.0,1.5521297035738826,4.74534161490683,0.0,0.0,0.0,11.0,0.454545454545455,0.0,3.0,1.0,
activemq@0,46,0,3.234449018783597,3.8069680006976316,3.510993566337785,0.0,2.0,1.0,1.0,0.0,4.0,3.0,5.0,10.0,21.0,35.0,0.41,0.0,89.0,1.0,3.0,27.0,4.0,4.82692307692308,0.811930580646731,1.0,0.0,5.0,0.6,0.0,3.0,2.0,
activemq@0,92,0,1.0014726700587773,1.5387091165758182,1.2409875609791634,0.0,0.0,1.0,5.0,0.0,1.0,2.0,5.0,33.0,64.0,143.0,0.29,0.0,98.0,1.0,2.0,63.0,2.0,6.19774011299435,0.811930580646731,0.0,0.0,22.0,0.818181818181818,0.0,3.0,2.0,
activemq@0,104,0,1.0391898515772828e-16,0.8421052631578947,0.7436079305846249,0.0,0.0,1.0,1.0,0.0,5.0,1.0,1.0,4.0,2.0,21.0,0.84,0.0,89.0,3.0,0.0,25.0,1.0,3.24,0.0,1.0,0.0,0.0,0.333333333333333,0.0,2.0,1.0,
activemq@0,147,0,0.08269539386189229,0.9160287271952255,0.5891547225391826,0.0,0.0,1.0,1.0,0.0,2.0,2.0,1.0,4.503827636828646,12.0,20.0,0.25,0.0,83.0,1.0,3.0,27.0,2.0,4.37037037037037,0.0,0.0,0.0,10.0,0.9,0.0,3.0,1.0,
activemq@0,148,0,0.0,0.5714285714285714,0.2941176470588236,0.0,0.0,1.0,1.0,1.0,0.0,1.0,1.0,1.0,7.0,21.0,0.11,0.0,85.0,1.0,2.0,13.0,2.0,2.95652173913043,0.0,0.0,0.0,5.0,0.8,0.0,3.0,1.0,
activemq@0,154,0,0.08269539390069743,0.7493620605673641,0.4482272260774595,0.0,0.0,2.0,2.0,0.0,1.0,3.0,1.0,4.503827636595815,11.0,21.0,0.22,0.0,87.0,2.0,0.0,13.0,2.0,3.22222222222222,0.0,1.0,0.0,6.0,0.666666666666667,0.0,2.0,0.0,
activemq@0,218,0,0.048891826915009505,0.8822251602483427,0.5579514299728292,0.0,1.0,2.0,1.0,0.0,2.0,3.0,4.0,5.706649038509942,12.0,30.0,0.24,0.0,89.0,2.0,2.0,25.0,2.0,3.53846153846154,0.0,0.0,0.0,17.0,0.764705882352941,0.0,3.0,1.0,
activemq@0,225,0,0.04889182684322198,0.7155584935098886,0.4222244821870938,0.0,0.0,1.0,2.0,0.0,0.0,2.0,1.0,5.706649038940668,19.0,66.0,0.06,0.0,92.0,1.0,1.0,43.0,2.0,3.84931506849315,0.0,0.0,0.0,10.0,0.8,0.0,3.0,1.0,
activemq@0,230,0,0.0,0.5714285714285714,0.2941176470588236,0.0,1.0,1.0,1.0,0.0,1.0,2.0,6.0,3.0,11.0,37.0,0.18,1.0,88.0,2.0,1.0,45.0,2.0,3.02380952380952,0.0,0.0,0.0,18.0,0.777777777777778,0.0,3.0,2.0,
activemq@0,282,0,1.0391898515772828e-16,0.8421052631578947,0.7436079305846249,1.0,0.0,1.0,2.0,0.0,1.0,1.0,1.0,0.0,6.0,17.0,0.41,0.0,87.0,4.0,0.0,3.0,2.0,2.83333333333333,0.0,1.0,0.0,0.0,0.333333333333333,0.0,2.0,0.0,
activemq@0,359,0,0.023680917362055336,0.6369499453299862,0.2803668826134097,2.0,0.0,2.0,1.0,18.0,1.0,2.0,7.0,7.0,1.0,29.0,0.19,0.0,100.0,2.0,5.0,6.0,2.0,2.42105263157895,0.811930580646731,0.0,0.0,0.0,0.333333333333333,0.0,2.0,2.0,
activemq@0,389,0,0.03514864464186298,0.6974110117307595,0.19942100602306112,0.0,3.0,1.0,3.0,0.0,0.0,2.0,4.0,5.0,6.0,41.0,0.19,0.0,90.0,2.0,2.0,1.2281756170559677,3.0,1.36734693877551,0.0,0.0,0.0,0.0,0.333333333333333,0.0,2.0,2.0,
activemq@0,427,0,0.6079098587720404,1.4110128884149173,0.7902055552251598,9.0,10.0,1.0,5.0,2.0,0.3810552115319296,2.0,1.0,0.0,22.0,24.0,0.18,0.0,91.0,1.0,0.0,10.0,3.0,4.13953488372093,0.811930580646731,1.0,0.0,11.0,1.0,0.0,2.0,0.0,
activemq@0,727,0,1.0391898515772828e-16,0.8421052631578947,0.7436079305846249,0.0,0.0,1.0,0.0,0.0,1.0,1.0,1.0,0.0,9.0,19.0,0.62,0.0,88.0,1.0,0.0,6.0,2.0,1.63157894736842,0.0,1.0,0.0,0.0,0.333333333333333,0.0,2.0,0.0,
activemq@0,729,0,1.0391898515772828e-16,0.8421052631578947,0.7436079305846249,0.0,1.0,1.0,0.0,0.0,2.0,2.0,1.0,0.0,4.0,17.0,0.34,0.0,65.0,1.0,0.0,12.0,2.0,3.55555555555556,0.0,0.0,0.0,0.0,0.333333333333333,0.0,2.0,0.0,
activemq@0,737,0,1.0391898515772828e-16,0.8421052631578947,0.7436079305846249,2.0,0.0,1.0,1.0,2.0,0.0,3.0,1.0,2.0,2.0,30.0,0.12,0.0,62.0,1.0,7.0,8.0,2.0,5.38235294117647,1.0,1.0,0.0,0.0,0.333333333333333,0.0,3.0,1.0,
activemq@0,754,0,1.0014726700587773,1.5387091165758182,1.2409875609791634,0.0,0.0,1.0,2.0,1.0,0.0,2.0,4.0,4.0,13.0,48.0,0.15,0.0,94.0,2.0,0.0,21.0,3.0,2.9622641509434,0.811930580646731,0.0,0.0,2.0,1.0,0.0,2.0,2.0,
activemq@0,757,0,1.0391898515772828e-16,0.8421052631578947,0.7436079305846249,1.0,0.0,1.0,1.0,0.0,0.0,3.0,1.0,0.0,6.0,13.0,0.16,0.0,74.0,1.0,0.0,2.0,1.0,7.42857142857143,2.0,1.0,0.0,0.0,0.333333333333333,0.0,2.0,2.0,
activemq@0,788,0,1.0391898515772828e-16,0.8421052631578947,0.7436079305846249,0.0,6.0,1.0,0.0,0.0,0.0,1.0,8.0,0.0,5.0,23.0,0.26,0.0,58.0,1.0,1.0,8.0,2.0,2.24137931034483,0.0,0.0,0.0,0.0,0.333333333333333,0.0,2.0,1.0,
activemq@0,832,0,0.14285714285714288,0.7142857142857142,0.40336134453781514,0.0,3.0,1.0,1.0,0.0,0.0,3.0,4.0,1.0,32.0,50.0,0.1,0.0,93.0,1.0,0.0,16.0,2.0,2.71428571428571,0.0,1.0,0.0,25.0,0.76,0.0,3.0,2.0,
activemq@0,834,0,0.00973035665370073,0.6872393403159963,0.05723759409432395,2.0,1.0,2.0,1.0,0.0,0.0,3.0,4.0,2.0,26.0,35.0,0.1,1.0,90.0,2.0,0.0,18.0,2.0,2.875,0.0,1.0,0.0,1.321101769572124,1.0,0.0,2.0,3.0,
activemq@0,884,0,0.05916736254099913,0.9408326374590009,0.33855487956334684,0.0,0.0,1.0,2.0,0.0,1.0,2.0,3.0,9.0,23.0,37.0,0.4,0.0,93.0,4.0,3.0,1.065012525737984,4.0,2.39130434782609,1.0,1.0,0.0,3.0,0.666666666666667,0.0,3.0,1.0,
activemq@0,886,0,0.08397127276596926,0.5826953939006974,0.3264814265466366,0.0,0.0,1.0,1.0,0.0,1.0,2.0,2.0,4.503827636595815,14.0,22.0,0.39,0.0,90.0,4.0,3.0,13.0,2.0,2.37037037037037,0.0,0.0,0.0,2.0,0.5,0.0,3.0,1.0,
activemq@0,913,0,0.0024439485277980436,0.9975560514722019,0.3936576246047422,1.0,0.0,1.0,3.0,0.0,0.0,2.0,1.0,1.0,15.0,26.0,0.18,0.0,89.0,1.0,1.0,2.043991073500365,3.0,2.46428571428571,0.0,0.0,0.0,5.0,0.6,0.0,3.0,0.0,
activemq@0,1093,0,1.0391898515772828e-16,0.8421052631578947,0.7436079305846249,0.0,0.0,1.0,1.0,2.0,1.0,1.0,8.0,0.0,6.0,37.0,0.21,2.0,85.0,5.0,0.0,6.0,2.0,3.94594594594595,0.0,2.0,0.0,0.0,0.333333333333333,0.0,2.0,2.0,
activemq@0,1103,0,0.031344903225544805,0.6353217634411219,0.22094797736274804,0.0,0.0,1.0,2.0,0.0,0.0,2.0,3.0,25.0,12.0,14.0,0.1,0.0,85.0,4.0,6.0,13.0,2.0,6.82051282051282,0.811930580646731,1.0,0.0,1.0,1.0,0.0,2.0,1.0,
activemq@0,1118,0,1.0391898515772828e-16,0.8421052631578947,0.7436079305846249,0.0,0.0,1.0,1.0,0.0,3.0,3.0,1.0,7.0,13.0,2.0,0.47,1.0,82.0,3.0,2.0,0.0,2.0,4.22222222222222,0.0,0.0,0.0,0.0,0.333333333333333,0.0,2.0,2.0,
activemq@0,1134,0,0.07059277835959635,0.5005755346745567,0.26298250732360484,2.0,0.0,1.0,3.0,0.0,4.0,2.0,1.0,8.0,13.0,16.0,0.42,2.0,82.0,3.0,2.0,1.2281756170559677,2.0,3.69230769230769,0.811930580646731,1.0,0.0,0.0,0.333333333333333,0.0,2.0,2.0,
activemq@0,1169,0,1.0391898515772828e-16,0.8421052631578947,0.7436079305846249,2.0,0.0,1.0,1.0,0.0,2.0,2.0,2.0,5.0,3.0,4.0,0.24,2.0,77.0,2.0,0.0,4.0,2.0,2.45454545454545,0.0,1.0,0.0,0.0,0.333333333333333,0.0,1.0,0.0,
activemq@0,1318,0,1.0391898515772828e-16,0.8421052631578947,0.7436079305846249,0.0,0.0,1.0,0.0,2.0,1.0,1.0,1.0,0.0,3.0,5.0,0.38,1.0,80.0,6.0,0.0,7.0,1.0,1.8,0.0,2.0,0.0,0.0,0.333333333333333,0.0,4.0,0.0,
activemq@0,1429,0,1.0391898515772828e-16,0.8421052631578947,0.7436079305846249,5.0,0.0,1.0,0.0,0.0,2.0,1.0,1.0,7.0,5.0,8.0,0.29,2.0,68.0,3.0,3.0,3.0,1.0,3.35,0.0,1.0,0.0,0.0,0.333333333333333,0.0,2.0,0.0,
activemq@0,1496,0,0.002006366896881338,0.5706338178772734,0.12035905208563898,1.0,0.0,2.0,15.0,0.0,0.0,4.0,1.0,6.0,19.0,2.1023247117409483,0.07,2.0,85.0,1.0,0.0,2.0,2.0,6.83333333333333,0.0,2.0,0.0,0.0,0.0,0.0,1.0,1.0,
activemq@0,1504,0,1.0391898515772828e-16,0.8421052631578947,0.7436079305846249,0.0,0.0,1.0,1.0,0.0,2.0,1.0,1.0,7.0,6.0,6.0,0.95,0.0,86.0,2.0,1.0,0.0,1.0,1.84615384615385,1.0,1.0,0.0,0.0,0.333333333333333,0.0,1.0,0.0,
activemq@0,1506,0,1.0391898515772828e-16,0.8421052631578947,0.7436079305846249,0.0,0.0,1.0,0.0,0.0,0.0,3.0,4.0,0.0,2.0,6.0,0.22,1.0,100.0,2.0,0.0,2.0,2.0,1.16666666666667,0.0,2.0,0.0,0.0,0.333333333333333,0.0,1.0,0.0,
activemq@0,1583,0,0.04842900321411511,0.4739094791997464,0.2405860392307495,6.0,0.0,1.0,1.0,1.0,1.0,2.0,4.0,0.0,9.0,28.0,0.36,0.0,86.0,1.0,0.0,2.043991073500365,3.0,2.44117647058824,0.811930580646731,1.0,0.0,0.0,0.333333333333333,0.0,2.0,1.0,
activemq@0,1594,0,0.015059404115638015,0.5936362480582751,0.16070252198769455,2.0,0.0,1.0,0.0,0.0,4.0,1.0,1.0,0.0,1.3463662946596742,20.0,1.0,0.0,80.0,1.0,0.0,6.0,5.0,2.13636363636364,0.0,1.0,0.0,0.0,0.0,0.0,2.0,1.0,
activemq@0,1595,0,0.015059404115637998,0.5501579871887099,0.12990554646177296,1.0,0.0,1.0,0.0,0.0,4.0,1.0,1.0,0.0,1.3463662946596742,40.0,1.25,0.0,91.0,1.0,0.0,2.0,4.0,1.85365853658537,0.0,0.0,0.0,0.0,0.0,0.0,2.0,1.0,
activemq@0,1598,0,0.013210557881989379,0.6578959208444728,0.1721305780689044,1.0,0.0,1.0,3.0,1.0,0.0,1.0,4.0,3.0,4.0,18.0,0.18,0.0,79.0,2.0,2.0,2.043991073733196,3.0,2.31818181818182,0.0,0.0,0.0,0.0,0.333333333333333,0.0,3.0,0.0,
activemq@0,1601,0,0.007127381915993557,0.5561469897591307,0.1335047069689663,6.0,0.0,1.0,1.0,0.0,3.0,3.0,1.0,0.0,6.0,3.363496477715671,0.27,0.0,63.0,1.0,0.0,11.0,2.0,4.61538461538461,2.0,1.0,0.0,4.0,0.5,0.0,4.0,1.0,
activemq@0,1712,0,1.0391898515772828e-16,0.8421052631578947,0.7436079305846249,0.0,0.0,2.0,0.0,0.0,0.0,2.0,1.0,1.0,2.0,7.0,0.27,0.0,68.0,3.0,0.0,2.0,1.0,1.375,0.0,1.0,0.0,0.0,0.333333333333333,0.0,1.0,0.0,
activemq@0,1721,0,1.0391898515772828e-16,0.8421052631578947,0.7436079305846249,0.0,1.0,1.0,1.0,0.0,5.0,4.0,2.0,10.0,6.0,3.0,0.39,2.0,81.0,3.0,0.0,4.0,2.0,3.78571428571429,0.0,1.0,0.0,0.0,0.333333333333333,0.0,2.0,4.0,
activemq@0,1722,0,1.0391898515772828e-16,0.8421052631578947,0.7436079305846249,0.0,0.0,2.0,1.0,2.0,1.0,3.0,1.0,15.0,9.0,3.0,0.22,0.0,90.0,2.0,3.0,4.0,1.0,3.83333333333333,1.0,2.0,0.0,0.0,0.333333333333333,0.0,3.0,2.0,
activemq@0,1735,0,1.0391898515772828e-16,0.8421052631578947,0.7436079305846249,0.0,0.0,1.0,7.0,5.0,0.0,2.0,1.0,3.0,6.0,26.0,0.15,0.0,90.0,1.0,0.0,3.0,4.0,3.41379310344828,0.0,0.0,0.0,0.0,0.333333333333333,0.0,3.0,3.0,
activemq@1,43,0,0.229754996902193,0.7702450030978071,0.5960088338511064,1.0,0.0,1.0,6.0,1.0,2.0,1.0,2.0,7.0,31.0,77.0,0.55,0.0,97.0,2.0,3.0,0.8926499070657883,6.0,6.65882352941177,0.0,1.0,0.0,,0.5,,,2.0,0.568445475638051
activemq@1,48,0,1.4405033791061632,2.440503379106163,1.7496470656083396,6.0,3.0,1.0,1.0,0.0,4.0,3.0,6.0,8.0,1.2734560716198755,38.0,0.39,0.0,89.0,1.0,3.0,27.0,4.0,4.87272727272727,0.0,1.0,0.0,,0.666666666666667,,,3.0,0.496396396396396
activemq@1,67,0,0.20973414833917137,1.2097341483391713,0.5188778348413485,0.0,0.0,1.0,2.0,0.0,0.0,2.0,1.0,7.0,1.273456071590772,23.0,0.1,0.0,87.0,2.0,0.0,28.0,1.0,5.13333333333333,1.0,1.0,0.0,,1.0,,,1.0,0.464757709251101
activemq@1,110,0,0.050023662445780194,0.873053260631143,0.2031039453752971,0.0,0.0,1.0,1.0,0.0,4.0,1.0,1.0,4.0,1.6503076117951423,23.0,0.78,0.0,90.0,3.0,0.0,27.0,1.0,3.22222222222222,0.0,1.0,0.0,,1.0,,,1.0,0.690909090909091
activemq@1,111,0,0.19319688920605632,0.535302152363951,0.280812807721828,1.0,0.0,1.0,1.0,0.0,1.0,2.0,3.0,4.0,14.0,0.3170364203397184,0.25,0.0,83.0,1.0,0.0,20.0,3.0,3.08695652173913,0.0,0.0,0.0,,0.0,,,0.0,0.551369863013699
activemq@1,133,0,0.02975499690122281,0.7964216635678896,0.06743410600387531,4.0,0.0,1.0,2.0,5.0,2.0,2.0,2.0,2.0,13.0,27.0,0.41,0.0,90.0,1.0,0.0,0.8926499070366845,2.0,3.6969696969697,1.0,1.0,0.0,,0.666666666666667,,,1.0,0.583529411764706
activemq@1,153,0,0.5408239997856211,1.540823999785621,0.8499676862877981,0.0,0.0,1.0,1.0,0.0,2.0,2.0,1.0,7.0,2.969288002786925,20.0,0.24,0.0,83.0,1.0,3.0,27.0,2.0,4.40740740740741,0.0,0.0,0.0,,0.75,,,1.0,0.383474576271186
activemq@1,156,0,0.04037796950433426,1.0403779695043343,0.707044636171001,0.0,0.0,1.0,2.0,0.0,2.0,1.0,1.0,0.5921640959568322,24.0,49.0,0.62,0.0,95.0,1.0,2.623162013012916,15.0,2.0,2.66,1.0,1.0,0.0,,0.5,,,0.0,0.947368421052632
activemq@1,162,0,0.4204180528266497,1.4204180528266497,0.7295617393288266,0.0,0.0,2.0,2.0,0.0,1.0,3.0,1.0,6.0,3.534565313253552,21.0,0.22,0.0,87.0,2.0,0.0,13.0,2.0,3.22222222222222,0.0,1.0,0.0,,0.0,,,0.0,0.902743142144638
activemq@1,165,0,0.2331316921089847,1.2331316921089848,0.5422753786111619,0.0,0.0,1.0,1.0,0.0,1.0,2.0,1.0,1.0,2.9692880025831982,26.0,0.23,0.0,82.0,2.0,0.0,14.0,1.0,2.37037037037037,0.0,1.0,0.0,,0.5,,,0.0,0.676923076923077
activemq@1,166,0,0.11272574513434205,1.1127257451343422,0.42186943163651924,0.0,0.0,1.0,1.0,0.0,0.0,2.0,1.0,1.0,3.534565313253552,24.0,0.2,0.0,70.0,2.0,0.0,11.0,1.0,2.48,0.0,1.0,0.0,,0.0,,,0.0,0.729824561403509
activemq@1,212,0,1.8819565143606336,2.881956514360634,2.191100200862811,0.0,0.0,1.0,1.0,0.0,1.0,1.0,1.0,0.0,3.5345653133117594,65.0,0.41,0.0,96.0,2.0,0.0,25.0,1.0,2.4,1.0,1.0,0.0,,1.0,,,1.0,0.61100569259962
activemq@1,228,0,0.0035783364397695195,1.0035783364397697,0.8224838090765856,0.0,1.0,2.0,1.0,0.0,3.0,3.0,4.0,9.0,13.0,30.0,0.26,0.0,89.0,2.0,2.0,0.8926499068069116,2.0,3.775,0.0,0.0,0.0,,0.857142857142857,,,1.0,0.584239130434783
activemq@1,236,0,0.12740741552356902,1.127407415523569,0.8624754226199616,0.0,0.0,1.0,2.0,0.0,0.0,2.0,1.0,7.0,19.0,0.3170364202087512,0.06,0.0,92.0,2.0,1.0,42.0,1.0,4.08571428571429,0.0,0.0,0.0,,0.5,,,1.0,0.351648351648352
activemq@1,259,0,2.6712726099134527,3.671272609913453,2.9804162964156293,5.0,0.0,1.0,3.0,0.0,1.0,2.0,4.0,13.0,1.2734560711251106,76.0,0.15,0.0,95.0,1.0,1.0,71.0,4.0,3.12765957446809,0.0,1.0,0.0,,0.5,,,1.0,0.69479090242113
activemq@1,445,0,0.007351396089264491,0.6593152705774022,0.17927125491247053,11.0,10.0,1.0,8.0,2.0,1.0,2.0,1.0,0.0,26.0,30.0,0.18,0.0,92.0,1.0,0.0,5.779458117322065,3.0,4.6078431372549,0.0,1.0,0.0,,0.0,,,0.0,0.784440842787682
activemq@1,739,0,0.594349532954556,1.5943495329545558,0.9034932194567331,1.0,0.0,1.0,1.0,0.0,0.0,3.0,3.0,5.0,1.273456071590772,37.0,0.13,0.0,85.0,2.0,0.0,24.0,2.0,2.83720930232558,1.0,1.0,0.0,,1.0,,,1.0,0.460820895522388
activemq@1,745,0,1.4372096869709832,2.2373598470601017,1.7584195937565972,0.0,4.0,1.0,1.0,0.0,1.0,2.0,5.0,2.0,0.5197529909200966,26.0,0.16,0.0,83.0,1.0,1.0,21.0,2.0,4.59375,0.0,0.3735217635403387,0.0,,1.0,,,1.0,0.647584973166369
activemq@1,746,0,3.2052825214923355,4.205282521492336,3.514426207994513,5.0,1.0,1.0,5.0,0.0,1.0,2.0,4.0,10.0,0.3313272205996327,78.0,0.15,0.0,96.0,1.0,0.0,41.0,4.0,2.95744680851064,0.0,1.0,0.0,,0.666666666666667,,,2.0,0.659197012138189
activemq@1,789,0,0.6712726098776328,1.6712726098776327,0.9804162963798099,3.0,0.0,1.0,3.0,0.0,0.0,2.0,1.0,7.0,1.273456071590772,25.0,0.12,0.0,92.0,1.0,1.0,25.0,2.0,2.6,0.0,0.0,0.0,,1.0,,,0.0,0.706744868035191
activemq@1,790,0,0.2822055983930253,1.2822055983930252,0.5913492848952024,0.0,2.0,1.0,0.0,0.0,0.0,2.0,1.0,2.0,0.331327220890671,22.0,0.12,0.0,80.0,1.0,1.0,12.0,2.0,2.19230769230769,0.0,0.0,0.0,,1.0,,,0.0,0.501930501930502
activemq@1,791,0,0.6712726098776328,1.6712726098776327,0.9804162963798099,1.0,2.0,1.0,6.0,0.0,0.0,2.0,1.0,4.0,1.273456071590772,28.0,0.23,0.0,92.0,2.0,0.0,24.0,2.0,2.4,0.0,0.0,0.0,,0.0,,,0.0,0.538659793814433
activemq@1,793,0,0.03970439790420927,0.718160777116412,0.24836395020110805,1.0,0.0,1.0,1.0,0.0,0.0,3.0,1.0,4.0,1.2734560716198755,17.0,0.107052091035759,0.0,77.0,2.0,0.0,18.0,2.0,4.54545454545455,0.0,0.0,0.0,,1.0,,,0.0,0.580555555555556
activemq@1,838,0,0.3490860121808228,1.3490860121808228,0.6582296986830001,8.0,0.0,1.0,1.0,0.0,2.0,3.0,1.0,0.0,1.4618818416493014,22.0,0.35,1.0,78.0,1.0,1.0,14.0,2.0,6.46666666666667,2.0,1.0,0.0,,1.0,,,2.0,0.677570093457944
activemq@1,857,0,2.6820747709450763,3.5756118932509624,3.0725305240046974,2.0,1.0,2.0,1.0,0.0,0.0,3.0,1.0462735914625227,2.0,0.3313272207451518,35.0,0.1,1.0,90.0,2.0,0.0,18.0,2.0,2.875,0.0,1.0,0.0,,1.0,,,4.0,0.584040747028862
activemq@1,893,0,1.2097341483369326,2.209734148336932,1.5188778348391092,0.0,0.0,1.0,1.0,0.0,1.0,3.0,4.0,16.0,1.2734560716198755,12.0,0.12,2.0,91.0,1.0,0.0,49.0,2.0,6.85714285714286,3.0,1.0,0.0,,1.0,,,2.0,0.86970684039088
activemq@1,900,0,0.0009791638677645587,0.6720317954467119,0.07881743053488197,0.0,2.0,1.0,3.0,0.0,0.0,2.0,1.0,0.0,7.0,5.074416453950107,0.19,1.0,74.0,1.0,0.0,16.0,1.0,4.33333333333333,1.0,1.0,0.0,,1.0,,,0.0,0.825301204819277
activemq@1,911,0,0.02605209596416291,0.6406145707025038,0.19741372494035705,0.0,0.0,1.0,2.0,0.0,1.0,2.0,3.0,9.0,25.0,39.0,0.39,0.0,93.0,4.0,3.0,1.2184371210751124,4.0,2.4375,1.0,1.0,0.0,,1.0,,,2.0,0.492779783393502
activemq@1,913,0,0.30357833643017024,0.6369116697635036,0.46665560001931944,1.0,0.0,1.0,1.0,0.0,1.0,2.0,2.0,5.0,20.0,36.0,0.36,0.0,93.0,4.0,3.0,0.8926499070948921,2.0,2.07142857142857,0.0,0.0,0.0,,0.5,,,3.0,0.470212765957447
activemq@1,1153,0,0.095683692826212,0.36339383041647805,0.16925951899376696,0.0,0.0,1.0,2.0,0.0,0.0,2.0,3.0,26.0,12.0,0.3170364203106146,0.1070520910434424,0.0,85.0,4.0,8.0,13.0,2.0,7.05,0.0,0.0,0.0,,0.5,,,2.0,0.650442477876106
activemq@1,1452,0,0.35170543052808556,0.9509900678792829,0.5610671471796085,2.0,0.0,1.0,1.0,0.0,0.0,1.0,1.0,6.0,1.2734560716198755,36.0,0.1070520910434424,4.0,82.0,4.0,1.0,15.0,1.0,4.59090909090909,2.0,1.0,0.0,,1.0,,,1.0,0.593110871905274
activemq@1,1667,0,0.07928553826283087,1.079285538262831,0.3884292247650078,0.0,0.0,2.0,0.0,0.0,4.0,3.0,2.0,0.0,2.9692880025831982,16.0,0.49,0.0,81.0,2.0,0.0,9.0,2.0,2.9375,1.0,1.0,0.0,,1.0,,,1.0,0.7217125382263
activemq@1,1802,0,0.0053749914054366695,0.6525197454366686,0.09721162672571661,0.0,1.0,1.0,1.0,0.0,5.0,4.0,2.0,10.0,8.0,0.591500653186813,0.32,2.0,83.0,3.0,0.0,6.0,2.0,4.13333333333333,0.0,1.0,0.0,,0.0,,,4.0,0.518367346938776
activemq@1,1818,0,0.4360517522391789,1.4360517522391791,0.745195438741356,0.0,0.0,1.0,7.0,5.0,0.0,2.0,1.0,3.0,0.331327220890671,28.0,0.14,0.0,91.0,1.0,0.0,6.0,4.0,3.41935483870968,0.0,0.0,0.0,,1.0,,,3.0,0.450549450549451
