test_idx,candidate_id,CountDeclMethodPrivate,CountDeclMethodDefault,AvgEssential,CountDeclClassMethod,AvgLineComment,AvgCyclomaticModified,CountLineComment,CountDeclClass,CountDeclMethodProtected,CountDeclInstanceVariable,RatioCommentToCode,AvgLineBlank,PercentLackOfCohesion,MaxInheritanceTree,CountClassDerived,CountClassCoupled,CountClassBase,CountInput_Mean,CountInput_Min,CountOutput_Min,MaxNesting_Min,Del_lines,OWN_COMMIT,MINOR_COMMIT,MINOR_LINE,MAJOR_LINE,proba0,proba1,num_features_changed
291,0,7.0,0.0,12.0,0.0,6.0,2.0,650.0,18.0,23.0,8.0,0.81,0.0,96.0,4.0,43.0,35.0,2.0,2.93827160493827,0.0,0.0,0.0,952.0,0.315789473684211,0.0,5.0,5.0,0.5567308975181642,0.4432691024818359,1
291,1,7.0,0.0,1.0,0.0,6.0,20.0,650.0,18.0,23.0,8.0,0.81,0.0,96.0,4.0,43.0,35.0,2.0,2.93827160493827,0.0,0.0,0.0,952.0,0.315789473684211,0.0,5.0,5.0,0.5567281510195708,0.44327184898042915,1
291,2,7.0,0.0,12.0,0.0,6.0,20.0,650.0,18.0,23.0,8.0,0.81,0.0,96.0,4.0,43.0,35.0,2.0,2.93827160493827,2.0,0.0,0.0,952.0,0.315789473684211,0.0,5.0,5.0,0.5567309063139496,0.44326909368605033,3
291,3,35.0,0.0,1.0,0.0,6.0,2.0,650.0,18.0,23.0,8.0,0.81,0.0,96.0,4.0,43.0,35.0,2.0,2.93827160493827,0.0,0.0,0.0,952.0,0.315789473684211,0.0,5.0,5.0,0.5564682785914978,0.4435317214085021,1
291,4,35.0,27.0,1.0,0.0,6.0,20.0,650.0,18.0,23.0,8.0,0.81,0.0,96.0,4.0,43.0,35.0,2.0,2.93827160493827,0.0,0.0,0.0,952.0,0.315789473684211,0.0,5.0,5.0,0.5567309063683071,0.44326909363169287,3
291,5,35.0,27.0,1.0,0.0,6.0,2.0,650.0,18.0,23.0,8.0,0.81,0.0,96.0,4.0,43.0,35.0,2.0,2.93827160493827,0.0,0.0,0.0,952.0,0.315789473684211,0.0,5.0,5.0,0.5567677592696152,0.44323224073038475,2
291,6,35.0,27.0,1.0,0.0,6.0,2.0,650.0,18.0,23.0,8.0,0.81,0.0,96.0,4.0,43.0,35.0,2.0,2.93827160493827,0.0,0.0,0.0,952.0,1.0,0.0,5.0,5.0,0.5569326586719595,0.44306734132804076,3
291,7,7.0,0.0,1.0,0.0,6.0,2.0,650.0,18.0,23.0,52.0,0.81,0.0,96.0,4.0,43.0,35.0,2.0,2.93827160493827,0.0,0.0,0.0,952.0,0.315789473684211,0.0,5.0,5.0,0.5561773965941843,0.4438226034058157,1
291,8,7.0,0.0,12.0,0.0,6.0,2.0,650.0,18.0,23.0,52.0,0.81,0.0,96.0,4.0,43.0,35.0,2.0,2.93827160493827,0.0,23.0,0.0,952.0,0.315789473684211,0.0,5.0,5.0,0.5567309062951564,0.4432690937048437,3
291,9,35.0,27.0,1.0,0.0,6.0,2.0,131.0,18.0,23.0,8.0,0.81,0.0,96.0,4.0,43.0,35.0,2.0,2.93827160493827,0.0,0.0,0.0,952.0,0.315789473684211,0.0,5.0,5.0,0.5567944801979917,0.44320551980200823,3
291,10,7.0,0.0,1.0,0.0,6.0,2.0,650.0,18.0,23.0,8.0,0.81,0.0,96.0,4.0,43.0,35.0,2.0,51.2,0.0,0.0,0.0,952.0,0.315789473684211,0.0,5.0,5.0,0.5567244923287251,0.4432755076712748,1
291,11,7.0,0.0,1.0,0.0,6.0,2.0,650.0,1.0,23.0,8.0,0.81,0.0,96.0,4.0,43.0,35.0,2.0,51.2,0.0,0.0,0.0,952.0,0.315789473684211,0.0,5.0,5.0,0.5567317248970698,0.44326827510293015,2
291,12,7.0,0.0,1.0,0.0,6.0,2.0,650.0,1.0,23.0,0.0,0.81,0.0,96.0,4.0,43.0,35.0,2.0,51.2,0.0,0.0,0.0,952.0,0.315789473684211,0.0,5.0,5.0,0.5567323103337486,0.44326768966625135,3
291,13,7.0,0.0,1.0,0.0,6.0,2.0,650.0,1.0,23.0,0.0,0.81,0.0,96.0,4.0,43.0,35.0,2.0,51.2,0.0,2.0,0.0,952.0,0.315789473684211,0.0,5.0,5.0,0.5567323976391321,0.44326760236086793,4
291,14,7.0,0.0,1.0,0.0,6.0,2.0,650.0,18.0,23.0,8.0,0.81,0.0,96.0,4.0,230.0,35.0,2.0,2.93827160493827,0.0,0.0,0.0,952.0,0.315789473684211,0.0,5.0,5.0,0.5565208719280453,0.4434791280719546,1
291,15,7.0,0.0,1.0,0.0,6.0,2.0,650.0,18.0,23.0,8.0,0.81,0.0,96.0,4.0,43.0,35.0,2.0,2.93827160493827,0.0,0.0,0.0,33.0,0.315789473684211,0.0,5.0,5.0,0.50761554972375,0.49238445027624983,1
291,16,7.0,0.0,1.0,0.0,6.0,2.0,650.0,18.0,23.0,8.0,0.81,0.0,96.0,4.0,230.0,35.0,2.0,2.93827160493827,0.0,23.0,0.0,2007.0,0.315789473684211,0.0,5.0,5.0,0.556730906285554,0.44326909371444606,3
291,17,7.0,0.0,1.0,0.0,6.0,2.0,650.0,18.0,23.0,8.0,0.81,0.0,96.0,4.0,230.0,35.0,2.0,2.93827160493827,0.0,23.0,0.0,2007.0,1.0,0.0,5.0,5.0,0.5567309062936355,0.44326909370636447,4
291,18,7.0,0.0,1.0,0.0,23.0,2.0,650.0,18.0,23.0,8.0,0.81,0.0,96.0,4.0,230.0,35.0,2.0,2.93827160493827,0.0,23.0,0.0,2007.0,1.0,0.0,5.0,5.0,0.5567309062947219,0.44326909370527806,5
292,0,6.0,0.0,12.0,2.0,6.0,2.0,492.0,7.0,17.0,6.0,0.65,0.0,95.0,5.0,12.0,26.0,2.0,4.58823529411765,0.0,0.0,0.0,585.0,0.37037037037037,3.0,4.0,6.0,0.5567308882364708,0.4432691117635292,1
292,1,6.0,0.0,1.0,2.0,6.0,20.0,492.0,7.0,17.0,6.0,0.65,0.0,95.0,5.0,12.0,26.0,2.0,4.58823529411765,0.0,0.0,0.0,585.0,0.37037037037037,3.0,4.0,6.0,0.5567264061052308,0.44327359389476934,1
292,2,6.0,0.0,12.0,2.0,6.0,20.0,492.0,7.0,17.0,6.0,0.65,0.0,95.0,5.0,12.0,26.0,2.0,4.58823529411765,2.0,0.0,0.0,585.0,0.37037037037037,3.0,4.0,6.0,0.5567309074504272,0.4432690925495729,3
292,3,6.0,0.0,12.0,0.0,6.0,20.0,492.0,7.0,17.0,6.0,0.65,0.0,95.0,5.0,12.0,26.0,2.0,4.58823529411765,2.0,0.0,0.0,585.0,0.37037037037037,3.0,4.0,6.0,0.5567309075145271,0.4432690924854727,4
292,4,6.0,0.0,1.0,2.0,6.0,2.0,492.0,7.0,17.0,6.0,0.65,0.0,95.0,5.0,12.0,26.0,2.0,4.58823529411765,0.0,0.0,0.0,2007.0,0.37037037037037,3.0,4.0,6.0,0.5564798090226801,0.44352019097731993,1
292,5,6.0,0.0,1.0,2.0,6.0,20.0,492.0,7.0,17.0,6.0,0.65,0.0,95.0,5.0,230.0,26.0,2.0,4.58823529411765,0.0,0.0,0.0,2007.0,0.37037037037037,3.0,4.0,6.0,0.556730906295152,0.443269093704848,3
292,6,6.0,0.0,1.0,2.0,6.0,2.0,492.0,7.0,17.0,6.0,0.65,12.0,95.0,5.0,12.0,26.0,2.0,4.58823529411765,0.0,0.0,0.0,585.0,0.37037037037037,3.0,4.0,6.0,0.547978904092121,0.452021095907879,1
292,7,6.0,0.0,12.0,2.0,6.0,2.0,492.0,1.0,17.0,6.0,0.65,12.0,95.0,5.0,12.0,26.0,2.0,4.58823529411765,0.0,0.0,0.0,585.0,0.37037037037037,3.0,4.0,6.0,0.5567309068046604,0.44326909319533936,3
292,8,6.0,0.0,12.0,2.0,6.0,2.0,492.0,1.0,17.0,0.0,0.65,12.0,95.0,5.0,12.0,26.0,2.0,4.58823529411765,0.0,0.0,0.0,585.0,0.37037037037037,3.0,4.0,6.0,0.5567309069265779,0.443269093073422,4
292,9,6.0,0.0,12.0,2.0,6.0,2.0,492.0,1.0,17.0,0.0,0.65,12.0,95.0,5.0,0.0,26.0,2.0,4.58823529411765,0.0,0.0,0.0,585.0,0.37037037037037,3.0,4.0,6.0,0.5567309069862879,0.44326909301371215,5
292,10,35.0,0.0,1.0,2.0,6.0,2.0,492.0,7.0,17.0,6.0,0.65,0.0,95.0,5.0,12.0,26.0,2.0,4.58823529411765,0.0,0.0,0.0,585.0,0.37037037037037,3.0,4.0,6.0,0.5566455167827834,0.44335448321721665,1
292,11,35.0,0.0,1.0,2.0,6.0,2.0,492.0,7.0,17.0,6.0,0.65,0.0,95.0,5.0,12.0,26.0,2.0,4.58823529411765,0.0,0.0,0.0,2007.0,0.37037037037037,3.0,4.0,6.0,0.5567601971518147,0.4432398028481853,2
292,12,35.0,0.0,1.0,2.0,6.0,2.0,492.0,7.0,0.0,6.0,0.65,0.0,95.0,5.0,12.0,26.0,2.0,4.58823529411765,0.0,0.0,0.0,2007.0,0.37037037037037,3.0,4.0,6.0,0.5569656995467716,0.44303430045322856,3
292,13,35.0,0.0,1.0,2.0,6.0,2.0,492.0,7.0,0.0,6.0,0.65,0.0,95.0,5.0,0.0,26.0,2.0,4.58823529411765,0.0,0.0,0.0,2007.0,0.37037037037037,3.0,4.0,6.0,0.5569856221893841,0.4430143778106159,4
292,14,6.0,0.0,1.0,2.0,6.0,2.0,492.0,7.0,17.0,6.0,0.65,0.0,95.0,5.0,12.0,26.0,2.0,51.2,0.0,0.0,0.0,585.0,0.37037037037037,3.0,4.0,6.0,0.5566957756186117,0.4433042243813882,1
292,15,6.0,0.0,1.0,2.0,6.0,20.0,492.0,7.0,17.0,6.0,0.65,0.0,95.0,5.0,12.0,26.0,12.0,51.2,0.0,0.0,0.0,585.0,0.37037037037037,3.0,4.0,6.0,0.556730906295104,0.44326909370489576,3
292,16,35.0,0.0,1.0,2.0,6.0,2.0,492.0,7.0,17.0,6.0,0.65,0.0,95.0,5.0,12.0,26.0,2.0,4.58823529411765,0.0,0.0,3.0,585.0,0.37037037037037,3.0,4.0,6.0,0.5567308227709724,0.44326917722902753,2
292,17,35.0,0.0,1.0,2.0,6.0,2.0,492.0,7.0,17.0,6.0,0.65,12.0,95.0,5.0,12.0,26.0,2.0,4.58823529411765,0.0,0.0,3.0,585.0,0.37037037037037,3.0,4.0,6.0,0.5567309053744262,0.44326909462557396,3
292,18,35.0,0.0,1.0,2.0,23.0,2.0,492.0,7.0,17.0,6.0,0.65,12.0,95.0,5.0,12.0,26.0,2.0,4.58823529411765,0.0,0.0,3.0,585.0,0.37037037037037,3.0,4.0,6.0,0.5567309060222219,0.4432690939777781,4
365,0,0.0,0.0,1.0,0.0,7.0,2.0,315.0,8.0,10.0,8.0,1.09,1.0,100.0,5.0,2.0,5.0,2.0,3.09090909090909,0.0,0.0,0.0,167.0,0.285714285714286,0.0,4.0,5.0,0.653844070507505,0.34615592949249513,1
365,1,0.0,0.0,1.0,0.0,7.0,2.0,315.0,8.0,0.0,8.0,1.09,1.0,100.0,5.0,0.0,5.0,2.0,3.09090909090909,0.0,0.0,0.0,167.0,0.285714285714286,0.0,4.0,5.0,0.85971640554091,0.14028359445909003,2
365,2,0.0,0.0,1.0,0.0,7.0,2.0,315.0,8.0,0.0,8.0,1.09,1.0,100.0,5.0,0.0,5.0,2.0,3.09090909090909,0.0,0.0,0.0,0.0,0.285714285714286,0.0,4.0,5.0,0.8795271464422345,0.12047285355776549,3
365,3,0.0,0.0,1.0,0.0,7.0,2.0,315.0,8.0,0.0,8.0,1.09,1.0,100.0,5.0,0.0,5.0,2.0,0.0,0.0,0.0,0.0,0.0,0.285714285714286,0.0,4.0,5.0,0.8929529317547208,0.10704706824527935,4
365,4,0.0,0.0,1.0,0.0,7.0,2.0,315.0,8.0,10.0,8.0,1.09,1.0,100.0,5.0,34.0,5.0,2.0,51.2,0.0,0.0,0.0,167.0,0.285714285714286,0.0,4.0,5.0,0.5821505184049373,0.41784948159506285,1
365,5,0.0,0.0,1.0,0.0,7.0,2.0,315.0,8.0,10.0,8.0,1.09,1.0,100.0,5.0,34.0,5.0,2.0,51.2,0.0,0.0,0.0,167.0,0.285714285714286,0.0,4.0,1.0,0.6010319028819853,0.3989680971180148,2
365,6,0.0,0.0,1.0,0.0,7.0,2.0,315.0,8.0,10.0,8.0,1.09,1.0,100.0,5.0,34.0,5.0,2.0,51.2,0.0,2.0,0.0,167.0,0.285714285714286,0.0,4.0,1.0,0.6026784977260686,0.3973215022739313,3
365,7,0.0,0.0,1.0,0.0,7.0,2.0,315.0,8.0,10.0,8.0,1.09,0.0,100.0,5.0,34.0,5.0,2.0,51.2,0.0,2.0,0.0,167.0,0.285714285714286,0.0,4.0,1.0,0.6043338379765948,0.3956661620234052,4
365,8,0.0,0.0,1.0,0.0,7.0,2.0,315.0,8.0,10.0,8.0,1.09,0.0,100.0,5.0,34.0,3.0,2.0,51.2,0.0,2.0,0.0,167.0,0.285714285714286,0.0,4.0,1.0,0.6046055084268236,0.3953944915731764,5
365,9,0.0,0.0,1.0,0.0,7.0,2.0,315.0,8.0,10.0,8.0,2.2,1.0,100.0,5.0,0.0,5.0,2.0,3.09090909090909,0.0,0.0,0.0,167.0,0.285714285714286,0.0,4.0,5.0,0.7082781819003535,0.29172181809964626,2
365,10,0.0,0.0,1.0,0.0,7.0,2.0,315.0,8.0,10.0,8.0,1.09,1.0,100.0,5.0,34.0,5.0,1.0,51.2,0.0,0.0,0.0,167.0,0.285714285714286,0.0,4.0,5.0,0.584321702642463,0.415678297357537,2
365,11,0.0,0.0,1.0,0.0,7.0,1.0,315.0,8.0,10.0,8.0,1.09,1.0,100.0,5.0,34.0,5.0,1.0,51.2,0.0,0.0,0.0,167.0,0.285714285714286,0.0,4.0,5.0,0.5854575437843009,0.41454245621569896,3
365,12,0.0,0.0,1.0,0.0,7.0,1.0,315.0,8.0,10.0,8.0,1.09,1.0,100.0,5.0,34.0,5.0,1.0,51.2,0.0,2.0,0.0,167.0,0.285714285714286,0.0,4.0,5.0,0.586530612549005,0.41346938745099476,4
365,13,0.0,0.0,1.0,0.0,7.0,2.0,315.0,8.0,10.0,52.0,1.09,1.0,100.0,5.0,34.0,5.0,2.0,3.09090909090909,0.0,0.0,0.0,167.0,0.285714285714286,0.0,4.0,5.0,0.5689821229863078,0.4310178770136922,1
365,14,0.0,0.0,1.0,0.0,7.0,2.0,315.0,1.0,10.0,52.0,1.09,1.0,100.0,5.0,34.0,5.0,2.0,3.09090909090909,0.0,0.0,0.0,167.0,0.285714285714286,0.0,4.0,5.0,0.5780637903284384,0.4219362096715618,2
365,15,0.0,0.0,1.0,0.0,7.0,1.0,315.0,1.0,10.0,52.0,1.09,1.0,100.0,5.0,34.0,5.0,2.0,3.09090909090909,0.0,0.0,0.0,167.0,0.285714285714286,0.0,4.0,5.0,0.5789188503822761,0.421081149617724,3
365,16,0.0,0.0,1.0,0.0,7.0,1.0,315.0,1.0,10.0,52.0,1.09,1.0,100.0,5.0,34.0,5.0,2.0,3.09090909090909,1.0,0.0,0.0,167.0,0.285714285714286,0.0,4.0,5.0,0.5793156493323292,0.4206843506676708,4
365,17,0.0,27.0,1.0,0.0,7.0,2.0,315.0,8.0,10.0,8.0,1.09,1.0,100.0,5.0,34.0,5.0,2.0,3.09090909090909,0.0,0.0,0.0,167.0,0.285714285714286,0.0,4.0,5.0,0.5688536571300565,0.4311463428699434,1
365,18,0.0,27.0,1.0,0.0,8.0,2.0,315.0,8.0,10.0,8.0,1.09,1.0,100.0,5.0,34.0,5.0,2.0,3.09090909090909,0.0,0.0,0.0,167.0,0.285714285714286,0.0,4.0,5.0,0.5688980158850879,0.4311019841149122,2
365,19,0.0,0.0,1.0,0.0,7.0,2.0,315.0,8.0,1.0,8.0,1.09,1.0,100.0,5.0,34.0,5.0,2.0,51.2,0.0,0.0,0.0,167.0,0.285714285714286,0.0,4.0,5.0,0.602997948796445,0.39700205120355514,2
416,0,1.0,1.0,12.0,0.0,6.0,2.0,162.0,2.0,10.0,4.0,0.74,0.0,95.0,4.0,238.0,20.0,2.0,3.25,0.0,1.0,0.0,255.0,0.285714285714286,0.0,4.0,2.0,0.5567308982960963,0.44326910170390355,1
416,1,35.0,1.0,1.0,0.0,6.0,2.0,162.0,2.0,10.0,4.0,0.74,0.0,95.0,4.0,238.0,20.0,2.0,3.25,0.0,1.0,0.0,255.0,0.285714285714286,0.0,4.0,2.0,0.5567307846725333,0.44326921532746655,1
416,2,1.0,1.0,1.0,0.0,6.0,2.0,162.0,2.0,10.0,4.0,0.74,0.0,95.0,4.0,238.0,20.0,2.0,3.25,28.0,1.0,0.0,255.0,0.285714285714286,0.0,4.0,2.0,0.5567302501435247,0.4432697498564754,1
416,3,1.0,1.0,1.0,0.0,6.0,2.0,162.0,2.0,10.0,4.0,0.74,0.0,95.0,4.0,238.0,20.0,2.0,3.25,0.0,1.0,0.0,2007.0,0.285714285714286,0.0,4.0,2.0,0.556727710313295,0.4432722896867049,1
416,4,1.0,1.0,1.0,0.0,6.0,2.0,162.0,2.0,10.0,52.0,0.74,0.0,95.0,4.0,238.0,20.0,2.0,3.25,28.0,1.0,0.0,2007.0,0.285714285714286,0.0,4.0,2.0,0.5567309062951608,0.44326909370483925,3
416,5,1.0,1.0,1.0,0.0,6.0,2.0,1556.0,2.0,10.0,4.0,0.74,0.0,95.0,4.0,238.0,20.0,2.0,3.25,0.0,1.0,0.0,255.0,0.285714285714286,0.0,4.0,2.0,0.5566701609109147,0.4433298390890852,1
416,6,1.0,1.0,1.0,0.0,6.0,2.0,162.0,2.0,10.0,4.0,0.74,0.0,95.0,4.0,238.0,20.0,2.0,3.25,0.0,1.0,0.0,255.0,0.285714285714286,5.0,4.0,2.0,0.5567288781454058,0.4432711218545942,1
416,7,1.0,1.0,1.0,0.0,6.0,20.0,162.0,2.0,10.0,4.0,0.74,0.0,95.0,4.0,238.0,20.0,2.0,3.25,0.0,1.0,0.0,255.0,0.285714285714286,0.0,4.0,2.0,0.5567283973641879,0.443271602635812,1
416,8,1.0,1.0,1.0,0.0,6.0,20.0,1556.0,2.0,10.0,4.0,0.74,0.0,95.0,4.0,238.0,20.0,2.0,3.25,0.0,1.0,0.0,255.0,0.285714285714286,5.0,4.0,2.0,0.5567309062951608,0.44326909370483925,3
416,9,1.0,1.0,1.0,0.0,6.0,20.0,162.0,2.0,10.0,4.0,0.74,0.0,95.0,4.0,238.0,20.0,2.0,3.25,0.0,1.0,3.0,255.0,0.285714285714286,0.0,4.0,2.0,0.5567309038409675,0.44326909615903265,2
416,10,1.0,1.0,1.0,0.0,6.0,2.0,162.0,2.0,39.0,4.0,0.74,0.0,95.0,4.0,238.0,20.0,2.0,3.25,0.0,1.0,0.0,255.0,0.285714285714286,0.0,4.0,2.0,0.5537679512553237,0.4462320487446763,1
416,11,1.0,1.0,1.0,0.0,6.0,20.0,162.0,2.0,39.0,4.0,0.74,0.0,95.0,4.0,238.0,53.0,2.0,3.25,0.0,1.0,3.0,255.0,0.285714285714286,0.0,4.0,2.0,0.5567309062941591,0.4432690937058408,4
416,12,1.0,1.0,1.0,33.0,6.0,2.0,162.0,2.0,10.0,4.0,0.74,0.0,95.0,4.0,238.0,20.0,2.0,3.25,0.0,1.0,0.0,255.0,0.285714285714286,0.0,4.0,2.0,0.5567297647092873,0.4432702352907127,1
416,13,1.0,1.0,12.0,0.0,6.0,2.0,162.0,2.0,10.0,4.0,0.74,0.0,95.0,4.0,238.0,20.0,12.0,3.25,0.0,1.0,0.0,255.0,0.285714285714286,0.0,4.0,2.0,0.5567309062930519,0.44326909370694806,2
416,14,1.0,27.0,1.0,0.0,6.0,2.0,162.0,2.0,10.0,4.0,0.74,0.0,95.0,4.0,238.0,20.0,2.0,3.25,0.0,1.0,0.0,255.0,0.285714285714286,0.0,4.0,2.0,0.5551009481310619,0.4448990518689381,1
416,15,1.0,1.0,1.0,0.0,6.0,2.0,162.0,2.0,10.0,52.0,0.74,0.0,95.0,4.0,238.0,20.0,2.0,3.25,0.0,1.0,0.0,255.0,0.285714285714286,0.0,4.0,2.0,0.5566176293716982,0.4433823706283018,1
416,16,35.0,27.0,1.0,0.0,6.0,2.0,162.0,2.0,10.0,52.0,0.74,0.0,95.0,4.0,238.0,20.0,2.0,3.25,0.0,1.0,0.0,255.0,0.285714285714286,0.0,4.0,2.0,0.556730906295147,0.443269093704853,3
416,17,1.0,1.0,1.0,0.0,6.0,20.0,162.0,2.0,10.0,4.0,0.74,0.0,95.0,4.0,238.0,20.0,2.0,3.25,28.0,1.0,0.0,255.0,0.285714285714286,0.0,4.0,2.0,0.5567309062938586,0.4432690937061414,2
493,0,12.0,5.0,2.0,0.0,6.0,3.0,434.0,7.0,6.0,4.0,0.48,1.0,92.0,2.0,3.0,20.0,2.0,16.051724137931,0.0,1.0,0.0,2007.0,0.227272727272727,1.0,4.0,5.0,0.5581253403718053,0.44187465962819467,1
493,1,12.0,5.0,1.0,0.0,6.0,3.0,434.0,7.0,6.0,4.0,0.48,1.0,92.0,2.0,3.0,20.0,2.0,16.051724137931,0.0,1.0,0.0,2007.0,0.227272727272727,1.0,4.0,5.0,0.5583415175716697,0.4416584824283302,2
493,2,12.0,5.0,1.0,0.0,6.0,2.0,434.0,7.0,6.0,4.0,0.48,1.0,92.0,2.0,3.0,20.0,2.0,16.051724137931,0.0,1.0,0.0,2007.0,0.227272727272727,1.0,4.0,5.0,0.5584052995204142,0.4415947004795859,3
493,3,12.0,5.0,1.0,0.0,6.0,2.0,434.0,7.0,6.0,1.0,0.48,1.0,92.0,2.0,3.0,20.0,2.0,16.051724137931,0.0,1.0,0.0,2007.0,0.227272727272727,1.0,4.0,5.0,0.5584476793925509,0.4415523206074491,4
493,4,12.0,5.0,2.0,0.0,6.0,3.0,434.0,7.0,6.0,52.0,0.48,1.0,92.0,2.0,3.0,20.0,2.0,16.051724137931,0.0,1.0,0.0,137.0,0.227272727272727,1.0,4.0,5.0,0.5567475194732509,0.443252480526749,1
493,5,12.0,5.0,2.0,0.0,6.0,3.0,434.0,7.0,6.0,52.0,0.48,1.0,92.0,2.0,3.0,20.0,2.0,16.051724137931,0.0,1.0,0.0,137.0,0.5,1.0,4.0,5.0,0.5569364519689187,0.4430635480310813,2
493,6,12.0,5.0,2.0,0.0,6.0,3.0,434.0,7.0,6.0,52.0,0.48,1.0,92.0,2.0,3.0,20.0,0.0,16.051724137931,0.0,1.0,0.0,137.0,0.5,1.0,4.0,5.0,0.5570250973276438,0.44297490267235623,3
493,7,12.0,5.0,2.0,0.0,6.0,3.0,434.0,1.0,6.0,4.0,0.48,1.0,92.0,2.0,3.0,20.0,2.0,16.051724137931,0.0,1.0,0.0,2007.0,0.227272727272727,1.0,4.0,5.0,0.5589059244007468,0.4410940755992531,2
493,8,12.0,5.0,2.0,0.0,6.0,3.0,434.0,1.0,6.0,4.0,1.0,1.0,92.0,2.0,3.0,20.0,2.0,16.051724137931,0.0,1.0,0.0,2007.0,0.227272727272727,1.0,4.0,5.0,0.5589142941942391,0.4410857058057609,3
493,9,0.0,5.0,2.0,0.0,6.0,3.0,434.0,7.0,6.0,52.0,0.48,1.0,92.0,2.0,3.0,20.0,2.0,16.051724137931,0.0,1.0,0.0,137.0,0.227272727272727,1.0,4.0,5.0,0.5602193084498461,0.439780691550154,2
493,10,0.0,5.0,2.0,0.0,6.0,3.0,434.0,1.0,6.0,52.0,0.48,1.0,92.0,2.0,3.0,20.0,2.0,16.051724137931,0.0,1.0,0.0,137.0,0.227272727272727,1.0,4.0,5.0,0.5621869245211087,0.4378130754788911,3
493,11,12.0,5.0,2.0,0.0,6.0,20.0,434.0,7.0,6.0,4.0,0.48,1.0,92.0,2.0,3.0,20.0,2.0,16.051724137931,0.0,1.0,0.0,137.0,0.227272727272727,1.0,4.0,5.0,0.556719229306847,0.4432807706931528,1
493,12,12.0,5.0,2.0,0.0,6.0,20.0,434.0,7.0,6.0,4.0,0.48,1.0,92.0,2.0,3.0,20.0,2.0,16.051724137931,0.0,1.0,3.0,137.0,0.227272727272727,1.0,4.0,5.0,0.5567316837134071,0.44326831628659297,2
493,13,12.0,5.0,2.0,0.0,6.0,20.0,82.0,7.0,6.0,4.0,0.48,1.0,92.0,2.0,3.0,20.0,2.0,16.051724137931,0.0,1.0,3.0,137.0,0.227272727272727,1.0,4.0,5.0,0.5567323328009949,0.44326766719900523,3
493,14,12.0,5.0,2.0,0.0,6.0,20.0,82.0,1.0,6.0,4.0,0.48,1.0,92.0,2.0,3.0,20.0,2.0,16.051724137931,0.0,1.0,3.0,137.0,0.227272727272727,1.0,4.0,5.0,0.5567331808154038,0.44326681918459626,4
493,15,12.0,5.0,2.0,0.0,6.0,20.0,82.0,1.0,0.0,4.0,0.48,1.0,92.0,2.0,3.0,20.0,2.0,16.051724137931,0.0,1.0,3.0,137.0,0.227272727272727,1.0,4.0,5.0,0.5567338575180714,0.4432661424819287,5
493,16,12.0,5.0,2.0,0.0,6.0,3.0,434.0,7.0,39.0,4.0,0.48,1.0,92.0,2.0,3.0,20.0,2.0,16.051724137931,0.0,1.0,0.0,137.0,0.227272727272727,1.0,4.0,5.0,0.5565320971331458,0.44346790286685417,1
493,17,12.0,5.0,2.0,0.0,6.0,3.0,49.0,7.0,39.0,4.0,0.48,1.0,92.0,2.0,3.0,20.0,2.0,16.051724137931,0.0,1.0,0.0,137.0,0.227272727272727,1.0,4.0,5.0,0.5573844827915764,0.4426155172084235,2
493,18,12.0,5.0,2.0,0.0,6.0,3.0,49.0,7.0,39.0,4.0,0.48,1.0,92.0,2.0,3.0,9.0,2.0,16.051724137931,0.0,1.0,0.0,137.0,0.227272727272727,1.0,4.0,5.0,0.5575852621722638,0.44241473782773616,3
493,19,12.0,5.0,2.0,0.0,3.0,3.0,49.0,7.0,39.0,4.0,0.48,1.0,92.0,2.0,3.0,9.0,2.0,16.051724137931,0.0,1.0,0.0,137.0,0.227272727272727,1.0,4.0,5.0,0.5576144651307493,0.44238553486925064,4
515,0,8.0,7.0,1.0,0.0,7.0,2.0,635.0,11.0,11.0,52.0,0.85,0.0,94.0,3.0,4.0,30.0,3.0,3.74285714285714,0.0,0.0,0.0,263.0,0.391304347826087,1.0,4.0,5.0,0.5574973421049766,0.4425026578950235,1
515,1,8.0,7.0,1.0,0.0,7.0,2.0,635.0,11.0,11.0,52.0,0.85,0.0,94.0,3.0,4.0,30.0,3.0,3.74285714285714,0.0,0.0,0.0,0.0,0.391304347826087,1.0,4.0,5.0,0.5582322889874691,0.4417677110125308,2
515,2,8.0,7.0,1.0,0.0,7.0,1.0,635.0,11.0,11.0,52.0,0.85,0.0,94.0,3.0,4.0,30.0,3.0,3.74285714285714,0.0,0.0,0.0,0.0,0.391304347826087,1.0,4.0,5.0,0.5583139032155913,0.4416860967844086,3
515,3,8.0,7.0,1.0,0.0,7.0,1.0,635.0,11.0,11.0,52.0,0.85,0.0,94.0,3.0,4.0,30.0,3.0,3.74285714285714,1.0,0.0,0.0,0.0,0.391304347826087,1.0,4.0,5.0,0.5583144301381157,0.44168556986188445,4
515,4,8.0,7.0,1.0,0.0,7.0,2.0,635.0,11.0,11.0,8.0,0.85,0.0,94.0,3.0,4.0,30.0,3.0,3.74285714285714,28.0,0.0,0.0,263.0,0.391304347826087,1.0,4.0,5.0,0.556734922501563,0.4432650774984371,1
515,5,8.0,7.0,1.0,0.0,7.0,2.0,635.0,11.0,0.0,8.0,0.85,0.0,94.0,3.0,4.0,30.0,3.0,3.74285714285714,28.0,0.0,0.0,263.0,0.391304347826087,1.0,4.0,5.0,0.5567418015256187,0.4432581984743812,2
515,6,8.0,7.0,1.0,0.0,7.0,2.0,635.0,11.0,0.0,8.0,0.85,0.0,94.0,3.0,4.0,30.0,3.0,3.74285714285714,28.0,2.0,0.0,263.0,0.391304347826087,1.0,4.0,5.0,0.5567423690659985,0.4432576309340014,3
515,7,8.0,7.0,1.0,0.0,7.0,2.0,635.0,11.0,0.0,8.0,0.85,0.0,94.0,3.0,4.0,30.0,3.0,3.74285714285714,28.0,2.0,0.0,263.0,0.5,1.0,4.0,5.0,0.5567429082692228,0.44325709173077726,4
515,8,8.0,0.0,1.0,0.0,7.0,2.0,635.0,11.0,11.0,52.0,0.85,0.0,94.0,3.0,4.0,30.0,3.0,3.74285714285714,0.0,0.0,0.0,263.0,0.391304347826087,1.0,4.0,5.0,0.5581261513894039,0.44187384861059614,2
515,9,1.0,0.0,1.0,0.0,7.0,2.0,635.0,11.0,11.0,52.0,0.85,0.0,94.0,3.0,4.0,30.0,3.0,3.74285714285714,0.0,0.0,0.0,263.0,0.391304347826087,1.0,4.0,5.0,0.5587924308394221,0.44120756916057796,3
515,10,1.0,0.0,1.0,0.0,7.0,2.0,635.0,11.0,11.0,52.0,0.85,0.0,94.0,3.0,4.0,30.0,2.0,3.74285714285714,0.0,0.0,0.0,263.0,0.391304347826087,1.0,4.0,5.0,0.5591070412495395,0.4408929587504606,4
515,11,1.0,0.0,1.0,0.0,7.0,2.0,635.0,11.0,11.0,52.0,1.2,0.0,94.0,3.0,4.0,30.0,2.0,3.74285714285714,0.0,0.0,0.0,263.0,0.391304347826087,1.0,4.0,5.0,0.5591122590359707,0.4408877409640295,5
515,12,8.0,7.0,1.0,0.0,7.0,2.0,635.0,11.0,11.0,8.0,0.85,0.0,94.0,3.0,4.0,30.0,3.0,51.2,0.0,0.0,0.0,263.0,0.391304347826087,1.0,4.0,5.0,0.5565132422216295,0.4434867577783703,1
515,13,0.0,7.0,1.0,0.0,7.0,2.0,635.0,11.0,11.0,8.0,0.85,0.0,94.0,3.0,4.0,30.0,3.0,51.2,0.0,0.0,0.0,263.0,0.391304347826087,1.0,4.0,5.0,0.5569884913877301,0.44301150861226984,2
515,14,0.0,7.0,1.0,0.0,7.0,2.0,635.0,11.0,11.0,8.0,0.85,0.0,94.0,3.0,4.0,30.0,3.0,51.2,0.0,2.0,0.0,263.0,0.391304347826087,1.0,4.0,5.0,0.5570025331625479,0.44299746683745206,3
515,15,8.0,0.0,1.0,0.0,7.0,2.0,635.0,11.0,11.0,8.0,0.85,0.0,94.0,3.0,4.0,30.0,3.0,3.74285714285714,28.0,0.0,0.0,263.0,0.391304347826087,1.0,4.0,5.0,0.5567374063248991,0.4432625936751008,2
515,16,8.0,0.0,1.0,0.0,7.0,2.0,635.0,11.0,11.0,8.0,0.85,0.0,94.0,3.0,4.0,30.0,1.0,3.74285714285714,28.0,0.0,0.0,263.0,0.391304347826087,1.0,4.0,5.0,0.5567402448152063,0.4432597551847937,3
515,17,8.0,0.0,1.0,0.0,7.0,2.0,635.0,11.0,11.0,8.0,0.85,0.0,94.0,3.0,4.0,30.0,1.0,4.0,28.0,0.0,0.0,263.0,0.391304347826087,1.0,4.0,5.0,0.5567407090891872,0.4432592909108129,4
515,18,8.0,7.0,1.0,0.0,7.0,2.0,635.0,11.0,11.0,8.0,0.85,0.0,94.0,3.0,4.0,0.0,3.0,51.2,0.0,0.0,0.0,263.0,0.391304347826087,1.0,4.0,5.0,0.556907760708908,0.4430922392910919,2
515,19,8.0,7.0,1.0,0.0,7.0,2.0,635.0,11.0,0.0,8.0,0.85,0.0,94.0,3.0,4.0,0.0,3.0,51.2,0.0,0.0,0.0,263.0,0.391304347826087,1.0,4.0,5.0,0.5573898456801156,0.4426101543198844,3
538,0,3.0,0.0,1.0,0.0,4.0,2.0,204.0,4.0,1.0,13.0,0.68,0.0,87.0,1.0,1.0,28.0,2.0,51.2,2.0,1.0,0.0,78.0,0.153846153846154,0.0,4.0,5.0,0.5790575430985295,0.4209424569014705,2
538,1,3.0,0.0,1.0,0.0,4.0,2.0,204.0,4.0,1.0,13.0,0.68,0.0,87.0,1.0,1.0,28.0,2.0,51.2,2.0,1.0,0.0,0.0,0.153846153846154,0.0,4.0,5.0,0.5796978002980706,0.4203021997019294,3
538,2,3.0,0.0,1.0,0.0,4.0,2.0,204.0,4.0,1.0,13.0,0.68,12.0,87.0,1.0,1.0,28.0,2.0,15.1034482758621,0.0,1.0,0.0,78.0,0.153846153846154,0.0,4.0,5.0,0.5648330185874009,0.4351669814125991,1
538,3,3.0,0.0,1.0,0.0,4.0,2.0,204.0,4.0,1.0,0.0,0.68,12.0,87.0,1.0,1.0,28.0,2.0,15.1034482758621,0.0,1.0,0.0,78.0,0.153846153846154,0.0,4.0,5.0,0.5849805489397429,0.41501945106025706,2
538,4,3.0,0.0,1.0,0.0,4.0,0.0,204.0,4.0,1.0,0.0,0.68,12.0,87.0,1.0,1.0,28.0,2.0,15.1034482758621,0.0,1.0,0.0,78.0,0.153846153846154,0.0,4.0,5.0,0.5890110707808852,0.4109889292191148,3
538,5,3.0,0.0,1.0,0.0,4.0,2.0,204.0,4.0,1.0,13.0,0.68,0.0,87.0,1.0,1.0,2.0,2.0,51.2,0.0,1.0,0.0,78.0,0.153846153846154,0.0,4.0,5.0,0.6143336317151495,0.38566636828485046,2
538,6,3.0,0.0,1.0,0.0,4.0,2.0,204.0,4.0,1.0,13.0,0.68,0.0,87.0,1.0,1.0,2.0,2.0,0.0,0.0,1.0,0.0,78.0,0.153846153846154,0.0,4.0,5.0,0.9571267871497364,0.04287321285026363,2
538,7,3.0,0.0,1.0,0.0,4.0,2.0,24.0,4.0,1.0,13.0,0.68,0.0,87.0,1.0,1.0,6.0,2.0,0.0,0.0,1.0,0.0,78.0,0.153846153846154,0.0,4.0,5.0,0.9822267174874719,0.017773282512527983,3
538,8,3.0,0.0,1.0,0.0,4.0,2.0,16.0,4.0,1.0,13.0,0.68,0.0,87.0,1.0,1.0,6.0,2.0,0.0,0.0,1.0,0.0,78.0,0.153846153846154,0.0,4.0,5.0,0.9823155282474012,0.017684471752598945,3
538,9,3.0,0.0,1.0,0.0,4.0,2.0,16.0,4.0,1.0,13.0,0.68,0.0,87.0,1.0,1.0,9.0,2.0,0.0,0.0,1.0,0.0,78.0,0.153846153846154,0.0,4.0,5.0,0.9823554665391847,0.017644533460815293,3
538,10,3.0,0.0,1.0,0.0,4.0,2.0,204.0,4.0,1.0,0.0,0.68,12.0,87.0,1.0,1.0,28.0,1.0,15.1034482758621,0.0,1.0,0.0,78.0,0.153846153846154,0.0,4.0,5.0,0.5895313929732723,0.4104686070267277,3
538,11,3.0,0.0,1.0,0.0,4.0,2.0,204.0,4.0,1.0,0.0,0.2,12.0,87.0,1.0,1.0,28.0,1.0,15.1034482758621,0.0,1.0,0.0,78.0,0.153846153846154,0.0,4.0,5.0,0.5895736450808393,0.41042635491916074,4
538,12,3.0,0.0,1.0,0.0,4.0,2.0,204.0,4.0,1.0,13.0,0.68,0.0,87.0,1.0,1.0,28.0,2.0,15.1034482758621,28.0,1.0,0.0,78.0,0.153846153846154,0.0,4.0,5.0,0.5619923187871084,0.4380076812128915,1
538,13,3.0,0.0,1.0,0.0,4.0,2.0,204.0,4.0,1.0,13.0,0.68,0.0,87.0,1.0,1.0,1.0,2.0,15.1034482758621,28.0,1.0,0.0,78.0,0.153846153846154,0.0,4.0,5.0,0.5730267420705767,0.42697325792942314,2
538,14,3.0,0.0,1.0,0.0,4.0,2.0,28.0,4.0,1.0,13.0,0.68,0.0,87.0,1.0,1.0,1.0,2.0,15.1034482758621,28.0,1.0,0.0,78.0,0.153846153846154,0.0,4.0,5.0,0.5758500171278511,0.4241499828721488,3
538,15,3.0,0.0,1.0,0.0,4.0,2.0,28.0,4.0,1.0,13.0,0.68,0.0,87.0,1.0,1.0,0.0,2.0,15.1034482758621,0.0,1.0,0.0,78.0,0.153846153846154,0.0,4.0,5.0,0.6646437390809545,0.3353562609190454,2
538,16,3.0,0.0,1.0,0.0,4.0,2.0,16.0,4.0,1.0,13.0,0.68,0.0,87.0,1.0,1.0,0.0,2.0,15.1034482758621,0.0,1.0,0.0,78.0,0.153846153846154,0.0,4.0,5.0,0.6700878519229065,0.3299121480770935,2
631,0,2.0,4.0,12.0,5.0,6.0,2.0,578.0,9.0,11.0,17.0,0.81,0.0,100.0,1.0,1.0,30.0,2.0,5.75,0.0,0.0,0.0,470.0,0.485714285714286,4.0,3.0,7.0,0.5567308943416033,0.44326910565839683,1
631,1,2.0,4.0,1.0,5.0,6.0,20.0,578.0,9.0,11.0,17.0,0.81,0.0,100.0,1.0,1.0,30.0,2.0,5.75,0.0,0.0,0.0,470.0,0.485714285714286,4.0,3.0,7.0,0.5567274584595817,0.44327254154041823,1
631,2,2.0,4.0,12.0,5.0,6.0,20.0,578.0,9.0,11.0,17.0,0.81,0.0,100.0,1.0,1.0,30.0,2.0,5.75,2.0,0.0,0.0,470.0,0.485714285714286,4.0,3.0,7.0,0.5567309063062892,0.4432690936937108,3
631,3,2.0,4.0,1.0,33.0,6.0,2.0,578.0,9.0,11.0,17.0,0.81,0.0,100.0,1.0,1.0,30.0,2.0,5.75,0.0,0.0,0.0,470.0,0.485714285714286,4.0,3.0,7.0,0.5566629105943358,0.44333708940566413,1
631,4,2.0,4.0,1.0,33.0,6.0,20.0,578.0,9.0,11.0,17.0,0.81,0.0,100.0,1.0,1.0,30.0,2.0,5.75,0.0,0.0,3.0,470.0,0.485714285714286,4.0,3.0,7.0,0.5567309062949936,0.44326909370500656,3
631,5,2.0,4.0,1.0,5.0,6.0,2.0,578.0,9.0,11.0,17.0,0.81,0.0,100.0,1.0,1.0,30.0,2.0,5.75,0.0,0.0,0.0,2007.0,0.485714285714286,4.0,3.0,7.0,0.5566421078864284,0.4433578921135717,1
631,6,2.0,4.0,1.0,5.0,6.0,2.0,578.0,9.0,11.0,17.0,0.81,0.0,100.0,1.0,1.0,30.0,2.0,51.2,0.0,0.0,0.0,470.0,0.485714285714286,4.0,3.0,7.0,0.5566913283041166,0.4433086716958832,1
631,7,2.0,4.0,1.0,33.0,6.0,2.0,578.0,9.0,11.0,17.0,0.81,0.0,100.0,1.0,1.0,30.0,2.0,51.2,0.0,0.0,0.0,470.0,0.485714285714286,4.0,3.0,7.0,0.5567309039602403,0.4432690960397597,2
631,8,2.0,4.0,1.0,33.0,6.0,2.0,578.0,9.0,11.0,17.0,0.81,0.0,100.0,1.0,1.0,30.0,2.0,51.2,0.0,0.0,3.0,470.0,0.485714285714286,4.0,3.0,7.0,0.5567309062928771,0.4432690937071229,3
631,9,2.0,4.0,1.0,33.0,6.0,2.0,578.0,9.0,11.0,17.0,0.81,0.0,100.0,1.0,1.0,30.0,2.0,51.2,0.0,23.0,3.0,470.0,0.485714285714286,4.0,3.0,7.0,0.5567309062951579,0.44326909370484213,4
631,10,2.0,4.0,1.0,5.0,6.0,2.0,578.0,9.0,11.0,17.0,0.81,0.0,100.0,1.0,230.0,30.0,2.0,5.75,0.0,0.0,0.0,470.0,0.485714285714286,4.0,3.0,7.0,0.5567225314249621,0.4432774685750379,1
631,11,2.0,4.0,1.0,5.0,6.0,20.0,578.0,9.0,11.0,17.0,0.81,0.0,100.0,1.0,230.0,30.0,2.0,5.75,0.0,0.0,0.0,2007.0,0.485714285714286,4.0,3.0,7.0,0.556730906295161,0.443269093704839,3
631,12,2.0,4.0,1.0,5.0,6.0,2.0,578.0,9.0,11.0,17.0,0.81,0.0,100.0,1.0,1.0,30.0,12.0,51.2,0.0,0.0,0.0,470.0,0.485714285714286,4.0,3.0,7.0,0.5567308715987347,0.44326912840126503,2
631,13,2.0,4.0,1.0,5.0,6.0,2.0,578.0,9.0,11.0,17.0,0.81,12.0,100.0,1.0,1.0,30.0,12.0,51.2,0.0,0.0,0.0,470.0,0.485714285714286,4.0,3.0,7.0,0.5567309061079636,0.44326909389203617,3
631,14,2.0,4.0,1.0,5.0,6.0,2.0,578.0,9.0,11.0,17.0,0.81,12.0,100.0,1.0,1.0,0.0,12.0,51.2,0.0,0.0,0.0,470.0,0.485714285714286,4.0,3.0,7.0,0.5567309062568203,0.4432690937431797,4
631,15,2.0,4.0,1.0,5.0,6.0,2.0,578.0,9.0,11.0,17.0,0.81,12.0,100.0,1.0,1.0,0.0,12.0,51.2,0.0,0.0,0.0,470.0,1.0,4.0,3.0,7.0,0.5567309062811368,0.44326909371886336,5
631,16,2.0,4.0,1.0,5.0,6.0,2.0,578.0,9.0,11.0,17.0,0.81,0.0,100.0,1.0,1.0,30.0,2.0,5.75,28.0,0.0,0.0,470.0,0.485714285714286,4.0,3.0,7.0,0.5567300763108272,0.44326992368917284,1
631,17,2.0,4.0,1.0,5.0,6.0,2.0,578.0,9.0,11.0,17.0,0.81,0.0,100.0,1.0,1.0,30.0,2.0,51.2,28.0,0.0,0.0,470.0,0.485714285714286,4.0,3.0,7.0,0.5567309066224059,0.4432690933775942,2
631,18,2.0,4.0,1.0,5.0,6.0,2.0,578.0,9.0,11.0,17.0,0.81,0.0,100.0,1.0,1.0,30.0,2.0,51.2,28.0,3.0,0.0,470.0,0.485714285714286,4.0,3.0,7.0,0.5567309067263826,0.4432690932736175,3
