test_idx,candidate_id,CountDeclMethodPrivate,CountDeclMethodDefault,AvgEssential,CountDeclClassVariable,CountDeclClassMethod,AvgLineComment,CountLineComment,CountDeclClass,CountDeclMethodProtected,CountDeclInstanceVariable,CountDeclMethodPublic,RatioCommentToCode,PercentLackOfCohesion,MaxInheritanceTree,CountClassDerived,CountClassCoupled,CountClassBase,CountInput_Mean,CountInput_Min,CountOutput_Min,MaxNesting_Mean,MaxNesting_Min,Added_lines,OWN_LINE,OWN_COMMIT,MINOR_COMMIT,MAJOR_LINE,proba0,proba1,num_features_changed
19,0,0.0,0.0,1.0,1.0,0.0,0.0,30.0,1.0,0.0,0.0,9.0,0.52,88.0,4.0,0.0,5.0,1.0,5.22222222222222,2.0,2.0,0.363636363636364,0.0,11.0,1.0,1.0,0.0,0.0,0.7509212,0.2490788,1
20,0,3.0,2.0,1.0,0.0,0.0,5.0,175.0,1.0,3.0,3.0,19.0,0.35,70.0,2.0,0.0,11.0,2.0,6.77777777777778,1.0,1.0,1.41379310344828,0.0,2.0,0.9,1.0,0.0,3.0,0.55870783,0.4412922,2
25,0,3.0,17.0,2.0,2.0,0.0,18.0,423.0,1.0,0.0,18.0,0.0,0.73,89.0,1.0,0.0,11.0,1.0,11.35,2.0,2.0,1.90909090909091,0.0,0.0,0.9,0.0,0.0,0.0,0.7001544,0.2998456,1
30,0,4.0,3.0,1.0,0.0,0.0,4.0,231.0,1.0,2.0,6.0,30.0,0.33,84.0,2.0,0.0,16.0,2.0,7.1025641025641,1.0,1.0,1.21951219512195,0.0,27.0,0.9,0.666666666666667,0.0,3.0,0.7305995,0.26940045,2
41,0,12.0,9.0,1.0,9.0,0.0,2.0,463.0,1.0,35.0,36.0,94.0,0.28,96.0,1.0,1.0,36.0,3.0,5.4,0.0,0.0,0.907894736842105,0.0,10.0,1.0,1.0,0.0,3.0,0.87585586,0.12414412,2
44,0,25.0,19.0,2.0,13.0,0.0,1.0,239.0,1.0,6.0,28.0,35.0,0.24,0.0,1.0,1.0,29.0,1.0,8.36470588235294,0.0,0.0,0.632183908045977,0.0,0.0,0.592727272727273,0.0,0.0,7.0,0.66932666,0.33067334,1
59,0,0.0,8.0,1.0,9.0,1.0,4.0,156.0,1.0,8.0,9.0,8.0,0.8,94.0,1.0,2.0,9.0,2.0,7.75,0.0,0.0,0.615384615384615,0.0,2.0,0.9,1.0,0.0,3.0,0.697886,0.30211404,1
60,0,0.0,2.0,1.0,0.0,0.0,1.0,87.0,1.0,3.0,3.0,41.0,0.2,64.0,1.0,2.0,14.0,2.0,5.65217391304348,0.0,1.0,1.10416666666667,0.0,0.0,0.9,0.0,0.0,4.0,0.9630725,0.036927506,1
67,0,25.0,24.0,1.0,22.0,2.0,3.0,248.333,2.0,4.0,12.0,77.0,0.25,93.0,2.0,2.0,37.0,3.0,7.99230769230769,0.0,1.0,1.11278195488722,0.0,0.0,0.329656476520643,0.0,0.0,3.0,0.79517734,0.20482269,2
71,0,76.0,12.0,1.0,29.0,0.0,2.0,1051.0,1.0,16.0,53.0,206.0,0.23,96.0,1.0,1.0,40.0,3.0,7.35161290322581,0.0,0.0,1.38461538461538,0.0,0.0,0.384935231089077,0.0,0.0,1.0,0.6563537,0.3436463,1
80,0,2.0,4.0,1.0,4.0,3.0,2.0,198.0,3.0,2.0,11.0,28.0,0.72,92.0,3.0,4.0,11.0,2.0,29.3055555555556,1.0,1.0,0.45,0.0,0.0,1.0,0.0,0.0,3.0,0.86063933,0.13936068,1
85,0,21.0,32.0,1.0,16.0,1.0,2.0,596.0,1.0,12.0,43.0,82.0,0.28,95.0,1.0,2.0,23.0,3.0,6.39455782312925,0.0,0.0,1.24832214765101,0.0,0.0,1.0,0.0,0.0,3.0,0.77666575,0.22333425,2
88,0,1.0,0.0,8.0,18.0,2.0,4.0,59.0,1.0,0.0,0.0,2.0,0.52,37.0,1.0,0.0,5.0,1.0,27.6666666666667,0.0,1.0,1.4,0.0,0.0,0.9,0.0,0.0,1.0,0.72379506,0.27620494,1
98,0,2.0,0.0,1.0,0.0,0.0,9.0,195.0,1.0,2.0,10.0,12.0,0.83,79.0,1.0,2.0,21.0,2.0,4.5625,1.0,0.0,1.38888888888889,0.0,0.0,1.0,0.0,0.0,3.0,0.6820698,0.3179302,1
120,0,40.0,7.0,1.0,1.0,0.0,2.0,425.0,1.0,32.0,34.0,53.0,0.34,96.0,2.0,1.0,40.0,1.0,5.20454545454545,0.0,0.0,0.477611940298507,0.0,14.0,1.0,1.0,0.0,3.0,0.58330655,0.41669348,2
124,0,30.0,13.0,1.0,0.0,0.0,4.0,428.0,1.0,9.0,13.0,5.0,0.54,93.0,2.0,1.0,23.0,1.0,5.17543859649123,1.0,1.0,1.11864406779661,0.0,0.0,0.630637079455977,0.0,0.0,3.0,0.63106555,0.36893445,1
125,0,0.0,3.0,1.0,0.0,0.0,2.0,52.0,1.0,1.0,3.0,2.0,1.16,66.0,2.0,1.0,6.0,1.0,3.16666666666667,1.0,1.0,0.375,0.0,0.0,0.8,0.0,0.0,0.0,0.75534034,0.24465965,1
139,0,31.0,14.0,1.0,0.0,0.0,3.0,597.0,1.0,28.0,0.0,9.0,0.38,0.0,4.0,1.0,30.0,2.0,5.69512195121951,1.0,1.0,1.01190476190476,0.0,0.0,0.897834082550061,0.0,0.0,1.0,0.66897964,0.33102039,1
140,0,25.0,12.0,1.0,0.0,0.0,4.0,248.333,1.0,5.0,3.0,10.0,0.43,94.0,4.0,1.0,33.0,2.0,7.38461538461539,1.0,1.0,1.27777777777778,0.0,0.0,0.470005503577325,0.0,0.0,8.0,0.6252093,0.37479073,1
145,0,6.0,0.0,2.0,22.0,1.0,10.0,281.0,1.0,3.0,15.0,14.0,0.41,91.0,1.0,0.0,17.0,2.0,10.4782608695652,2.0,1.0,1.84,0.0,27.0,0.9,1.0,0.0,4.0,0.57666624,0.42333373,1
148,0,14.0,1.0,1.0,1.0,1.0,1.0,368.0,1.0,25.0,12.0,2.0,0.33,85.0,1.0,1.0,21.0,1.0,7.73563218390805,1.0,1.0,0.775280898876405,0.0,60.0,0.9,1.0,0.0,5.0,0.53150433,0.46849567,2
156,0,8.0,7.0,1.0,33.0,23.0,3.0,248.333,2.0,0.0,20.0,54.0,0.85,98.0,1.0,1.0,12.0,3.0,4.39130434782609,0.0,1.0,0.602739726027397,0.0,109.0,1.0,0.666666666666667,0.0,3.0,0.5833249,0.4166751,3
157,0,3.0,0.0,1.0,3.0,0.0,4.0,80.0,1.0,0.0,1.0,6.0,0.9,83.0,1.0,1.0,8.0,2.0,3.33333333333333,1.0,1.0,0.909090909090909,0.0,10.0,0.46031746031746,1.0,0.0,1.0,0.6456064,0.35439357,1
194,0,1.0,1.0,2.0,6.0,0.0,6.0,122.0,1.0,11.0,11.0,0.0,0.78,84.0,1.0,0.0,5.0,1.0,5.69230769230769,3.0,1.0,1.6875,0.0,0.0,0.830564784053156,0.0,0.0,1.0,0.5054146,0.49458537,1
197,0,0.0,1.0,3.0,0.0,0.0,13.0,54.0,2.0,0.0,4.0,2.0,0.76,37.0,2.0,0.0,1.0,2.0,3.66666666666667,1.0,2.0,1.5,0.0,0.0,0.9,0.0,0.0,2.0,0.6943946,0.30560544,1
203,0,17.0,7.0,1.0,2.0,4.0,8.0,52.0,1.0,55.0,17.0,1.0,29.08,91.0,1.0,0.0,14.0,1.0,7.7875,1.0,1.0,0.634146341463415,0.0,0.0,0.816781731279873,0.0,0.0,7.0,0.5832938,0.41670623,2
205,0,155.0,6.0,2.0,26.0,6.0,13.0,248.333,2.0,26.0,7.0,4.0,0.52,96.0,2.0,0.0,73.0,1.0,9.35078534031414,0.0,1.0,1.52061855670103,0.0,25.0,0.82404181184669,1.0,0.0,3.0,0.72335833,0.27664167,3
209,0,10.0,6.0,1.0,1.0,2.0,4.0,52.0,2.0,89.0,50.0,6.0,0.69,95.0,1.0,0.0,22.0,1.0,4.17117117117117,1.0,1.0,0.464912280701754,0.0,0.0,0.674705882352941,0.0,0.0,4.0,0.557045,0.442955,1
214,0,4.0,0.0,1.0,13.0,3.0,9.0,194.0,3.0,4.0,3.0,2.0,29.08,80.0,1.0,0.0,1.0,2.0,5.4,0.0,1.0,2.28571428571429,0.0,49.0,0.84394250513347,1.0,0.0,2.0,0.77396965,0.22603032,1
218,0,0.0,0.0,10.0,39.0,2.0,9.0,31.0,1.0,2.0,0.0,0.0,0.46,97.0,1.0,0.0,4.0,1.0,28.0,4.0,1.0,0.75,0.0,0.0,0.958847736625514,0.0,0.0,3.0,0.70897436,0.29102567,1
221,0,68.0,11.0,1.0,78.0,3.0,7.0,1279.0,8.0,23.0,61.0,43.0,0.51,98.0,1.0,0.0,48.0,2.0,5.77241379310345,0.0,0.0,1.01298701298701,0.0,2.0,1.0,1.0,0.0,3.0,0.7346698,0.26533023,3
224,0,1.0,1.0,1.0,9.0,0.0,5.0,126.0,1.0,12.0,16.0,0.0,0.79,88.0,1.0,0.0,7.0,1.0,5.07142857142857,1.0,1.0,1.125,0.0,0.0,0.9,0.0,0.0,1.0,0.54922676,0.45077324,1
226,0,1.0,0.0,11.0,0.0,3.0,14.0,31.0,1.0,3.0,0.0,0.0,0.55,0.0,1.0,0.0,4.0,1.0,22.75,0.0,1.0,1.16666666666667,0.0,0.0,0.962264150943396,0.0,0.0,2.0,0.6294894,0.37051058,1
241,0,6.0,0.0,1.0,6.0,63.0,11.0,248.333,2.0,0.0,0.0,58.0,0.9,98.0,1.0,0.0,33.0,2.0,4.125,0.0,1.0,0.686567164179104,0.0,2.0,0.9,1.0,0.0,6.0,0.5286243,0.47137573,3
243,0,1.0,0.0,1.0,0.0,0.0,2.0,41.0,1.0,0.0,1.0,4.0,1.05,60.0,2.0,0.0,4.0,1.0,1.0,0.0,1.0,0.428571428571429,0.0,13.0,0.808080808080808,1.0,0.0,0.0,0.5311313,0.46886867,1
245,0,1.0,1.0,1.0,0.0,0.0,5.0,111.0,1.0,0.0,3.0,12.0,0.55,73.0,1.0,3.0,12.0,2.0,7.92857142857143,0.0,1.0,0.705882352941177,0.0,0.0,0.962466487935657,0.0,0.0,2.0,0.7897953,0.21020472,1
247,0,1.0,0.0,1.0,2.0,1.0,4.0,95.0,1.0,0.0,5.0,14.0,0.83,72.0,1.0,0.0,2.0,3.0,2.73333333333333,0.0,1.0,0.647058823529412,0.0,30.0,0.9,0.75,0.0,2.0,0.8572102,0.14278978,1
248,0,0.0,0.0,1.0,0.0,0.0,3.0,112.0,1.0,0.0,6.0,20.0,0.37,60.0,1.0,0.0,2.0,3.0,2.85,0.0,1.0,0.954545454545455,0.0,0.0,0.9,0.0,0.0,2.0,0.6713965,0.32860354,2
254,0,0.0,0.0,1.0,0.0,0.0,8.0,246.0,1.0,0.0,6.0,27.0,0.88,59.0,1.0,0.0,5.0,3.0,5.03703703703704,0.0,1.0,0.586206896551724,0.0,0.0,0.9,0.0,0.0,3.0,0.88314444,0.116855554,1
283,0,0.0,3.0,1.0,0.0,0.0,2.0,148.0,1.0,1.0,7.0,42.0,0.34,89.0,1.0,1.0,17.0,2.0,4.73913043478261,0.0,1.0,0.895833333333333,0.0,0.0,0.774774774774775,0.0,0.0,3.0,0.69417226,0.30582774,1
286,0,0.0,0.0,1.0,0.0,0.0,3.0,81.0,1.0,0.0,0.0,16.0,3.24,0.0,0.0,1.0,5.0,0.0,1.8125,1.0,0.0,0.0,0.0,0.0,0.9,0.0,0.0,0.0,0.91668266,0.083317354,1
287,0,0.0,1.0,1.0,0.0,0.0,6.0,279.0,1.0,0.0,1.0,40.0,1.37,95.0,2.0,2.0,12.0,2.0,3.53658536585366,0.0,2.0,0.0,0.0,0.0,0.936014625228519,0.0,0.0,2.0,0.70588404,0.29411596,1
320,0,3.0,0.0,2.0,15.0,14.0,7.0,149.0,2.0,0.0,6.0,12.0,0.78,93.0,1.0,0.0,2.0,2.0,3.13333333333333,1.0,1.0,1.38888888888889,0.0,0.0,0.9,0.0,0.0,2.0,0.5010575,0.49894246,1
383,0,9.0,0.0,2.0,0.0,7.0,8.0,397.0,1.0,0.0,3.0,31.0,0.92,65.0,1.0,0.0,4.0,3.0,19.7,1.0,0.0,0.80952380952381,0.0,0.0,1.0,0.0,0.0,2.0,0.9044042,0.09559579,1
392,0,0.0,0.0,2.0,1.0,6.0,10.0,81.0,1.0,0.0,0.0,6.0,1.07,83.0,1.0,0.0,0.0,1.0,6.66666666666667,3.0,1.0,2.125,1.0,0.0,0.8,0.0,0.0,1.0,0.5502882,0.4497118,1
463,0,0.0,0.0,1.0,23.0,0.0,6.0,76.0,1.0,0.0,0.0,6.0,0.56,100.0,0.0,1.0,2.0,0.0,2.66666666666667,0.0,0.0,0.111111111111111,0.0,0.0,0.594202898550725,0.0,0.0,3.0,0.6784174,0.32158262,1
465,0,0.0,33.0,1.0,14.0,0.0,6.0,248.333,1.0,0.0,0.0,90.0,4.43,100.0,1.0,1.0,25.0,1.0,4.31707317073171,0.0,0.0,0.0,0.0,44.0,0.9,0.5,0.0,3.0,0.8832658,0.116734184,3
483,0,0.0,2.0,1.0,4.0,1.0,9.0,356.0,1.0,0.0,9.0,33.0,1.12,92.0,2.0,2.0,19.0,4.0,5.42857142857143,0.0,1.0,0.648648648648649,0.0,0.0,0.915006640106242,0.0,0.0,2.0,0.73926204,0.26073796,1
486,0,0.0,1.0,1.0,46.0,0.0,10.0,248.333,1.0,0.0,1.0,122.0,3.39,100.0,0.0,2.0,35.0,0.0,4.30894308943089,0.0,0.0,0.0,0.0,13.0,0.9,0.5,0.0,10.0,0.86875474,0.13124524,2
494,0,1.0,0.0,1.0,0.0,0.0,4.0,164.0,1.0,0.0,2.0,27.0,0.71,53.0,1.0,0.0,17.0,3.0,6.0,0.0,1.0,0.566666666666667,0.0,0.0,0.9,0.0,0.0,1.0,0.9595825,0.040417474,1
511,0,4.0,0.0,1.0,10.0,0.0,6.0,248.333,2.0,1.0,14.0,64.0,0.84,95.0,2.0,0.0,28.0,3.0,9.97101449275362,0.0,1.0,0.694444444444444,0.0,18.0,1.0,1.0,0.0,5.0,0.55566096,0.44433907,2
529,0,0.0,1.0,1.0,6.0,0.0,7.0,152.0,1.0,0.0,0.0,15.0,5.07,100.0,2.0,2.0,4.0,2.0,6.4375,0.0,0.0,0.0,0.0,0.0,0.9,0.0,0.0,1.0,0.95654213,0.043457855,1
530,0,0.0,32.0,1.0,0.0,0.0,23.0,248.333,1.0,0.0,1.0,11.0,2.33,100.0,0.0,1.0,7.0,0.0,0.0232558139534884,0.0,1.0,0.0,0.0,30.0,0.880560633759902,1.0,0.0,3.0,0.78684235,0.21315765,2
541,0,0.0,12.0,1.0,0.0,0.0,8.0,198.0,1.0,0.0,0.0,6.0,4.71,0.0,2.0,1.0,8.0,1.0,1.95,1.0,0.0,0.0,0.0,0.0,0.794871794871795,0.0,0.0,2.0,0.8394697,0.1605303,1
608,0,0.0,4.0,1.0,4.0,0.0,4.0,257.0,1.0,0.0,0.0,28.0,3.62,100.0,1.0,2.0,13.0,1.0,1.5,0.0,0.0,0.0,0.0,0.0,1.0,0.0,0.0,5.0,0.50062114,0.49937886,1
617,0,0.0,2.0,1.0,43.0,0.0,12.0,715.0,1.0,0.0,1.0,35.0,4.64,100.0,1.0,1.0,11.0,1.0,1.91891891891892,0.0,0.0,0.0,0.0,0.0,1.0,0.0,0.0,5.0,0.5453299,0.45467007,1
644,0,6.0,0.0,2.0,4.0,22.0,12.0,805.0,1.0,0.0,3.0,55.0,0.93,87.0,1.0,0.0,21.0,2.0,10.672131147541,0.0,1.0,0.777777777777778,0.0,0.0,1.0,0.0,0.0,9.0,0.84823155,0.15176845,1
645,0,0.0,0.0,1.0,0.0,9.0,5.0,70.0,1.0,0.0,0.0,9.0,0.37,0.0,1.0,0.0,6.0,1.0,8.11111111111111,2.0,1.0,0.727272727272727,0.0,0.0,0.960698689956332,0.0,0.0,2.0,0.8475791,0.1524209,1
667,0,11.0,1.0,2.0,6.0,6.0,7.0,1034.0,1.0,23.0,8.0,81.0,0.62,94.0,2.0,2.0,40.0,3.0,4.60344827586207,0.0,0.0,0.923728813559322,0.0,0.0,1.0,0.625,0.0,4.0,0.86763066,0.13236935,2
668,0,2.0,6.0,1.0,3.0,0.0,4.0,303.0,2.0,0.0,4.0,45.0,0.65,94.0,4.0,1.0,23.0,1.0,1.69811320754717,0.0,1.0,0.571428571428571,0.0,555.0,0.9,0.888888888888889,0.0,3.0,0.51863194,0.48136804,1
671,0,1.0,1.0,1.0,2.0,0.0,4.0,338.0,1.0,3.0,2.0,49.0,0.77,78.0,3.0,0.0,15.0,1.0,2.12962962962963,0.0,1.0,1.5,0.0,0.0,0.990066225165563,0.0,0.0,3.0,0.6505017,0.3494983,1
680,0,0.0,1.0,1.0,2.0,0.0,4.0,248.333,1.0,3.0,2.0,49.0,0.78,81.0,3.0,0.0,17.0,1.0,2.13207547169811,0.0,1.0,0.527272727272727,0.0,0.0,0.993311036789298,0.0,0.0,1.0,0.5057716,0.49422842,1
684,0,6.0,8.0,2.0,15.0,7.0,5.0,344.0,1.0,2.0,4.0,9.0,0.41,93.0,2.0,0.0,28.0,2.0,4.66071428571429,0.0,1.0,1.0,0.0,0.0,0.685931558935361,0.0,0.0,4.0,0.54191494,0.4580851,1
689,0,0.0,0.0,1.0,8.0,0.0,9.0,171.0,1.0,0.0,0.0,13.0,3.64,100.0,2.0,1.0,6.0,1.0,1.23076923076923,0.0,0.0,0.0,0.0,58.0,0.524390243902439,0.75,0.0,2.0,0.7205349,0.27946505,1
736,0,1.0,0.0,1.0,0.0,0.0,7.0,99.0,1.0,0.0,7.0,6.0,0.96,53.0,2.0,0.0,5.0,1.0,5.0,2.0,2.0,1.33333333333333,0.0,36.0,0.953703703703704,1.0,0.0,2.0,0.65730554,0.34269446,1
738,0,0.0,13.0,1.0,0.0,0.0,3.0,78.0,1.0,0.0,3.0,3.0,1.47,64.0,1.0,6.0,3.0,1.0,19.3846153846154,2.0,1.0,0.2,0.0,0.0,0.962025316455696,0.0,0.0,1.0,0.72881913,0.27118084,1
739,0,6.0,2.0,3.0,0.0,0.0,13.0,405.0,1.0,2.0,7.0,12.0,0.7,68.0,2.0,0.0,17.0,3.0,7.09090909090909,2.0,1.0,2.125,0.0,14.0,0.8,0.75,0.0,3.0,0.5130501,0.4869499,2
745,0,3.0,2.0,2.0,0.0,0.0,14.0,349.0,1.0,1.0,3.0,14.0,0.87,71.0,2.0,0.0,19.0,3.0,4.9,0.0,1.0,2.09090909090909,0.0,49.0,1.0,0.857142857142857,0.0,3.0,0.5474241,0.4525759,2
746,0,31.0,7.0,1.0,7.0,1.0,10.0,248.333,1.0,13.0,17.0,63.0,0.95,96.0,1.0,1.0,48.0,2.0,6.20175438596491,0.0,1.0,0.836206896551724,0.0,0.0,1.0,0.0,0.0,3.0,0.74772644,0.25227353,3
750,0,17.0,0.0,1.0,2.0,1.0,10.0,248.333,1.0,3.0,2.0,180.0,2.06,99.0,2.0,1.0,26.0,3.0,1.41,0.0,1.0,0.222772277227723,0.0,0.0,1.0,0.0,0.0,8.0,0.7132393,0.28676066,2
755,0,11.0,5.0,1.0,0.0,0.0,10.0,248.333,1.0,5.0,5.0,58.0,1.07,93.0,3.0,3.0,38.0,2.0,4.60759493670886,0.0,1.0,0.802469135802469,0.0,12.0,0.8,1.0,0.0,3.0,0.52808106,0.47191897,3
760,0,18.0,8.0,1.0,8.0,2.0,13.0,248.333,1.0,11.0,26.0,1.0,1.31,97.0,2.0,2.0,61.0,3.0,5.6,0.0,1.0,0.803191489361702,0.0,34.0,0.9,1.0,0.0,3.0,0.51796967,0.48203033,5
769,0,3.0,1.0,1.0,0.0,1.0,12.0,809.0,1.0,1.0,24.0,45.0,1.12,94.0,2.0,2.0,19.0,2.0,5.16666666666667,0.0,0.0,0.919354838709677,0.0,0.0,1.0,0.0,0.0,6.0,0.82197064,0.17802937,2
784,0,0.0,22.0,1.0,0.0,1.0,3.0,196.0,1.0,0.0,9.0,1.0,0.37,82.0,1.0,0.0,17.0,1.0,4.47826086956522,1.0,1.0,0.76,0.0,0.0,0.89438202247191,0.0,0.0,2.0,0.54433763,0.4556624,1
785,0,1.0,2.0,1.0,0.0,0.0,16.0,149.0,1.0,0.0,5.0,4.0,0.56,57.0,2.0,0.0,4.0,1.0,4.57142857142857,2.0,2.0,1.11111111111111,0.0,10.0,0.810924369747899,0.5,0.0,0.0,0.5461502,0.45384982,1
787,0,3.0,7.0,1.0,1.0,25.0,1.0,92.0,1.0,0.0,0.0,9.0,0.47,84.0,1.0,0.0,19.0,1.0,17.92,2.0,1.0,0.444444444444444,0.0,0.0,0.730878186968839,0.0,0.0,2.0,0.78331715,0.21668285,1
846,0,21.0,9.0,3.0,2.0,6.0,5.0,248.333,4.0,10.0,27.0,31.0,0.34,96.0,1.0,1.0,43.0,3.0,4.56338028169014,0.0,1.0,1.68831168831169,0.0,2.0,0.980674157303371,1.0,0.0,3.0,0.65841466,0.34158534,2
866,0,0.0,0.0,1.0,0.0,0.0,7.0,79.0,4.0,0.0,1.0,7.0,1.18,25.0,1.0,0.0,1.0,3.0,0.285714285714286,0.0,0.0,0.307692307692308,0.0,0.0,0.6,0.0,0.0,1.0,0.6388533,0.36114666,1
871,0,74.0,17.0,1.0,31.0,5.0,13.0,248.333,1.0,15.0,42.0,3.0,0.51,98.0,1.0,0.0,133.0,6.0,7.35546875,0.0,0.0,0.825581395348837,0.0,286.0,0.745413582233666,0.25,0.0,2.0,0.55574846,0.44425154,3
910,0,1.0,0.0,1.0,0.0,0.0,11.0,194.0,1.0,0.0,7.0,12.0,0.73,71.0,1.0,0.0,22.0,1.0,6.53846153846154,1.0,1.0,1.33333333333333,0.0,24.0,0.653631284916201,1.0,0.0,2.0,0.8099719,0.1900281,2
929,0,4.0,3.0,2.0,0.0,0.0,14.0,248.333,1.0,2.0,5.0,13.0,0.64,75.0,3.0,0.0,33.0,1.0,6.18181818181818,0.0,1.0,1.16666666666667,0.0,0.0,0.94716618635927,0.0,0.0,4.0,0.6475364,0.35246357,1
934,0,0.0,0.0,2.0,0.0,0.0,10.0,169.0,1.0,1.0,3.0,7.0,0.8,41.0,3.0,0.0,19.0,1.0,4.375,2.0,2.0,2.1,0.0,0.0,0.9,0.0,0.0,5.0,0.57896745,0.42103252,1
938,0,1.0,15.0,1.0,0.0,0.0,7.0,248.333,2.0,6.0,7.0,34.0,0.87,86.0,3.0,0.0,28.0,1.0,5.26785714285714,0.0,1.0,0.542372881355932,0.0,0.0,1.0,0.0,0.0,3.0,0.82832336,0.1716766,3
939,0,4.0,0.0,1.0,0.0,0.0,3.0,290.0,1.0,0.0,36.0,6.0,0.52,95.0,2.0,0.0,38.0,2.0,2.14754098360656,0.0,1.0,5.2,0.0,34.0,0.696008188331627,1.0,0.0,2.0,0.610047,0.38995302,2
949,0,1.0,0.0,2.0,0.0,0.0,14.0,154.0,1.0,0.0,8.0,8.0,0.48,56.0,2.0,0.0,34.0,1.0,8.22222222222222,2.0,1.0,1.90909090909091,0.0,12.0,0.635701275045537,1.0,0.0,4.0,0.6087522,0.3912478,1
950,0,7.0,0.0,2.0,0.0,0.0,15.0,315.0,1.0,0.0,24.0,7.0,0.05,77.0,1.0,0.0,29.0,1.0,7.92857142857143,0.0,1.0,1.8125,0.0,62.0,0.81587651598677,1.0,0.0,4.0,0.53857625,0.46142375,2
955,0,7.0,1.0,2.0,3.0,1.0,11.0,311.0,1.0,1.0,11.0,15.0,0.78,86.0,1.0,0.0,34.0,1.0,3.83333333333333,0.0,1.0,1.15384615384615,0.0,43.0,0.858866103739445,1.0,0.0,2.0,0.57316643,0.42683357,1
963,0,10.0,7.0,2.0,0.0,2.0,14.0,248.333,1.0,10.0,24.0,9.0,0.58,95.0,1.0,3.0,57.0,1.0,5.64444444444444,0.0,1.0,1.70212765957447,0.0,65.0,0.74,0.75,0.0,4.0,0.89009047,0.10990956,3
975,0,23.0,11.0,2.0,3.0,0.0,16.0,248.333,1.0,6.0,30.0,6.0,0.61,95.0,4.0,0.0,70.0,1.0,4.93333333333333,0.0,0.0,1.33695652173913,0.0,10.0,0.929205455726348,1.0,0.0,3.0,0.5324892,0.4675108,3
976,0,0.0,8.0,2.0,0.0,0.0,11.0,248.333,1.0,1.0,5.0,30.0,0.73,94.0,3.0,0.0,35.0,2.0,2.79487179487179,1.0,1.0,1.92682926829268,0.0,0.0,0.850782190132371,0.0,0.0,2.0,0.5911566,0.4088434,2
978,0,2.0,4.0,1.0,3.0,0.0,5.0,248.333,1.0,10.0,7.0,63.0,0.62,96.0,3.0,8.0,39.0,2.0,4.64556962025316,0.0,0.0,0.654320987654321,0.0,0.0,0.870882740447958,0.0,0.0,2.0,0.82088375,0.17911625,2
979,0,10.0,4.0,1.0,0.0,0.0,9.0,248.333,1.0,2.0,27.0,6.0,0.53,93.0,4.0,0.0,65.0,2.0,4.16,0.0,0.0,1.0,0.0,23.0,0.843621399176955,1.0,0.0,4.0,0.6584538,0.34154615,2
993,0,4.0,1.0,1.0,0.0,1.0,19.0,248.333,1.0,1.0,8.0,9.0,0.7,85.0,5.0,0.0,48.0,1.0,5.4375,0.0,1.0,1.0,0.0,2.0,0.829831932773109,1.0,0.0,7.0,0.60851276,0.3914872,3
1023,0,10.0,1.0,2.0,5.0,0.0,30.0,1168.0,1.0,3.0,40.0,22.0,0.85,89.0,1.0,1.0,28.0,2.0,7.36111111111111,0.0,0.0,1.94736842105263,0.0,0.0,1.0,0.0,0.0,3.0,0.8438475,0.15615247,1
1024,0,3.0,7.0,1.0,0.0,1.0,8.0,185.0,1.0,0.0,6.0,8.0,0.84,77.0,3.0,0.0,19.0,1.0,3.83333333333333,1.0,1.0,1.05,0.0,0.0,1.0,0.0,0.0,1.0,0.6903256,0.30967435,1
1025,0,0.0,9.0,2.0,0.0,0.0,11.0,283.0,1.0,0.0,8.0,13.0,0.74,89.0,4.0,0.0,31.0,2.0,2.86363636363636,0.0,0.0,1.70833333333333,0.0,0.0,0.9,0.0,0.0,3.0,0.77898073,0.22101927,1
1036,0,2.0,6.0,1.0,0.0,0.0,17.0,248.333,1.0,1.0,10.0,36.0,0.99,90.0,2.0,0.0,45.0,1.0,3.82222222222222,0.0,0.0,1.1063829787234,0.0,6.0,0.851891315929675,1.0,0.0,3.0,0.72701675,0.27298325,2
1037,0,1.0,7.0,1.0,4.0,4.0,7.0,248.333,1.0,12.0,7.0,51.0,0.74,98.0,1.0,11.0,45.0,2.0,16.169014084507,0.0,0.0,0.794520547945205,0.0,1.0,0.893105629348514,1.0,0.0,3.0,0.6595602,0.3404398,1
1045,0,2.0,16.0,1.0,0.0,0.0,7.0,248.333,1.0,1.0,7.0,6.0,2.06,94.0,3.0,2.0,35.0,3.0,6.40909090909091,1.0,1.0,0.688888888888889,0.0,40.0,0.83013698630137,0.5,0.0,8.0,0.67937934,0.3206207,4
1046,0,7.0,36.0,2.0,0.0,0.0,11.0,248.333,1.0,3.0,6.0,77.0,0.62,97.0,3.0,0.0,64.0,1.0,4.30081300813008,0.0,1.0,1.584,0.0,0.0,0.848963242224317,1.0,0.0,8.0,0.55685174,0.4431483,2
1047,0,1.0,20.0,1.0,0.0,1.0,10.0,248.333,1.0,6.0,10.0,53.0,1.05,96.0,2.0,3.0,59.0,1.0,6.625,0.0,0.0,0.695121951219512,0.0,0.0,0.90894819466248,0.0,0.0,2.0,0.7220799,0.27792013,2
1053,0,3.0,9.0,2.0,0.0,0.0,17.0,248.333,1.0,1.0,22.0,36.0,0.79,87.0,3.0,0.0,48.0,1.0,5.20408163265306,0.0,1.0,1.05882352941176,0.0,1.0,1.0,1.0,0.0,3.0,0.55944425,0.44055575,3
1054,0,1.0,6.0,1.0,0.0,0.0,1.0,248.333,1.0,2.0,7.0,15.0,1.78,89.0,5.0,2.0,32.0,1.0,4.04166666666667,0.0,1.0,0.923076923076923,0.0,0.0,0.464253393665158,0.0,0.0,6.0,0.6382569,0.3617431,2
1058,0,0.0,7.0,1.0,0.0,0.0,8.0,297.0,1.0,2.0,2.0,24.0,1.1,51.0,4.0,10.0,22.0,1.0,3.12121212121212,0.0,1.0,1.0,0.0,0.0,0.932389937106918,0.0,0.0,3.0,0.57289207,0.42710793,1
1064,0,4.0,1.0,2.0,0.0,0.0,22.0,310.0,1.0,0.0,7.0,6.0,0.48,83.0,4.0,0.0,40.0,1.0,10.2727272727273,1.0,1.0,3.23076923076923,0.0,0.0,0.907053941908714,0.0,0.0,3.0,0.67948544,0.32051453,1
1066,0,17.0,4.0,1.0,19.0,0.0,18.0,248.333,1.0,2.0,17.0,25.0,2.06,90.0,3.0,0.0,49.0,1.0,6.39583333333333,0.0,1.0,1.1,0.0,2.0,0.930309278350515,1.0,0.0,6.0,0.5274364,0.47256365,3
1069,0,11.0,8.0,2.0,0.0,0.0,13.0,387.0,1.0,0.0,2.0,9.0,0.39,89.0,1.0,0.0,48.0,1.0,5.5,1.0,1.0,2.33333333333333,0.0,288.0,0.553787396562699,0.888888888888889,0.0,3.0,0.69982076,0.30017924,2
1072,0,0.0,6.0,1.0,0.0,0.0,10.0,386.0,1.0,2.0,6.0,27.0,0.76,68.0,4.0,2.0,27.0,1.0,4.22857142857143,0.0,0.0,0.756756756756757,0.0,0.0,0.9,0.0,0.0,1.0,0.715846,0.284154,1
1091,0,6.0,1.0,2.0,1.0,2.0,20.0,248.333,1.0,2.0,8.0,10.0,0.6,90.0,2.0,0.0,56.0,1.0,5.78947368421053,0.0,1.0,1.85714285714286,0.0,14.0,0.709104938271605,1.0,0.0,6.0,0.618467,0.38153306,2
1104,0,19.0,0.0,1.0,3.0,0.0,7.0,31.0,1.0,3.0,54.0,9.0,0.37,97.0,2.0,0.0,66.0,2.0,2.92715231788079,0.0,1.0,0.843137254901961,0.0,0.0,1.0,0.5,0.0,11.0,0.50504386,0.4949561,5
1106,0,2.0,1.0,1.0,0.0,0.0,6.0,285.0,2.0,0.0,7.0,6.0,0.71,88.0,2.0,0.0,23.0,2.0,2.71428571428571,0.0,1.0,0.894736842105263,0.0,0.0,0.921219822109276,0.0,0.0,5.0,0.63425493,0.3657451,2
1117,0,33.0,1.0,2.0,1.0,3.0,20.0,248.333,1.0,0.0,50.0,8.0,0.42,91.0,1.0,0.0,71.0,2.0,10.1190476190476,0.0,0.0,2.20454545454545,0.0,130.0,0.535906897530514,0.8,0.0,9.0,0.60661477,0.39338523,3
1121,0,1.0,0.0,1.0,2.0,5.0,4.0,657.0,1.0,15.0,38.0,103.0,0.05,97.0,1.0,2.0,61.0,3.0,2.42857142857143,0.0,0.0,0.628099173553719,0.0,0.0,0.9,0.0,0.0,1.0,0.78451705,0.21548297,3
1151,0,1.0,1.0,1.0,0.0,0.0,14.0,161.0,1.0,1.0,7.0,5.0,0.89,69.0,2.0,0.0,18.0,1.0,6.125,0.0,2.0,1.6,0.0,0.0,0.95959595959596,0.0,0.0,2.0,0.8720718,0.12792818,1
1171,0,1.0,0.0,1.0,0.0,1.0,5.0,268.0,1.0,0.0,0.0,44.0,0.28,0.0,1.0,0.0,54.0,2.0,9.57777777777778,1.0,1.0,0.0851063829787234,0.0,23.0,0.845977011494253,1.0,0.0,3.0,0.67156684,0.32843316,1
1174,0,0.0,2.0,2.0,0.0,0.0,15.0,111.0,1.0,4.0,6.0,3.0,1.1,63.0,1.0,2.0,15.0,1.0,4.0,1.0,0.0,1.625,0.0,0.0,0.76890756302521,0.0,0.0,3.0,0.5035674,0.4964326,1
1189,0,21.0,2.0,2.0,0.0,0.0,7.0,248.333,2.0,1.0,46.0,9.0,0.38,87.0,1.0,0.0,79.0,2.0,10.6666666666667,1.0,1.0,1.94444444444444,0.0,2.0,1.0,1.0,0.0,6.0,0.56823313,0.43176684,4
1190,0,1.0,0.0,1.0,0.0,0.0,9.0,68.0,1.0,1.0,4.0,3.0,0.37,44.0,2.0,0.0,17.0,1.0,6.6,3.0,3.0,2.71428571428571,0.0,0.0,0.972508591065292,0.0,0.0,3.0,0.97939247,0.020607535,1
1203,0,0.0,1.0,2.0,0.0,1.0,6.0,180.0,1.0,3.0,6.0,18.0,29.08,88.0,2.0,19.0,26.0,1.0,7.72727272727273,0.0,0.0,1.16666666666667,0.0,27.0,0.859778597785978,0.5,0.0,4.0,0.72972167,0.27027833,1
1204,0,2.0,0.0,1.0,0.0,2.0,8.0,161.0,1.0,0.0,6.0,12.0,29.08,79.0,1.0,0.0,15.0,2.0,4.42857142857143,1.0,1.0,1.25,0.0,108.0,0.702637889688249,1.0,0.0,2.0,0.66262805,0.33737192,2
1205,0,1.0,2.0,1.0,0.0,2.0,8.0,333.0,1.0,1.0,13.0,6.0,29.08,93.0,1.0,3.0,31.0,2.0,2.52941176470588,0.0,0.0,0.638888888888889,0.0,114.0,0.753623188405797,0.6,0.0,4.0,0.5350773,0.46492273,2
1209,0,1.0,1.0,1.0,0.0,0.0,9.0,182.0,1.0,0.0,13.0,13.0,0.55,0.0,3.0,0.0,15.0,2.0,5.4,1.0,1.0,1.47058823529412,0.0,0.0,0.866888519134775,0.0,0.0,3.0,0.72267663,0.2773234,1
1260,0,5.0,0.0,2.0,4.0,0.0,11.0,397.0,1.0,0.0,7.0,23.0,0.59,80.0,2.0,0.0,19.0,2.0,6.96428571428571,1.0,1.0,1.43333333333333,0.0,14.0,1.0,1.0,0.0,7.0,0.50548935,0.49451062,3
1262,0,3.0,1.0,2.0,0.0,0.0,5.0,119.0,1.0,0.0,16.0,14.0,0.49,84.0,3.0,0.0,10.0,2.0,4.5,1.0,1.0,1.2,0.0,0.0,1.0,0.0,0.0,2.0,0.89594364,0.104056366,1
1266,0,6.0,0.0,2.0,0.0,0.0,11.0,257.0,1.0,0.0,7.0,8.0,0.88,82.0,3.0,0.0,20.0,2.0,5.64285714285714,1.0,2.0,1.375,0.0,0.0,0.988817891373802,0.0,0.0,2.0,0.76610684,0.23389313,1
1272,0,2.0,1.0,2.0,0.0,0.0,11.0,248.333,1.0,6.0,7.0,14.0,0.82,87.0,4.0,2.0,28.0,3.0,9.52173913043478,0.0,1.0,1.88,0.0,0.0,0.869745003445899,0.0,0.0,6.0,0.6681985,0.33180147,3
1274,0,2.0,3.0,1.0,0.0,1.0,7.0,518.0,1.0,0.0,16.0,55.0,0.96,92.0,1.0,0.0,17.0,4.0,1.93333333333333,0.0,0.0,0.435483870967742,0.0,0.0,0.943625325238508,0.0,0.0,1.0,0.5816245,0.41837552,1
1283,0,4.0,9.0,2.0,0.0,1.0,14.0,295.0,1.0,0.0,34.0,4.0,0.43,82.0,2.0,0.0,43.0,1.0,11.2941176470588,2.0,1.0,2.63157894736842,0.0,1.0,0.973660308810173,1.0,0.0,3.0,0.6320956,0.36790442,2
1285,0,1.0,0.0,1.0,0.0,0.0,3.0,44.0,1.0,1.0,2.0,1.0,0.33,66.0,4.0,0.0,14.0,1.0,7.66666666666667,3.0,2.0,3.0,0.0,0.0,0.960975609756098,0.0,0.0,3.0,0.75019866,0.24980135,1
1287,0,8.0,3.0,1.0,0.0,0.0,4.0,156.0,1.0,0.0,23.0,6.0,0.32,90.0,3.0,0.0,30.0,3.0,4.65384615384615,0.0,1.0,1.82142857142857,0.0,0.0,0.786179921773142,0.0,0.0,2.0,0.6965128,0.3034872,1
1289,0,0.0,1.0,1.0,0.0,0.0,0.0,288.0,1.0,0.0,5.0,9.0,0.71,80.0,1.0,0.0,33.0,2.0,1.52,1.0,1.0,0.194805194805195,0.0,0.0,0.768028846153846,0.0,0.0,3.0,0.72265625,0.27734378,2
1295,0,1.0,11.0,1.0,0.0,0.0,5.0,440.0,1.0,1.0,33.0,51.0,0.05,95.0,1.0,1.0,41.0,2.0,3.125,0.0,1.0,0.409090909090909,0.0,0.0,0.874690849134378,0.0,0.0,1.0,0.8751759,0.124824114,2
1297,0,3.0,0.0,2.0,0.0,2.0,13.0,182.0,1.0,0.0,5.0,9.0,29.08,71.0,1.0,0.0,24.0,2.0,4.75,1.0,1.0,1.35714285714286,0.0,2.0,0.884126984126984,1.0,0.0,5.0,0.5273353,0.47266468,1
1304,0,9.0,0.0,3.0,3.0,0.0,20.0,601.0,1.0,0.0,2.0,6.0,0.56,85.0,2.0,1.0,33.0,2.0,6.18518518518519,0.0,1.0,1.93103448275862,0.0,109.0,0.797491039426523,0.8,0.0,3.0,0.5641937,0.4358063,2
1308,0,1.0,0.0,5.0,0.0,0.0,35.0,173.0,1.0,2.0,0.0,1.0,0.61,0.0,2.0,1.0,20.0,1.0,13.5,1.0,2.0,3.83333333333333,0.0,0.0,0.927272727272727,0.5,0.0,2.0,0.86467874,0.13532123,2
1311,0,2.0,1.0,1.0,5.0,0.0,20.0,248.333,1.0,8.0,7.0,26.0,0.86,87.0,2.0,2.0,38.0,2.0,8.07692307692308,0.0,0.0,1.34146341463415,0.0,145.0,1.0,0.8,0.0,5.0,0.5903126,0.40968737,5
1389,0,18.0,11.0,1.0,15.0,0.0,7.0,665.0,4.0,1.0,41.0,50.0,0.38,96.0,1.0,1.0,70.0,6.0,5.825,0.0,0.0,1.17647058823529,0.0,0.0,1.0,0.0,0.0,3.0,0.5227949,0.4772051,2
1391,0,4.0,2.0,1.0,9.0,1.0,7.0,248.333,1.0,27.0,12.0,79.0,0.82,96.0,1.0,1.0,24.0,4.0,6.13392857142857,0.0,0.0,0.789473684210526,0.0,41.0,0.917268786127168,1.0,0.0,3.0,0.87228525,0.12771472,2
1395,0,3.0,0.0,1.0,3.0,0.0,12.0,365.0,1.0,10.0,9.0,10.0,0.86,84.0,2.0,1.0,17.0,2.0,4.21739130434783,1.0,0.0,1.28,0.0,0.0,1.0,0.0,0.0,4.0,0.7690371,0.23096286,1
1417,0,19.0,6.0,1.0,14.0,0.0,12.0,248.333,1.0,45.0,28.0,12.0,0.69,93.0,2.0,2.0,39.0,3.0,5.79268292682927,0.0,0.0,1.10714285714286,0.0,0.0,1.0,0.0,0.0,5.0,0.5023831,0.49761686,2
1436,0,6.0,7.0,2.0,7.0,0.0,13.0,429.0,1.0,10.0,13.0,5.0,0.46,90.0,3.0,2.0,19.0,2.0,7.10714285714286,1.0,2.0,2.2,0.0,0.0,0.598480050664978,0.0,0.0,3.0,0.6411382,0.35886183,1
1457,0,0.0,0.0,1.0,0.0,0.0,3.0,67.0,1.0,0.0,3.0,14.0,0.76,59.0,1.0,0.0,11.0,2.0,1.92857142857143,0.0,0.0,1.0,0.0,0.0,0.949367088607595,0.0,0.0,3.0,0.7788812,0.22111881,1
1464,0,5.0,0.0,1.0,6.0,0.0,12.0,340.0,1.0,6.0,19.0,11.0,0.7,87.0,1.0,0.0,15.0,1.0,8.45454545454546,1.0,1.0,1.54166666666667,0.0,0.0,1.0,0.0,0.0,3.0,0.5572725,0.4427275,1
1468,0,35.0,2.0,2.0,30.0,0.0,12.0,248.333,1.0,17.0,63.0,54.0,0.6,96.0,1.0,0.0,56.0,6.0,7.27777777777778,0.0,1.0,1.58181818181818,0.0,13.0,0.9,1.0,0.0,3.0,0.55932426,0.44067577,3
1469,0,0.0,0.0,1.0,0.0,0.0,2.0,185.0,1.0,0.0,1.0,39.0,0.85,97.0,1.0,0.0,19.0,3.0,0.692307692307692,0.0,0.0,0.341463414634146,0.0,0.0,1.0,0.0,0.0,4.0,0.8146286,0.18537143,1
1472,0,25.0,0.0,1.0,26.0,0.0,7.0,695.0,1.0,2.0,28.0,48.0,0.43,94.0,1.0,0.0,43.0,5.0,5.50666666666667,0.0,1.0,0.91025641025641,0.0,4.0,1.0,1.0,0.0,3.0,0.5635128,0.4364872,2
1491,0,12.0,3.0,1.0,14.0,0.0,7.0,248.333,2.0,14.0,7.0,71.0,0.64,94.0,3.0,1.0,48.0,3.0,5.18,0.0,1.0,1.14563106796116,0.0,1.0,0.928775948460988,1.0,0.0,3.0,0.71602637,0.28397363,3
1513,0,3.0,7.0,1.0,1.0,0.0,4.0,224.0,1.0,0.0,13.0,23.0,0.82,90.0,1.0,2.0,22.0,3.0,2.60606060606061,0.0,0.0,0.828571428571429,0.0,0.0,0.9,0.0,0.0,3.0,0.8129307,0.18706928,1
1542,0,0.0,0.0,0.0,0.0,0.0,3.0,102.0,1.0,0.0,121.0,0.0,29.08,0.0,0.0,1.0,0.0,0.0,0.0,0.0,0.0,0.0,0.0,8.0,0.740740740740741,0.8,0.0,9.0,0.59598935,0.40401065,3
1543,0,0.0,0.0,0.0,0.0,0.0,0.0,52.0,1.0,0.0,1179.0,0.0,0.38,0.0,0.0,1.0,0.0,0.0,0.0,0.0,0.0,0.0,0.0,26.0,0.736118746564046,0.6,0.0,3.0,0.66887736,0.33112267,2
1596,0,2.0,0.0,2.0,0.0,2.0,6.0,44.0,1.0,0.0,0.0,1.0,29.08,0.0,3.0,0.0,12.0,1.0,2.33333333333333,1.0,2.0,1.2,0.0,1.0,0.801652892561983,1.0,0.0,3.0,0.7389544,0.26104558,1
1609,0,0.0,0.0,1.0,0.0,1.0,2.0,25.0,1.0,0.0,0.0,3.0,1.05,0.0,4.0,0.0,7.0,1.0,1.0,0.0,2.0,0.0,0.0,0.0,0.731182795698925,0.0,0.0,0.0,0.5494617,0.45053828,1
2384,0,5.0,0.0,1.0,2.0,3.0,2.0,109.0,3.0,0.0,0.0,31.0,0.26,95.0,2.0,0.0,11.0,2.0,0.666666666666667,0.0,1.0,0.325,0.0,0.0,0.939739413680782,0.0,0.0,0.0,0.9525728,0.0474272,1
1638,0,2.0,6.0,2.0,2.0,3.0,9.0,362.0,2.0,1.0,6.0,23.0,0.73,87.0,2.0,0.0,11.0,1.0,2.25,0.0,1.0,0.828571428571429,0.0,115.0,1.0,1.0,0.0,2.0,0.618521,0.38147902,2
1639,0,2.0,0.0,1.0,0.0,2.0,2.0,130.0,1.0,2.0,1.0,39.0,0.32,16.0,4.0,0.0,15.0,1.0,1.46511627906977,0.0,1.0,0.622222222222222,0.0,0.0,0.9,0.0,0.0,1.0,0.5471144,0.45288566,1
1641,0,4.0,6.0,1.0,2.0,2.0,8.0,399.0,2.0,1.0,6.0,3.0,0.72,92.0,4.0,0.0,12.0,1.0,1.875,0.0,1.0,0.0,0.0,361.0,0.35522664199815,1.0,0.0,3.0,0.51763785,0.48236215,2
1648,0,5.0,0.0,1.0,5.0,3.0,4.0,329.0,2.0,1.0,8.0,3.0,0.46,84.0,4.0,0.0,17.0,2.0,3.09259259259259,1.0,1.0,0.0,0.0,0.0,0.705245628642798,0.0,0.0,2.0,0.5080073,0.49199274,2
1663,0,1.0,0.0,1.0,0.0,1.0,15.0,52.0,1.0,0.0,0.0,1.0,0.57,0.0,2.0,0.0,67.0,1.0,1.5,1.0,2.0,2.4,0.0,8.0,0.395209580838323,1.0,0.0,4.0,0.5138837,0.48611626,1
1669,0,19.0,0.0,1.0,10.0,5.0,6.0,248.333,1.0,1.0,0.0,57.0,0.2,96.0,4.0,1.0,20.0,1.0,3.18181818181818,0.0,2.0,1.74683544303797,0.0,1.0,0.867291844273941,1.0,0.0,7.0,0.690485,0.30951503,1
1671,0,0.0,0.0,1.0,0.0,1.0,9.0,137.0,1.0,2.0,2.0,10.0,0.69,83.0,4.0,0.0,8.0,1.0,6.8,0.0,2.0,0.428571428571429,0.0,0.0,0.929347826086957,0.0,0.0,3.0,0.5205581,0.47944185,1
1675,0,1.0,2.0,1.0,6.0,1.0,2.0,105.0,3.0,2.0,5.0,17.0,0.16,90.0,4.0,0.0,9.0,1.0,2.925,0.0,0.0,0.659090909090909,0.0,68.0,0.928042328042328,1.0,0.0,0.0,0.7202915,0.27970853,1
1677,0,5.0,1.0,1.0,5.0,1.0,3.0,174.0,2.0,4.0,1.0,26.0,0.38,78.0,2.0,0.0,10.0,1.0,2.27777777777778,0.0,2.0,0.435897435897436,0.0,0.0,1.0,0.857142857142857,0.0,0.0,0.6719363,0.32806373,2
1683,0,48.0,0.0,2.0,6.0,17.0,8.0,248.333,1.0,1.0,1.0,55.0,0.32,98.0,4.0,0.0,16.0,1.0,4.70192307692308,0.0,0.0,0.830188679245283,0.0,0.0,0.557471264367816,0.0,0.0,5.0,0.71533453,0.2846655,1
1687,0,14.0,0.0,1.0,7.0,8.0,10.0,277.0,1.0,0.0,3.0,8.0,0.67,79.0,4.0,0.0,9.0,1.0,4.59090909090909,0.0,1.0,1.5,0.0,0.0,0.690566037735849,0.0,0.0,2.0,0.76364315,0.23635682,1
1690,0,7.0,2.0,1.0,2.0,7.0,6.0,156.0,3.0,0.0,0.0,11.0,0.44,96.0,2.0,0.0,11.0,2.0,1.9,0.0,1.0,1.20833333333333,0.0,0.0,0.967576791808874,0.0,0.0,3.0,0.7728808,0.22711924,1
2400,0,56.0,1.0,1.0,4.0,33.0,7.0,248.333,11.0,2.0,4.0,52.0,0.33,97.0,4.0,0.0,29.0,3.0,3.53153153153153,0.0,0.0,0.67479674796748,0.0,0.0,0.892831105710814,0.5,0.0,2.0,0.7459079,0.25409207,2
1717,0,3.0,0.0,2.0,3.0,3.0,3.0,79.0,4.0,1.0,0.0,11.0,0.22,83.0,2.0,0.0,9.0,2.0,1.46666666666667,0.0,1.0,1.15,0.0,72.0,0.859405940594059,0.5,0.0,0.0,0.83433074,0.16566928,1
2407,0,6.0,0.0,1.0,0.0,2.0,7.0,261.0,2.0,0.0,0.0,28.0,0.76,0.0,4.0,0.0,11.0,2.0,1.67647058823529,0.0,1.0,0.594594594594595,0.0,0.0,0.995402298850575,0.0,0.0,1.0,0.6394807,0.36051926,1
1730,0,5.0,0.0,1.0,0.0,2.0,5.0,283.0,1.0,0.0,0.0,46.0,0.56,0.0,5.0,0.0,10.0,1.0,3.31372549019608,0.0,1.0,0.377358490566038,0.0,0.0,0.506180469715698,0.0,0.0,2.0,0.6961436,0.30385634,1
1737,0,1.0,0.0,1.0,0.0,3.0,19.0,258.0,2.0,1.0,0.0,8.0,0.42,0.0,4.0,0.0,12.0,2.0,6.5,0.0,1.0,1.15384615384615,0.0,0.0,1.0,0.0,0.0,1.0,0.7611811,0.23881891,1
1738,0,1.0,1.0,1.0,0.0,3.0,13.0,115.0,1.0,0.0,0.0,5.0,0.58,0.0,4.0,0.0,13.0,1.0,3.71428571428571,1.0,2.0,1.5,0.0,21.0,0.785714285714286,1.0,0.0,0.0,0.6933285,0.30667153,1
1739,0,15.0,0.0,1.0,37.0,7.0,10.0,31.0,2.0,2.0,0.0,5.0,0.45,84.0,3.0,0.0,1.0,2.0,9.27272727272727,0.0,1.0,1.84,0.0,0.0,0.917227456258412,0.0,0.0,0.0,0.93470097,0.06529905,1
1740,0,1.0,5.0,1.0,16.0,10.0,3.0,191.0,3.0,0.0,2.0,15.0,0.79,93.0,3.0,2.0,9.0,2.0,3.95238095238095,1.0,1.0,0.68,0.0,0.0,1.0,0.0,0.0,2.0,0.85986376,0.14013623,1
1744,0,1.0,0.0,1.0,0.0,1.0,11.0,50.0,1.0,0.0,0.0,1.0,0.41,0.0,1.0,0.0,101.0,1.0,1.5,1.0,2.0,1.8,0.0,8.0,0.9,0.25,0.0,11.0,0.6686516,0.33134845,2
1757,0,25.0,0.0,1.0,21.0,4.0,9.0,248.333,1.0,3.0,0.0,7.0,0.37,97.0,4.0,0.0,11.0,1.0,3.88571428571429,0.0,0.0,0.864864864864865,0.0,0.0,0.878149100257069,0.0,0.0,4.0,0.8618171,0.13818285,1
2414,0,0.0,0.0,1.0,0.0,1.0,8.0,55.0,1.0,1.0,0.0,3.0,29.08,0.0,4.0,0.0,5.0,1.0,1.0,0.0,1.0,0.0,0.0,0.0,0.894366197183099,0.0,0.0,1.0,0.9530731,0.046926923,1
1763,0,14.0,1.0,1.0,0.0,8.0,5.0,276.0,4.0,1.0,0.0,30.0,1.05,0.0,4.0,0.0,12.0,2.0,1.80434782608696,0.0,1.0,0.313725490196078,0.0,92.0,0.911620294599018,1.0,0.0,1.0,0.63652885,0.36347118,1
2420,0,0.0,0.0,1.0,28.0,1.0,3.0,88.0,1.0,13.0,0.0,2.0,0.41,100.0,4.0,3.0,7.0,1.0,9.66666666666667,3.0,1.0,0.823529411764706,0.0,0.0,1.0,1.0,0.0,0.0,0.76435125,0.23564875,1
2422,0,3.0,0.0,1.0,3.0,7.0,11.0,248.333,1.0,0.0,2.0,39.0,0.12,93.0,5.0,0.0,11.0,1.0,2.14285714285714,0.0,1.0,0.181818181818182,0.0,3487.0,1.0,1.0,0.0,0.0,0.6408089,0.35919112,1
1777,0,0.0,0.0,1.0,1.0,1.0,275.0,1668.0,1.0,0.0,0.0,6.0,0.31,83.0,2.0,0.0,12.0,1.0,1.0,0.0,2.0,1.125,0.0,0.0,0.939313203078745,0.0,0.0,7.0,0.6864786,0.31352136,1
1778,0,0.0,12.0,1.0,1.0,9.0,1.0,81.0,2.0,1.0,0.0,53.0,0.55,46.0,4.0,0.0,11.0,2.0,4.33333333333333,0.0,0.0,0.768115942028985,0.0,4.0,0.943973941368078,1.0,0.0,5.0,0.5531229,0.44687715,2
1780,0,11.0,0.0,1.0,1.0,11.0,6.0,322.0,2.0,1.0,2.0,33.0,29.08,77.0,4.0,0.0,9.0,2.0,1.71111111111111,0.0,1.0,0.458333333333333,0.0,65.0,0.9,0.666666666666667,0.0,6.0,0.54563,0.45437,2
2425,0,0.0,0.0,1.0,0.0,2.0,8.0,151.0,1.0,2.0,0.0,13.0,1.05,0.0,4.0,0.0,8.0,1.0,0.933333333333333,0.0,2.0,0.882352941176471,0.0,76.0,0.868761552680222,1.0,0.0,0.0,0.53876173,0.46123824,1
1797,0,4.0,0.0,1.0,3.0,21.0,3.0,142.0,2.0,1.0,0.0,26.0,0.29,88.0,2.0,0.0,8.0,2.0,0.903225806451613,0.0,1.0,0.147058823529412,0.0,0.0,0.97997138769671,0.0,0.0,1.0,0.9756715,0.024328487,1
1799,0,19.0,0.0,1.0,77.0,10.0,6.0,248.333,2.0,3.0,1.0,36.0,0.31,92.0,4.0,0.0,9.0,2.0,8.55172413793103,0.0,1.0,0.868852459016393,0.0,0.0,0.958313817330211,0.0,0.0,5.0,0.5034636,0.49653634,1
2433,0,38.0,0.0,1.0,41.0,8.0,13.0,700.0,2.0,1.0,0.0,13.0,0.44,96.0,1.0,0.0,11.0,2.0,6.11538461538461,0.0,0.0,1.52727272727273,0.0,18.0,0.993348115299335,1.0,0.0,1.0,0.68594396,0.31405607,1
2434,0,24.0,0.0,1.0,21.0,6.0,8.0,318.0,1.0,2.0,6.0,6.0,0.39,91.0,2.0,0.0,12.0,1.0,5.59375,0.0,1.0,1.08823529411765,0.0,0.0,0.994720965309201,1.0,0.0,2.0,0.7233952,0.2766048,2
1801,0,0.0,0.0,1.0,0.0,5.0,7.0,107.0,1.0,0.0,0.0,10.0,0.24,0.0,4.0,0.0,8.0,1.0,3.5,0.0,1.0,0.416666666666667,0.0,0.0,0.57593984962406,0.0,0.0,0.0,0.59121156,0.4087884,1
1815,0,1.0,0.0,1.0,1.0,1.0,8.0,127.0,1.0,0.0,0.0,11.0,0.26,75.0,4.0,0.0,10.0,1.0,4.8,0.0,2.0,0.0,0.0,0.0,0.91375,0.0,0.0,4.0,0.55512965,0.44487035,1
2438,0,30.0,0.0,2.0,71.0,15.0,4.0,459.0,1.0,2.0,2.0,17.0,0.26,99.0,1.0,0.0,16.0,1.0,4.51020408163265,0.0,1.0,0.666666666666667,0.0,0.0,0.973226238286479,0.0,0.0,5.0,0.63518035,0.36481962,1
1820,0,19.0,0.0,1.0,1.0,6.0,7.0,282.0,1.0,3.0,0.0,3.0,0.32,86.0,4.0,0.0,16.0,1.0,2.94444444444444,0.0,1.0,0.789473684210526,0.0,36.0,0.639494026704146,1.0,0.0,4.0,0.55641913,0.4435809,2
1822,0,16.0,0.0,2.0,7.0,2.0,9.0,1023.0,1.0,1.0,0.0,78.0,0.3,95.0,2.0,0.0,16.0,1.0,3.74736842105263,0.0,2.0,1.04123711340206,0.0,1.0,0.986211424819435,1.0,0.0,4.0,0.5018084,0.4981916,1
2446,0,1.0,0.0,2.0,4.0,2.0,6.0,50.0,2.0,1.0,0.0,4.0,29.08,80.0,4.0,0.0,10.0,2.0,1.83333333333333,1.0,1.0,0.888888888888889,0.0,0.0,0.775862068965517,0.0,0.0,0.0,0.9560579,0.043942124,1
2450,0,7.0,0.0,1.0,3.0,4.0,5.0,174.0,3.0,2.0,8.0,9.0,0.49,78.0,4.0,0.0,8.0,2.0,3.38888888888889,0.0,1.0,1.36363636363636,0.0,0.0,0.5,0.0,0.0,2.0,0.57736325,0.42263675,1
2460,0,3.0,0.0,1.0,0.0,1.0,10.0,115.0,1.0,0.0,0.0,3.0,0.4,0.0,4.0,0.0,6.0,1.0,11.5,1.0,2.0,0.7,0.0,40.0,0.997695852534562,1.0,0.0,1.0,0.5490576,0.4509424,1
2463,0,35.0,45.0,1.0,53.0,0.0,6.0,662.0,7.0,5.0,35.0,5.0,0.26,92.0,2.0,13.0,14.0,2.0,11.7555555555556,2.0,1.0,0.948979591836735,0.0,3.0,0.920272673384707,1.0,0.0,2.0,0.6232988,0.37670118,1
1840,0,1.0,0.0,1.0,0.0,1.0,3.0,34.0,1.0,0.0,0.0,1.0,1.13,0.0,1.0,0.0,15.0,1.0,1.5,1.0,2.0,1.4,0.0,14.0,0.714285714285714,0.666666666666667,0.0,2.0,0.62159073,0.37840924,1
2465,0,4.0,0.0,1.0,0.0,1.0,2.0,37.0,3.0,1.0,4.0,4.0,0.76,83.0,4.0,0.0,5.0,2.0,2.11111111111111,0.0,1.0,0.846153846153846,0.0,159.0,1.0,1.0,0.0,0.0,0.6116257,0.38837436,1
2471,0,19.0,1.0,1.0,7.0,10.0,11.0,248.333,2.0,2.0,1.0,27.0,0.41,96.0,4.0,0.0,12.0,2.0,3.16326530612245,0.0,1.0,1.07692307692308,0.0,0.0,1.0,0.0,0.0,0.0,0.6084946,0.39150542,1
1880,0,1.0,0.0,1.0,0.0,1.0,6.0,34.0,1.0,0.0,0.0,1.0,1.36,0.0,3.0,0.0,10.0,1.0,4.8,1.0,2.0,1.6,0.0,0.0,0.794520547945205,0.0,0.0,3.0,0.6643338,0.33566618,1
1886,0,2.0,0.0,1.0,0.0,2.0,1.0,151.0,2.0,2.0,3.0,13.0,0.39,52.0,5.0,0.0,10.0,2.0,2.64705882352941,1.0,2.0,0.55,0.0,0.0,0.831460674157303,0.0,0.0,2.0,0.63084906,0.36915094,1
1887,0,0.0,0.0,1.0,0.0,1.0,52.0,231.0,1.0,0.0,0.0,4.0,0.15,0.0,2.0,0.0,7.0,1.0,0.75,0.0,2.0,0.0,0.0,0.0,0.920869208692087,0.0,0.0,1.0,0.94848645,0.051513553,1
1888,0,7.0,0.0,1.0,0.0,2.0,1.0,52.0,2.0,1.0,0.0,3.0,0.22,0.0,4.0,0.0,7.0,2.0,3.04166666666667,0.0,1.0,0.296296296296296,0.0,114.0,0.63716814159292,1.0,0.0,3.0,0.59410095,0.40589902,1
1907,0,1.0,0.0,1.0,24.0,27.0,6.0,248.333,1.0,22.0,0.0,23.0,0.64,96.0,2.0,1.0,14.0,1.0,5.71739130434783,0.0,1.0,0.645833333333333,0.0,0.0,0.9,0.0,0.0,1.0,0.6550045,0.34499553,2
2476,0,2.0,0.0,1.0,0.0,9.0,5.0,109.0,8.0,0.0,0.0,14.0,0.74,0.0,1.0,0.0,1.0,2.0,3.1875,1.0,1.0,0.4,0.0,0.0,0.695804195804196,0.0,0.0,0.0,0.5857441,0.41425592,1
1948,0,3.0,0.0,1.0,0.0,23.0,9.0,620.0,2.0,4.0,2.0,54.0,0.98,96.0,3.0,254.0,18.0,2.0,78.4918032786885,0.0,0.0,0.753846153846154,0.0,0.0,1.0,1.0,0.0,9.0,0.7078785,0.2921215,2
1950,0,1.0,0.0,1.0,1.0,18.0,5.0,202.0,8.0,5.0,0.0,9.0,0.62,80.0,2.0,44.0,4.0,2.0,39.8484848484849,0.0,1.0,0.547619047619048,0.0,11.0,0.227655986509275,0.8,0.0,2.0,0.5643786,0.4356214,2
1960,0,2.0,0.0,1.0,0.0,6.0,10.0,148.0,2.0,3.0,3.0,7.0,0.83,72.0,4.0,3.0,9.0,2.0,8.0,0.0,0.0,1.06666666666667,0.0,0.0,1.0,0.0,0.0,1.0,0.9860537,0.013946284,1
1968,0,6.0,1.0,1.0,7.0,39.0,12.0,572.0,2.0,0.0,0.0,34.0,0.82,96.0,1.0,0.0,12.0,1.0,23.0,0.0,1.0,1.34090909090909,0.0,1.0,1.0,1.0,0.0,9.0,0.6872057,0.31279433,1
1973,0,5.0,0.0,2.0,4.0,11.0,6.0,187.0,4.0,2.0,9.0,16.0,0.51,85.0,3.0,0.0,4.0,2.0,3.73913043478261,0.0,1.0,1.0,0.0,0.0,1.0,0.0,0.0,3.0,0.84730184,0.15269814,1
1975,0,5.0,3.0,1.0,4.0,12.0,6.0,157.0,4.0,2.0,1.0,8.0,0.8,86.0,2.0,0.0,3.0,2.0,3.94444444444444,0.0,1.0,0.565217391304348,0.0,0.0,1.0,0.0,0.0,6.0,0.5407151,0.45928493,1
1978,0,3.0,0.0,1.0,3.0,11.0,2.0,91.0,4.0,2.0,4.0,9.0,0.57,85.0,2.0,0.0,2.0,2.0,6.65,1.0,1.0,0.48,0.0,0.0,0.774305555555556,0.0,0.0,2.0,0.90177244,0.09822758,1
1979,0,1.0,0.0,1.0,0.0,0.0,6.0,54.0,1.0,2.0,3.0,2.0,29.08,19.0,2.0,1.0,2.0,1.0,7.0,2.0,3.0,1.71428571428571,0.0,0.0,0.81294964028777,0.0,0.0,1.0,0.856654,0.14334603,1
1980,0,7.0,14.0,1.0,27.0,39.0,7.0,248.333,11.0,6.0,18.0,57.0,0.95,95.0,1.0,0.0,21.0,2.0,11.7380952380952,0.0,0.0,0.354166666666667,0.0,0.0,1.0,0.0,0.0,3.0,0.66662437,0.33337563,3
2487,0,0.0,0.0,1.0,2.0,1.0,5.0,49.0,1.0,0.0,0.0,4.0,2.06,75.0,3.0,0.0,3.0,1.0,2.25,2.0,2.0,0.833333333333333,0.0,0.0,0.736842105263158,0.0,0.0,0.0,0.5745078,0.42549223,1
2071,0,7.0,0.0,1.0,8.0,2.0,6.0,209.0,4.0,0.0,4.0,15.0,0.42,91.0,3.0,0.0,9.0,2.0,3.13636363636364,0.0,2.0,1.14814814814815,0.0,0.0,0.3,0.0,0.0,0.0,0.5438124,0.45618764,1
2121,0,4.0,0.0,1.0,5.0,12.0,0.0,47.0,1.0,0.0,19.0,43.0,0.11,93.0,1.0,0.0,9.0,2.0,7.08510638297872,1.0,1.0,0.714285714285714,0.0,0.0,0.903409090909091,0.0,0.0,3.0,0.5048752,0.4951248,1
