test_idx,candidate_id,CountDeclMethodPrivate,CountDeclMethodDefault,AvgEssential,CountDeclClassVariable,CountDeclClassMethod,AvgLineComment,CountLineComment,CountDeclClass,CountDeclMethodProtected,CountDeclInstanceVariable,RatioCommentToCode,AvgLineBlank,PercentLackOfCohesion,MaxInheritanceTree,CountClassDerived,CountClassCoupled,CountClassBase,CountInput_Mean,CountInput_Min,CountOutput_Mean,CountOutput_Min,CountPath_Min,MaxNesting_Mean,MaxNesting_Min,OWN_COMMIT,MINOR_COMMIT,MINOR_LINE,MAJOR_LINE,proba0,proba1,num_features_changed
476,0,6.0,0.0,1.0,0.0,0.0,8.0,76.0,1.0,0.0,5.0,2.15,0.0,83.0,1.0,1.0,41.0,2.0,9.36283185840708,0.0,2.99115044247788,1.0,1.0,0.216,0.0,0.504424778761062,0.0,1.0,4.0,0.9690102768191353,0.03098972318086472,1
476,1,6.0,0.0,1.0,0.0,0.0,8.0,47.0,1.0,0.0,5.0,2.15,0.0,83.0,1.0,1.0,19.0,2.0,9.36283185840708,0.0,2.99115044247788,1.0,1.0,0.216,0.0,0.504424778761062,0.0,1.0,4.0,0.9739086177936408,0.026091382206359273,2
476,2,6.0,1.0,1.0,0.0,0.0,8.0,47.0,1.0,0.0,5.0,2.15,0.0,83.0,1.0,1.0,19.0,2.0,9.36283185840708,0.0,2.99115044247788,1.0,1.0,0.216,0.0,0.504424778761062,0.0,1.0,4.0,0.9755224715336381,0.024477528466361812,3
476,3,6.0,1.0,1.0,0.0,0.0,8.0,47.0,0.0,0.0,5.0,2.15,0.0,83.0,1.0,1.0,19.0,2.0,9.36283185840708,0.0,2.99115044247788,1.0,1.0,0.216,0.0,0.504424778761062,0.0,1.0,4.0,0.9760036191317546,0.023996380868245494,4
476,4,6.0,1.0,1.0,0.0,0.0,8.0,47.0,0.0,0.0,5.0,2.15,0.0,83.0,1.0,2.0,19.0,2.0,9.36283185840708,0.0,2.99115044247788,1.0,1.0,0.216,0.0,0.504424778761062,0.0,1.0,4.0,0.9763358718491094,0.023664128150890404,5
476,5,6.0,1.0,1.0,0.0,0.0,8.0,76.0,0.0,0.0,5.0,2.15,0.0,83.0,1.0,2.0,19.0,2.0,9.36283185840708,0.0,2.99115044247788,1.0,1.0,0.216,0.0,0.504424778761062,0.0,1.0,4.0,0.9765961649021666,0.02340383509783333,5
476,6,6.0,0.0,1.0,0.0,0.0,8.0,1130.0,1.0,0.0,5.0,2.15,0.0,83.0,1.0,89.0,41.0,2.0,9.36283185840708,0.0,2.99115044247788,1.0,1.0,0.216,0.0,0.504424778761062,0.0,1.0,4.0,0.7473157801106446,0.2526842198893554,1
476,7,6.0,0.0,1.0,0.0,0.0,8.0,1130.0,1.0,0.0,5.0,2.15,0.0,83.0,3.0,89.0,41.0,2.0,9.36283185840708,0.0,2.99115044247788,1.0,1.0,0.216,0.0,0.504424778761062,0.0,1.0,4.0,0.7506990170183356,0.24930098298166428,2
476,8,6.0,0.0,1.0,0.0,7.0,8.0,1130.0,1.0,0.0,5.0,2.15,0.0,83.0,3.0,89.0,41.0,2.0,9.36283185840708,0.0,2.99115044247788,1.0,1.0,0.216,0.0,0.504424778761062,0.0,1.0,4.0,0.7508994545189251,0.24910054548107488,3
476,9,6.0,0.0,1.0,0.0,0.0,8.0,47.0,1.0,0.0,5.0,2.15,0.0,83.0,1.0,1.0,41.0,2.0,9.36283185840708,0.0,3.9,1.0,1.0,0.216,0.0,0.504424778761062,0.0,1.0,4.0,0.9697039017012677,0.03029609829873222,2
476,10,6.0,0.0,1.0,0.0,0.0,8.0,47.0,1.0,0.0,5.0,2.15,1.0,83.0,1.0,1.0,41.0,2.0,9.36283185840708,0.0,3.9,1.0,1.0,0.216,0.0,0.504424778761062,0.0,1.0,4.0,0.9697701136258657,0.03022988637413433,3
476,11,6.0,0.0,1.0,0.0,0.0,8.0,32.0,1.0,0.0,5.0,2.15,1.0,83.0,1.0,1.0,41.0,2.0,9.36283185840708,0.0,3.9,1.0,1.0,0.216,0.0,0.504424778761062,0.0,1.0,4.0,0.9698406532682349,0.030159346731765155,3
476,12,6.0,0.0,1.0,0.0,0.0,8.0,32.0,1.0,0.0,5.0,2.15,1.0,83.0,1.0,1.0,41.0,2.0,9.36283185840708,0.0,4.9,1.0,1.0,0.216,0.0,0.504424778761062,0.0,1.0,4.0,0.9698425940821075,0.03015740591789243,3
476,13,6.0,0.0,1.0,0.0,0.0,8.0,28.0,1.0,0.0,5.0,2.15,1.0,83.0,1.0,1.0,41.0,2.0,9.36283185840708,0.0,4.9,1.0,1.0,0.216,0.0,0.504424778761062,0.0,1.0,4.0,0.9698542687920565,0.030145731207943526,3
476,14,6.0,0.0,1.0,0.0,0.0,8.0,1130.0,1.0,0.0,5.0,2.15,0.0,83.0,1.0,1.0,41.0,2.0,9.36283185840708,65.0,2.99115044247788,1.0,1.0,0.216,0.0,0.504424778761062,0.0,1.0,4.0,0.7080677674427921,0.2919322325572079,1
476,15,6.0,0.0,1.0,0.0,0.0,8.0,1130.0,1.0,0.0,5.0,2.15,0.0,83.0,1.0,1.0,41.0,1.0,9.36283185840708,65.0,2.99115044247788,1.0,1.0,0.216,0.0,0.504424778761062,0.0,1.0,4.0,0.7080677787220396,0.2919322212779603,2
476,16,0.0,0.0,1.0,0.0,0.0,8.0,1130.0,1.0,0.0,5.0,2.15,0.0,83.0,1.0,1.0,41.0,1.0,9.36283185840708,65.0,2.99115044247788,1.0,1.0,0.216,0.0,0.504424778761062,0.0,1.0,4.0,0.7080677825528419,0.29193221744715814,3
476,17,6.0,0.0,1.0,0.0,0.0,8.0,1130.0,1.0,0.0,0.0,2.15,0.0,83.0,1.0,89.0,41.0,2.0,9.36283185840708,0.0,2.99115044247788,1.0,1.0,0.216,0.0,0.504424778761062,0.0,1.0,4.0,0.7477016827686351,0.25229831723136475,2
476,18,6.0,1.0,1.0,0.0,0.0,8.0,1130.0,1.0,0.0,0.0,2.15,0.0,83.0,1.0,89.0,41.0,2.0,9.36283185840708,0.0,2.99115044247788,1.0,1.0,0.216,0.0,0.504424778761062,0.0,1.0,4.0,0.7478207190612206,0.25217928093877956,3
476,19,6.0,0.0,1.0,0.0,0.0,8.0,1130.0,1.0,0.0,5.0,0.0,0.0,83.0,1.0,1.0,41.0,2.0,9.36283185840708,65.0,2.99115044247788,1.0,1.0,0.216,0.0,0.504424778761062,0.0,1.0,4.0,0.7080677753992715,0.2919322246007286,2
1188,0,40.0,0.0,2.0,27.0,27.0,0.0,154.0,3.0,0.0,4.0,0.1,1.0,97.0,4.0,0.0,179.0,2.0,4.15702479338843,0.0,6.14876033057851,1.0,1.0,0.832,0.0,0.714285714285714,0.0,5.0,5.0,0.7580807811384588,0.24191921886154139,1
1188,1,40.0,0.0,2.0,27.0,27.0,0.0,154.0,0.0,0.0,4.0,0.1,1.0,97.0,4.0,0.0,179.0,2.0,4.15702479338843,0.0,6.14876033057851,1.0,1.0,0.832,0.0,0.714285714285714,0.0,5.0,5.0,0.7591349222412667,0.24086507775873306,2
1188,2,40.0,0.0,2.0,27.0,27.0,0.0,154.0,0.0,0.0,4.0,0.1,1.0,97.0,4.0,0.0,179.0,2.0,4.15702479338843,0.0,4.9,1.0,1.0,0.832,0.0,0.714285714285714,0.0,5.0,5.0,0.7597639657634255,0.24023603423657466,3
1188,3,40.0,0.0,2.0,27.0,27.0,1.0,154.0,0.0,0.0,4.0,0.1,1.0,97.0,4.0,0.0,179.0,2.0,4.15702479338843,0.0,4.9,1.0,1.0,0.832,0.0,0.714285714285714,0.0,5.0,5.0,0.7603205332333154,0.2396794667666845,4
1188,4,40.0,0.0,2.0,27.0,27.0,1.0,154.0,0.0,0.0,4.0,0.1,1.0,97.0,4.0,1.0,179.0,2.0,4.15702479338843,0.0,4.9,1.0,1.0,0.832,0.0,0.714285714285714,0.0,5.0,5.0,0.7603476051898794,0.23965239481012057,5
1188,5,40.0,0.0,2.0,27.0,27.0,0.0,154.0,3.0,0.0,4.0,0.1,1.0,97.0,4.0,89.0,21.0,2.0,4.15702479338843,0.0,6.14876033057851,1.0,1.0,0.832,0.0,0.714285714285714,0.0,5.0,5.0,0.7309550144529419,0.2690449855470582,1
1188,6,40.0,0.0,2.0,27.0,27.0,0.0,154.0,3.0,0.0,4.0,0.1,1.0,97.0,4.0,89.0,21.0,2.0,4.15702479338843,0.0,6.14876033057851,1.0,1.0,0.0,0.0,0.714285714285714,0.0,5.0,5.0,0.7327380362061807,0.26726196379381933,2
1188,7,40.0,0.0,2.0,27.0,27.0,0.0,154.0,3.0,0.0,4.0,0.1,0.0,97.0,4.0,89.0,21.0,2.0,4.15702479338843,0.0,6.14876033057851,1.0,1.0,0.0,0.0,0.714285714285714,0.0,5.0,5.0,0.7341711212556092,0.26582887874439093,3
1188,8,40.0,0.0,2.0,27.0,27.0,0.0,154.0,3.0,0.0,4.0,0.1,0.0,97.0,4.0,89.0,21.0,2.0,4.15702479338843,1.0,6.14876033057851,1.0,1.0,0.0,0.0,0.714285714285714,0.0,5.0,5.0,0.7343863854160145,0.26561361458398564,4
1188,9,40.0,0.0,2.0,27.0,27.0,0.0,154.0,3.0,0.0,0.0,0.1,0.0,97.0,4.0,89.0,21.0,2.0,4.15702479338843,1.0,6.14876033057851,1.0,1.0,0.0,0.0,0.714285714285714,0.0,5.0,5.0,0.7345501280067688,0.26544987199323106,5
1188,10,40.0,0.0,2.0,27.0,27.0,0.0,154.0,3.0,0.0,4.0,0.2,1.0,97.0,4.0,0.0,179.0,2.0,4.15702479338843,0.0,6.14876033057851,1.0,1.0,0.832,0.0,0.714285714285714,0.0,5.0,5.0,0.7580868314312031,0.2419131685687967,2
1188,11,40.0,0.0,2.0,27.0,27.0,0.0,154.0,3.0,0.0,187.0,0.1,1.0,97.0,4.0,0.0,21.0,2.0,4.15702479338843,0.0,6.14876033057851,1.0,1.0,0.832,0.0,0.714285714285714,0.0,5.0,5.0,0.7099179456722835,0.2900820543277165,1
1188,12,40.0,0.0,2.0,0.0,27.0,0.0,154.0,3.0,0.0,187.0,0.1,1.0,97.0,4.0,0.0,21.0,2.0,4.15702479338843,0.0,6.14876033057851,1.0,1.0,0.832,0.0,0.714285714285714,0.0,5.0,5.0,0.7115199134393225,0.28848008656067725,2
1188,13,40.0,0.0,2.0,0.0,27.0,0.0,154.0,3.0,0.0,187.0,0.1,1.0,97.0,4.0,0.0,21.0,0.0,4.15702479338843,0.0,6.14876033057851,1.0,1.0,0.832,0.0,0.714285714285714,0.0,5.0,5.0,0.7121611022560413,0.2878388977439589,3
1188,14,40.0,0.0,2.0,27.0,27.0,21.0,154.0,3.0,0.0,4.0,0.1,1.0,97.0,4.0,0.0,21.0,2.0,4.15702479338843,0.0,6.14876033057851,1.0,1.0,0.832,0.0,0.714285714285714,0.0,5.0,5.0,0.7375289182437592,0.2624710817562407,1
1188,15,40.0,0.0,2.0,27.0,27.0,21.0,154.0,3.0,0.0,4.0,0.1,1.0,97.0,4.0,0.0,21.0,2.0,7.0,0.0,6.14876033057851,1.0,1.0,0.832,0.0,0.714285714285714,0.0,5.0,5.0,0.7380196902614218,0.26198030973857833,2
1188,16,40.0,0.0,2.0,27.0,27.0,21.0,154.0,3.0,0.0,4.0,0.9,1.0,97.0,4.0,0.0,21.0,2.0,7.0,0.0,6.14876033057851,1.0,1.0,0.832,0.0,0.714285714285714,0.0,5.0,5.0,0.7382148137279092,0.26178518627209085,3
1188,17,40.0,0.0,2.0,27.0,27.0,21.0,154.0,2.0,0.0,4.0,0.9,1.0,97.0,4.0,0.0,21.0,2.0,7.0,0.0,6.14876033057851,1.0,1.0,0.832,0.0,0.714285714285714,0.0,5.0,5.0,0.7382402767664238,0.2617597232335761,4
1188,18,40.0,0.0,2.0,27.0,27.0,0.0,154.0,3.0,0.0,187.0,0.1,1.0,97.0,0.0,0.0,21.0,2.0,4.15702479338843,0.0,6.14876033057851,1.0,1.0,0.832,0.0,0.714285714285714,0.0,5.0,5.0,0.7105208513683942,0.2894791486316058,2
1188,19,40.0,0.0,2.0,27.0,27.0,0.0,154.0,3.0,0.0,187.0,0.1,1.0,97.0,0.0,0.0,21.0,2.0,4.15702479338843,0.0,6.14876033057851,1.0,1.0,0.832,0.0,0.714285714285714,0.0,5.0,0.0,0.7110414259003836,0.2889585740996164,3
765,0,7.0,0.0,1.0,0.0,99.0,0.0,56.0,3.0,0.0,29.0,0.04,0.0,25.0,1.0,0.0,34.0,2.0,4.84375,0.0,5.41875,1.0,1.0,0.681818181818182,0.0,0.0,0.0,5.0,0.0,0.8058527059030134,0.19414729409698664,1
765,1,7.0,0.0,1.0,0.0,99.0,0.0,56.0,0.0,0.0,3.0,0.04,0.0,25.0,1.0,0.0,34.0,2.0,4.84375,0.0,5.41875,1.0,1.0,0.681818181818182,0.0,0.0,0.0,5.0,0.0,0.8972737249954899,0.10272627500451009,2
765,2,7.0,0.0,1.0,0.0,99.0,0.0,56.0,0.0,0.0,3.0,0.04,0.0,25.0,1.0,0.0,34.0,2.0,0.0,0.0,5.41875,1.0,1.0,0.681818181818182,0.0,0.0,0.0,5.0,0.0,0.9079335483038801,0.09206645169611993,3
765,3,7.0,0.0,1.0,0.0,99.0,0.0,56.0,0.0,0.0,2.0,0.04,0.0,25.0,1.0,0.0,34.0,2.0,0.0,0.0,5.41875,1.0,1.0,0.681818181818182,0.0,0.0,0.0,5.0,0.0,0.907993865211282,0.09200613478871783,3
765,4,7.0,0.0,1.0,0.0,99.0,0.0,56.0,59.0,0.0,29.0,0.04,0.0,25.0,1.0,0.0,34.0,2.0,65.0,0.0,5.41875,1.0,1.0,0.681818181818182,0.0,0.0,0.0,5.0,0.0,0.7085484984873229,0.29145150151267707,1
765,5,7.0,0.0,1.0,0.0,99.0,0.0,56.0,59.0,0.0,29.0,0.04,0.0,25.0,1.0,0.0,34.0,2.0,65.0,0.0,5.41875,0.0,1.0,0.681818181818182,0.0,0.0,0.0,5.0,0.0,0.7085536589882243,0.2914463410117755,2
765,6,7.0,0.0,1.0,0.0,0.0,0.0,56.0,0.0,0.0,29.0,0.04,0.0,25.0,1.0,0.0,34.0,2.0,4.84375,0.0,5.41875,1.0,1.0,0.681818181818182,0.0,0.0,0.0,5.0,0.0,0.9326003369520427,0.06739966304795732,2
765,7,7.0,0.0,1.0,0.0,0.0,0.0,0.0,0.0,0.0,29.0,0.04,0.0,25.0,1.0,0.0,34.0,2.0,4.84375,0.0,5.41875,1.0,1.0,0.681818181818182,0.0,0.0,0.0,5.0,0.0,0.9413917862324199,0.05860821376758009,3
765,8,7.0,0.0,1.0,0.0,99.0,0.0,56.0,59.0,0.0,29.0,0.04,0.0,25.0,1.0,0.0,34.0,2.0,4.84375,65.0,5.41875,1.0,1.0,0.681818181818182,0.0,0.0,0.0,5.0,0.0,0.708068360607685,0.2919316393923151,1
765,9,7.0,0.0,1.0,0.0,99.0,0.0,56.0,59.0,0.0,29.0,0.04,0.0,25.0,1.0,0.0,34.0,1.0,4.84375,65.0,5.41875,1.0,1.0,0.681818181818182,0.0,0.0,0.0,5.0,0.0,0.7080684205403873,0.2919315794596129,2
765,10,7.0,0.0,1.0,0.0,99.0,0.0,0.0,59.0,0.0,29.0,0.04,0.0,25.0,1.0,0.0,34.0,1.0,4.84375,65.0,5.41875,1.0,1.0,0.681818181818182,0.0,0.0,0.0,5.0,0.0,0.7080684326175681,0.29193156738243187,3
765,11,7.0,0.0,1.0,138.0,99.0,0.0,56.0,59.0,0.0,29.0,0.04,0.0,25.0,1.0,0.0,34.0,2.0,4.84375,0.0,5.41875,1.0,1.0,0.681818181818182,0.0,0.0,0.0,5.0,0.0,0.7090326141850607,0.2909673858149395,1
765,12,7.0,0.0,1.0,138.0,99.0,0.0,56.0,59.0,0.0,2.0,0.04,0.0,25.0,1.0,0.0,34.0,2.0,4.84375,0.0,5.41875,1.0,1.0,0.681818181818182,0.0,0.0,0.0,5.0,0.0,0.7093750148641698,0.29062498513582996,2
765,13,7.0,0.0,1.0,138.0,7.0,0.0,56.0,59.0,0.0,2.0,0.04,0.0,25.0,1.0,0.0,34.0,2.0,4.84375,0.0,5.41875,1.0,1.0,0.681818181818182,0.0,0.0,0.0,5.0,0.0,0.7094264833008588,0.2905735166991413,3
765,14,7.0,0.0,1.0,138.0,7.0,0.0,56.0,59.0,0.0,3.0,0.04,0.0,25.0,1.0,0.0,34.0,2.0,4.84375,0.0,5.41875,1.0,1.0,0.681818181818182,0.0,0.0,0.0,5.0,0.0,0.7094265873165302,0.2905734126834698,3
765,15,7.0,0.0,1.0,0.0,99.0,0.0,56.0,59.0,0.0,29.0,0.04,0.0,25.0,1.0,0.0,0.0,2.0,4.84375,65.0,5.41875,1.0,1.0,0.681818181818182,0.0,0.0,0.0,5.0,0.0,0.7080685552594074,0.29193144474059274,2
765,16,7.0,0.0,1.0,0.0,99.0,0.0,56.0,59.0,0.0,29.0,0.04,0.0,25.0,1.0,0.0,0.0,2.0,4.84375,65.0,5.41875,1.0,1.0,0.0,0.0,0.0,0.0,5.0,0.0,0.7080686048866818,0.291931395113318,3
765,17,7.0,0.0,1.0,0.0,99.0,0.0,56.0,59.0,0.0,29.0,0.04,0.0,25.0,2.0,0.0,0.0,2.0,4.84375,65.0,5.41875,1.0,1.0,0.0,0.0,0.0,0.0,5.0,0.0,0.7080686260839051,0.2919313739160948,4
765,18,7.0,0.0,1.0,0.0,99.0,0.0,56.0,59.0,0.0,29.0,0.04,0.0,25.0,1.0,0.0,34.0,2.0,65.0,0.0,5.41875,1.0,1.0,0.0,0.0,0.0,0.0,5.0,0.0,0.7086157870797789,0.29138421292022093,2
765,19,7.0,0.0,1.0,0.0,99.0,0.0,56.0,59.0,0.0,29.0,0.04,0.0,25.0,1.0,0.0,34.0,2.0,65.0,1.0,5.41875,1.0,1.0,0.0,0.0,0.0,0.0,5.0,0.0,0.7086187639238876,0.29138123607611216,3
769,0,24.0,1.0,2.0,15.0,55.0,2.0,282.0,4.0,5.0,2.0,0.2,1.0,96.0,4.0,1.0,179.0,2.0,4.67708333333333,0.0,7.90625,0.0,1.0,1.11881188118812,0.0,0.445103857566766,0.0,4.0,15.0,0.7214182396290754,0.27858176037092464,1
769,1,24.0,1.0,2.0,15.0,55.0,2.0,282.0,143.0,5.0,2.0,0.2,1.0,96.0,4.0,1.0,40.0,2.0,4.67708333333333,0.0,7.90625,0.0,1.0,1.11881188118812,0.0,0.445103857566766,0.0,4.0,15.0,0.7196490641649472,0.2803509358350528,1
769,2,24.0,1.0,2.0,15.0,55.0,0.0,282.0,143.0,5.0,2.0,0.2,1.0,96.0,4.0,1.0,179.0,2.0,4.67708333333333,0.0,7.90625,0.0,1.0,1.11881188118812,0.0,0.445103857566766,0.0,4.0,15.0,0.7287252074185817,0.27127479258141834,3
769,3,24.0,1.0,2.0,15.0,55.0,0.0,282.0,143.0,5.0,2.0,0.2,1.0,96.0,4.0,1.0,179.0,2.0,3.6,0.0,7.90625,0.0,1.0,1.11881188118812,0.0,0.445103857566766,0.0,4.0,15.0,0.7287516992071085,0.2712483007928916,4
769,4,24.0,1.0,2.0,0.0,55.0,2.0,282.0,143.0,5.0,2.0,0.2,1.0,96.0,4.0,1.0,40.0,2.0,4.67708333333333,0.0,7.90625,0.0,1.0,1.11881188118812,0.0,0.445103857566766,0.0,4.0,15.0,0.7212375210137703,0.27876247898622986,2
769,5,24.0,1.0,2.0,15.0,55.0,2.0,282.0,4.0,5.0,2.0,0.2,1.0,96.0,4.0,1.0,179.0,0.0,4.67708333333333,0.0,7.90625,0.0,1.0,1.11881188118812,0.0,0.445103857566766,0.0,4.0,15.0,0.7284405457345978,0.2715594542654023,2
769,6,24.0,1.0,2.0,15.0,55.0,2.0,282.0,4.0,5.0,2.0,0.2,1.0,96.0,4.0,1.0,179.0,0.0,4.67708333333333,0.0,3.9,0.0,1.0,1.11881188118812,0.0,0.445103857566766,0.0,4.0,15.0,0.7305911679045229,0.26940883209547717,3
769,7,24.0,1.0,2.0,15.0,55.0,2.0,282.0,4.0,5.0,2.0,0.2,1.0,96.0,4.0,1.0,179.0,0.0,4.67708333333333,1.0,3.9,0.0,1.0,1.11881188118812,0.0,0.445103857566766,0.0,4.0,15.0,0.7308628554442692,0.26913714455573057,4
769,8,24.0,1.0,2.0,15.0,55.0,2.0,282.0,4.0,5.0,2.0,0.2,1.0,96.0,4.0,1.0,40.0,2.0,65.0,0.0,7.90625,0.0,1.0,1.11881188118812,0.0,0.445103857566766,0.0,4.0,15.0,0.709655483429563,0.290344516570437,1
769,9,1.0,1.0,2.0,15.0,55.0,2.0,282.0,4.0,5.0,2.0,0.2,1.0,96.0,4.0,1.0,40.0,2.0,65.0,0.0,7.90625,0.0,1.0,1.11881188118812,0.0,0.445103857566766,0.0,4.0,15.0,0.7104143027986285,0.28958569720137156,2
769,10,1.0,1.0,2.0,15.0,55.0,2.0,9.0,4.0,5.0,2.0,0.2,1.0,96.0,4.0,1.0,40.0,2.0,65.0,0.0,7.90625,0.0,1.0,1.11881188118812,0.0,0.445103857566766,0.0,4.0,15.0,0.711448283311418,0.2885517166885819,3
769,11,1.0,1.0,2.0,15.0,55.0,2.0,9.0,4.0,5.0,6.0,0.2,1.0,96.0,4.0,1.0,40.0,2.0,65.0,0.0,7.90625,0.0,1.0,1.11881188118812,0.0,0.445103857566766,0.0,4.0,15.0,0.7114795135319137,0.28852048646808637,4
769,12,1.0,1.0,2.0,15.0,55.0,2.0,9.0,4.0,5.0,6.0,0.2,1.0,96.0,4.0,1.0,40.0,2.0,65.0,1.0,7.90625,0.0,1.0,1.11881188118812,0.0,0.445103857566766,0.0,4.0,15.0,0.7115010944793142,0.28849890552068586,5
769,13,24.0,1.0,2.0,15.0,55.0,2.0,282.0,4.0,5.0,187.0,0.2,1.0,96.0,4.0,1.0,40.0,2.0,4.67708333333333,0.0,7.90625,0.0,1.0,1.11881188118812,0.0,0.445103857566766,0.0,4.0,15.0,0.7085108809504993,0.2914891190495007,1
769,14,24.0,1.0,2.0,15.0,55.0,2.0,282.0,4.0,5.0,187.0,0.2,1.0,96.0,4.0,1.0,40.0,2.0,4.67708333333333,0.0,7.90625,0.0,1.0,1.11881188118812,0.0,0.445103857566766,0.0,4.0,0.0,0.7109947725038971,0.28900522749610313,2
769,15,0.0,1.0,2.0,15.0,55.0,2.0,282.0,4.0,5.0,187.0,0.2,1.0,96.0,4.0,1.0,40.0,2.0,4.67708333333333,0.0,7.90625,0.0,1.0,1.11881188118812,0.0,0.445103857566766,0.0,4.0,0.0,0.7127283654675826,0.2872716345324175,3
769,16,0.0,1.0,2.0,15.0,55.0,2.0,32.0,4.0,5.0,187.0,0.2,1.0,96.0,4.0,1.0,40.0,2.0,4.67708333333333,0.0,7.90625,0.0,1.0,1.11881188118812,0.0,0.445103857566766,0.0,4.0,0.0,0.7144150361135544,0.2855849638864457,4
769,17,24.0,1.0,2.0,15.0,55.0,2.0,76.0,4.0,5.0,2.0,0.2,1.0,96.0,4.0,1.0,40.0,2.0,4.67708333333333,0.0,7.90625,0.0,1.0,1.11881188118812,0.0,0.445103857566766,0.0,4.0,0.0,0.5190045116418366,0.48099548835816336,2
769,18,0.0,1.0,2.0,15.0,55.0,2.0,32.0,4.0,5.0,6.0,0.2,1.0,96.0,4.0,1.0,40.0,2.0,4.67708333333333,0.0,7.90625,0.0,1.0,1.11881188118812,0.0,0.445103857566766,0.0,1.0,0.0,0.8809626462216447,0.11903735377835546,5
793,0,10.0,1.0,1.0,6.0,29.0,2.0,270.0,8.0,9.0,0.0,0.45,0.0,100.0,3.0,5.0,179.0,2.0,8.43564356435644,0.0,3.58415841584158,1.0,1.0,0.381818181818182,0.0,0.8,0.0,5.0,10.0,0.752894961531104,0.2471050384688959,1
793,1,10.0,1.0,1.0,6.0,29.0,2.0,270.0,0.0,9.0,0.0,0.45,0.0,100.0,3.0,5.0,179.0,2.0,8.43564356435644,0.0,3.58415841584158,1.0,1.0,0.381818181818182,0.0,0.8,0.0,5.0,10.0,0.7612818925336877,0.23871810746631245,2
793,2,10.0,1.0,1.0,6.0,29.0,2.0,270.0,0.0,9.0,0.0,0.45,0.0,100.0,3.0,0.0,179.0,2.0,8.43564356435644,0.0,3.58415841584158,1.0,1.0,0.381818181818182,0.0,0.8,0.0,5.0,10.0,0.7631374895211233,0.23686251047887708,3
793,3,10.0,1.0,1.0,6.0,29.0,1.0,270.0,0.0,9.0,0.0,0.45,0.0,100.0,3.0,0.0,179.0,2.0,8.43564356435644,0.0,3.58415841584158,1.0,1.0,0.381818181818182,0.0,0.8,0.0,5.0,10.0,0.7637089746871848,0.23629102531281523,4
793,4,10.0,1.0,1.0,6.0,29.0,2.0,270.0,143.0,9.0,0.0,0.45,0.0,100.0,3.0,5.0,31.0,2.0,8.43564356435644,0.0,3.58415841584158,1.0,1.0,0.381818181818182,0.0,0.8,0.0,5.0,10.0,0.7262050654425333,0.27379493455746673,1
793,5,10.0,1.0,1.0,6.0,29.0,2.0,270.0,143.0,9.0,0.0,0.45,0.0,100.0,3.0,5.0,31.0,2.0,8.43564356435644,0.0,3.58415841584158,1.0,1.0,0.381818181818182,0.0,0.8,0.0,5.0,3.0,0.7329938304535624,0.2670061695464376,2
793,6,10.0,1.0,1.0,0.0,29.0,2.0,270.0,143.0,9.0,0.0,0.45,0.0,100.0,3.0,5.0,31.0,2.0,8.43564356435644,0.0,3.58415841584158,1.0,1.0,0.381818181818182,0.0,0.8,0.0,5.0,3.0,0.7335043237393237,0.26649567626067616,3
793,7,10.0,1.0,1.0,0.0,29.0,2.0,270.0,143.0,9.0,0.0,0.45,0.0,100.0,3.0,5.0,31.0,2.0,8.43564356435644,0.0,3.58415841584158,0.0,1.0,0.381818181818182,0.0,0.8,0.0,5.0,3.0,0.7338476313629428,0.2661523686370574,4
793,8,10.0,1.0,1.0,6.0,29.0,2.0,270.0,8.0,9.0,0.0,0.45,1.0,100.0,3.0,5.0,179.0,2.0,8.43564356435644,0.0,3.58415841584158,1.0,1.0,0.381818181818182,0.0,0.8,0.0,5.0,10.0,0.755689748084325,0.24431025191567496,2
793,9,10.0,1.0,1.0,6.0,29.0,2.0,76.0,8.0,9.0,0.0,0.45,1.0,100.0,3.0,5.0,179.0,2.0,8.43564356435644,0.0,3.58415841584158,1.0,1.0,0.381818181818182,0.0,0.8,0.0,5.0,10.0,0.7580026047545432,0.24199739524545685,3
793,10,10.0,1.0,1.0,6.0,29.0,2.0,76.0,8.0,9.0,0.0,0.45,1.0,100.0,3.0,5.0,179.0,2.0,8.43564356435644,1.0,3.58415841584158,1.0,1.0,0.381818181818182,0.0,0.8,0.0,5.0,10.0,0.7584986213408543,0.24150137865914575,4
793,11,10.0,1.0,1.0,6.0,29.0,2.0,76.0,8.0,9.0,0.0,0.2,1.0,100.0,3.0,5.0,179.0,2.0,8.43564356435644,1.0,3.58415841584158,1.0,1.0,0.381818181818182,0.0,0.8,0.0,5.0,10.0,0.7585368687535776,0.24146313124642227,5
793,12,10.0,1.0,1.0,0.0,29.0,2.0,270.0,143.0,9.0,0.0,0.45,0.0,100.0,3.0,5.0,31.0,2.0,8.43564356435644,0.0,3.58415841584158,1.0,1.0,0.381818181818182,0.0,0.8,0.0,5.0,10.0,0.7265775793072373,0.27342242069276257,2
793,13,10.0,1.0,1.0,0.0,29.0,2.0,270.0,143.0,9.0,0.0,0.45,0.0,100.0,3.0,5.0,31.0,2.0,8.43564356435644,0.0,3.58415841584158,0.0,1.0,0.381818181818182,0.0,0.8,0.0,5.0,10.0,0.726828765064412,0.2731712349355882,3
793,14,10.0,1.0,1.0,0.0,29.0,2.0,270.0,143.0,9.0,0.0,0.45,0.0,100.0,3.0,5.0,31.0,2.0,8.43564356435644,0.0,3.9,0.0,1.0,0.381818181818182,0.0,0.8,0.0,5.0,10.0,0.7268625961096686,0.27313740389033125,4
793,15,10.0,1.0,1.0,6.0,29.0,21.0,270.0,8.0,9.0,0.0,0.45,0.0,100.0,3.0,5.0,31.0,2.0,8.43564356435644,0.0,3.58415841584158,1.0,1.0,0.381818181818182,0.0,0.8,0.0,5.0,10.0,0.7230979309433528,0.27690206905664705,1
793,16,10.0,1.0,1.0,6.0,29.0,21.0,270.0,8.0,9.0,6.0,0.45,0.0,100.0,3.0,5.0,31.0,2.0,8.43564356435644,0.0,3.58415841584158,1.0,1.0,0.381818181818182,0.0,0.8,0.0,5.0,10.0,0.7236482569047012,0.27635174309529875,2
793,17,10.0,1.0,1.0,6.0,29.0,21.0,270.0,8.0,9.0,6.0,0.45,0.0,100.0,3.0,5.0,31.0,2.0,8.43564356435644,3.0,3.58415841584158,1.0,1.0,0.381818181818182,0.0,0.8,0.0,5.0,10.0,0.7238633377399007,0.27613666226009914,3
793,18,10.0,1.0,1.0,6.0,29.0,2.0,270.0,8.0,9.0,187.0,0.45,0.0,100.0,3.0,5.0,31.0,2.0,8.43564356435644,0.0,3.58415841584158,1.0,1.0,0.381818181818182,0.0,0.8,0.0,5.0,10.0,0.7112842519433793,0.28871574805662076,1
793,19,10.0,1.0,1.0,6.0,29.0,2.0,270.0,8.0,9.0,187.0,0.45,0.0,100.0,3.0,5.0,31.0,2.0,8.43564356435644,0.0,3.58415841584158,1.0,1.0,0.381818181818182,0.0,0.8,0.0,1.0,10.0,0.7125158453271855,0.2874841546728144,2
905,0,9.0,0.0,2.0,138.0,2.0,1.0,264.0,15.0,32.0,23.0,0.25,1.0,100.0,2.0,6.0,43.0,2.0,4.41176470588235,0.0,5.48235294117647,0.0,0.0,1.08910891089109,0.0,0.41839762611276,0.0,4.0,14.0,0.7083368193288354,0.29166318067116465,1
905,1,9.0,0.0,2.0,138.0,2.0,1.0,264.0,15.0,32.0,23.0,0.25,1.0,100.0,2.0,6.0,43.0,2.0,4.41176470588235,0.0,5.48235294117647,0.0,1.0,1.08910891089109,0.0,0.41839762611276,0.0,4.0,14.0,0.7083369391922328,0.29166306080776716,2
905,2,9.0,0.0,2.0,7.0,2.0,1.0,264.0,15.0,32.0,23.0,0.25,1.0,100.0,2.0,6.0,43.0,2.0,4.41176470588235,65.0,5.48235294117647,0.0,0.0,1.08910891089109,0.0,0.41839762611276,0.0,4.0,14.0,0.7080676453134337,0.2919323546865663,1
905,3,9.0,0.0,2.0,7.0,2.0,1.0,264.0,15.0,32.0,23.0,0.25,1.0,100.0,2.0,6.0,43.0,2.0,65.0,65.0,5.48235294117647,0.0,0.0,1.08910891089109,0.0,0.41839762611276,0.0,4.0,14.0,0.7080677308559203,0.29193226914407955,2
905,4,9.0,0.0,2.0,7.0,2.0,1.0,264.0,15.0,32.0,23.0,0.25,1.0,100.0,0.0,6.0,43.0,2.0,65.0,65.0,5.48235294117647,0.0,0.0,1.08910891089109,0.0,0.41839762611276,0.0,4.0,14.0,0.7080677383262046,0.29193226167379555,3
905,5,9.0,0.0,2.0,7.0,2.0,1.0,264.0,15.0,32.0,23.0,0.25,0.0,100.0,0.0,6.0,43.0,2.0,65.0,65.0,5.48235294117647,0.0,0.0,1.08910891089109,0.0,0.41839762611276,0.0,4.0,14.0,0.7080677437062294,0.2919322562937708,4
905,6,9.0,0.0,2.0,138.0,2.0,1.0,76.0,15.0,32.0,23.0,0.25,1.0,100.0,2.0,6.0,43.0,2.0,4.41176470588235,0.0,5.48235294117647,0.0,0.0,1.08910891089109,0.0,0.41839762611276,0.0,4.0,14.0,0.7083762171386148,0.2916237828613852,2
905,7,9.0,1.0,2.0,138.0,2.0,1.0,76.0,15.0,32.0,23.0,0.25,1.0,100.0,2.0,6.0,43.0,2.0,4.41176470588235,0.0,5.48235294117647,0.0,0.0,1.08910891089109,0.0,0.41839762611276,0.0,4.0,14.0,0.7084086876890197,0.2915913123109802,3
905,8,9.0,1.0,2.0,138.0,2.0,1.0,76.0,15.0,32.0,23.0,0.25,1.0,100.0,2.0,6.0,43.0,2.0,4.41176470588235,0.0,3.9,0.0,0.0,1.08910891089109,0.0,0.41839762611276,0.0,4.0,14.0,0.7084117681425377,0.29158823185746213,4
905,9,9.0,0.0,2.0,7.0,2.0,1.0,264.0,15.0,32.0,23.0,0.25,1.0,100.0,2.0,6.0,43.0,2.0,4.41176470588235,0.0,5.48235294117647,0.0,0.0,1.08910891089109,4.0,0.41839762611276,0.0,4.0,14.0,0.7080550232937501,0.29194497670624997,1
905,10,9.0,0.0,2.0,7.0,387.0,1.0,264.0,15.0,32.0,23.0,0.25,1.0,100.0,2.0,6.0,43.0,2.0,4.41176470588235,0.0,5.48235294117647,0.0,0.0,1.08910891089109,0.0,0.41839762611276,0.0,4.0,14.0,0.7080479247352932,0.2919520752647068,1
905,11,9.0,0.0,2.0,7.0,387.0,1.0,264.0,15.0,32.0,23.0,0.25,1.0,100.0,2.0,6.0,43.0,2.0,65.0,0.0,5.48235294117647,0.0,0.0,1.08910891089109,4.0,0.41839762611276,0.0,4.0,14.0,0.7080676470392054,0.2919323529607947,3
905,12,9.0,0.0,2.0,7.0,2.0,1.0,264.0,15.0,32.0,23.0,0.25,1.0,100.0,2.0,6.0,43.0,2.0,4.41176470588235,0.0,5.48235294117647,0.0,260.0,1.08910891089109,0.0,0.41839762611276,0.0,4.0,14.0,0.7080676470290751,0.2919323529709249,1
905,13,153.0,0.0,2.0,7.0,2.0,1.0,264.0,15.0,32.0,23.0,0.25,1.0,100.0,2.0,6.0,43.0,2.0,4.41176470588235,0.0,5.48235294117647,0.0,260.0,1.08910891089109,0.0,0.41839762611276,0.0,4.0,14.0,0.7080676470394188,0.29193235296058123,2
905,14,9.0,0.0,2.0,7.0,2.0,1.0,264.0,15.0,32.0,23.0,0.25,1.0,100.0,2.0,6.0,43.0,2.0,4.41176470588235,0.0,5.48235294117647,23.0,0.0,1.08910891089109,0.0,0.41839762611276,0.0,4.0,14.0,0.7074077891627121,0.29259221083728776,1
905,15,9.0,0.0,2.0,7.0,2.0,1.0,264.0,15.0,32.0,23.0,0.25,1.0,100.0,2.0,6.0,43.0,2.0,4.41176470588235,0.0,5.48235294117647,23.0,0.0,1.08910891089109,4.0,0.41839762611276,0.0,4.0,0.0,0.708068219034267,0.29193178096573275,3
905,16,9.0,0.0,2.0,7.0,2.0,1.0,9.0,15.0,32.0,23.0,0.25,1.0,100.0,2.0,6.0,43.0,2.0,4.41176470588235,0.0,5.48235294117647,23.0,0.0,1.08910891089109,4.0,0.41839762611276,0.0,4.0,0.0,0.708068428275538,0.2919315717244619,4
905,17,9.0,0.0,2.0,7.0,2.0,1.0,9.0,15.0,32.0,23.0,0.25,1.0,100.0,2.0,6.0,43.0,2.0,4.41176470588235,0.0,5.48235294117647,23.0,0.0,1.2,4.0,0.41839762611276,0.0,4.0,0.0,0.7080684459250961,0.291931554074904,5
905,18,9.0,0.0,2.0,7.0,2.0,1.0,264.0,15.0,32.0,23.0,0.25,1.0,100.0,2.0,6.0,43.0,2.0,4.41176470588235,0.0,5.48235294117647,0.0,260.0,1.08910891089109,4.0,0.41839762611276,0.0,4.0,14.0,0.7080676470646748,0.29193235293532493,2
905,19,9.0,0.0,2.0,7.0,2.0,1.0,264.0,15.0,32.0,23.0,0.25,11.0,100.0,2.0,6.0,43.0,2.0,4.41176470588235,0.0,5.48235294117647,0.0,260.0,1.08910891089109,4.0,0.41839762611276,0.0,4.0,14.0,0.7080676518027298,0.2919323481972703,3
956,0,27.0,0.0,2.0,5.0,6.0,2.0,297.0,3.0,0.0,13.0,0.27,1.0,89.0,2.0,0.0,179.0,3.0,3.93333333333333,0.0,5.18888888888889,0.0,1.0,1.24468085106383,0.0,1.0,0.0,3.0,5.0,0.8252493503611684,0.1747506496388317,1
956,1,27.0,0.0,2.0,5.0,6.0,2.0,297.0,3.0,0.0,13.0,0.27,1.0,89.0,2.0,0.0,179.0,3.0,7.0,0.0,5.18888888888889,0.0,1.0,1.24468085106383,0.0,1.0,0.0,3.0,5.0,0.8325619530383499,0.16743804696165002,2
956,2,27.0,0.0,2.0,5.0,6.0,2.0,297.0,0.0,0.0,13.0,0.27,1.0,89.0,2.0,0.0,179.0,3.0,7.0,0.0,5.18888888888889,0.0,1.0,1.24468085106383,0.0,1.0,0.0,3.0,5.0,0.8337259275626778,0.16627407243732228,3
956,3,27.0,0.0,2.0,5.0,6.0,1.0,297.0,0.0,0.0,13.0,0.27,1.0,89.0,2.0,0.0,179.0,3.0,7.0,0.0,5.18888888888889,0.0,1.0,1.24468085106383,0.0,1.0,0.0,3.0,5.0,0.834689118812322,0.16531088118767806,4
956,4,27.0,0.0,2.0,5.0,6.0,1.0,297.0,0.0,0.0,13.0,0.27,1.0,89.0,2.0,1.0,179.0,3.0,7.0,0.0,5.18888888888889,0.0,1.0,1.24468085106383,0.0,1.0,0.0,3.0,5.0,0.8347593697445718,0.16524063025542812,5
956,5,27.0,0.0,2.0,5.0,6.0,2.0,297.0,3.0,0.0,13.0,0.27,1.0,89.0,2.0,89.0,18.0,3.0,3.93333333333333,0.0,5.18888888888889,0.0,1.0,1.24468085106383,0.0,1.0,0.0,3.0,5.0,0.7625449727767898,0.2374550272232103,1
956,6,27.0,0.0,2.0,5.0,6.0,2.0,297.0,3.0,0.0,13.0,0.27,1.0,89.0,1.0,89.0,18.0,3.0,3.93333333333333,0.0,5.18888888888889,0.0,1.0,1.24468085106383,0.0,1.0,0.0,3.0,5.0,0.7632687549537785,0.23673124504622137,2
956,7,27.0,0.0,2.0,5.0,6.0,2.0,297.0,3.0,0.0,13.0,0.27,1.0,89.0,1.0,89.0,18.0,3.0,3.93333333333333,0.0,5.18888888888889,1.0,1.0,1.24468085106383,0.0,1.0,0.0,3.0,5.0,0.7639352127724874,0.2360647872275124,3
956,8,27.0,0.0,2.0,5.0,6.0,2.0,297.0,3.0,0.0,13.0,0.27,1.0,89.0,1.0,89.0,18.0,3.0,3.93333333333333,1.0,5.18888888888889,1.0,1.0,1.24468085106383,0.0,1.0,0.0,3.0,5.0,0.7643404721817547,0.23565952781824515,4
956,9,4.0,0.0,2.0,5.0,6.0,2.0,297.0,3.0,0.0,13.0,0.27,1.0,89.0,2.0,0.0,179.0,3.0,3.93333333333333,0.0,5.18888888888889,0.0,1.0,1.24468085106383,0.0,1.0,0.0,3.0,5.0,0.8318141378271225,0.1681858621728776,2
956,10,4.0,0.0,2.0,5.0,6.0,2.0,297.0,3.0,0.0,13.0,0.2,1.0,89.0,2.0,0.0,179.0,3.0,3.93333333333333,0.0,5.18888888888889,0.0,1.0,1.24468085106383,0.0,1.0,0.0,3.0,5.0,0.8318184222850601,0.16818157771494008,3
956,11,1.0,0.0,2.0,5.0,6.0,2.0,297.0,3.0,0.0,13.0,0.27,1.0,89.0,2.0,89.0,18.0,3.0,3.93333333333333,0.0,5.18888888888889,0.0,1.0,1.24468085106383,0.0,1.0,0.0,3.0,5.0,0.7949391622141261,0.20506083778587395,2
956,12,1.0,0.0,2.0,5.0,6.0,2.0,297.0,3.0,0.0,13.0,0.27,1.0,89.0,2.0,89.0,18.0,2.0,3.93333333333333,0.0,5.18888888888889,0.0,1.0,1.24468085106383,0.0,1.0,0.0,3.0,5.0,0.8026906015206389,0.19730939847936127,3
956,13,1.0,0.0,2.0,5.0,6.0,2.0,297.0,3.0,0.0,13.0,0.27,1.0,89.0,2.0,89.0,18.0,2.0,3.93333333333333,0.0,5.18888888888889,1.0,1.0,1.24468085106383,0.0,1.0,0.0,3.0,5.0,0.8037423095712211,0.19625769042877889,4
956,14,1.0,0.0,2.0,5.0,6.0,2.0,297.0,3.0,0.0,13.0,0.27,1.0,89.0,2.0,89.0,18.0,2.0,3.93333333333333,1.0,5.18888888888889,1.0,1.0,1.24468085106383,0.0,1.0,0.0,3.0,5.0,0.8044978250021673,0.19550217499783284,5
956,15,27.0,0.0,2.0,5.0,6.0,2.0,297.0,143.0,0.0,13.0,0.27,1.0,89.0,2.0,0.0,18.0,3.0,3.93333333333333,0.0,5.18888888888889,0.0,1.0,1.24468085106383,0.0,1.0,0.0,3.0,5.0,0.7344403401771801,0.26555965982282004,1
956,16,4.0,0.0,2.0,5.0,6.0,2.0,297.0,143.0,0.0,13.0,0.27,1.0,89.0,2.0,0.0,18.0,3.0,3.93333333333333,0.0,5.18888888888889,0.0,1.0,1.24468085106383,0.0,1.0,0.0,3.0,5.0,0.7357658747664011,0.26423412523359896,2
956,17,4.0,0.0,2.0,5.0,6.0,2.0,297.0,143.0,0.0,6.0,0.27,1.0,89.0,2.0,0.0,18.0,3.0,3.93333333333333,0.0,5.18888888888889,0.0,1.0,1.24468085106383,0.0,1.0,0.0,3.0,5.0,0.7364612185534412,0.2635387814465588,3
956,18,27.0,0.0,2.0,5.0,6.0,2.0,297.0,3.0,0.0,187.0,0.27,1.0,89.0,2.0,0.0,18.0,3.0,3.93333333333333,0.0,5.18888888888889,0.0,1.0,1.24468085106383,0.0,1.0,0.0,3.0,5.0,0.7143878346421498,0.28561216535785006,1
956,19,0.0,0.0,2.0,5.0,6.0,2.0,297.0,3.0,0.0,187.0,0.27,1.0,89.0,2.0,0.0,18.0,3.0,3.93333333333333,0.0,5.18888888888889,0.0,1.0,1.24468085106383,0.0,1.0,0.0,3.0,5.0,0.7188915389641041,0.2811084610358957,2
988,0,37.0,4.0,2.0,12.0,47.0,1.0,168.0,15.0,0.0,54.0,0.14,0.0,100.0,2.0,5.0,179.0,2.0,4.51960784313725,0.0,4.83333333333333,0.0,0.0,1.02542372881356,0.0,0.66798418972332,0.0,3.0,6.0,0.7349015994463142,0.2650984005536858,1
988,1,37.0,4.0,2.0,12.0,47.0,1.0,168.0,0.0,0.0,54.0,0.14,0.0,100.0,2.0,5.0,179.0,2.0,4.51960784313725,0.0,4.83333333333333,0.0,0.0,1.02542372881356,0.0,0.66798418972332,0.0,3.0,6.0,0.7437059142310147,0.2562940857689854,2
988,2,37.0,4.0,2.0,12.0,47.0,1.0,168.0,0.0,0.0,54.0,0.14,0.0,100.0,2.0,5.0,179.0,2.0,7.0,0.0,4.83333333333333,0.0,0.0,1.02542372881356,0.0,0.66798418972332,0.0,3.0,6.0,0.7460785481238403,0.25392145187615944,3
988,3,37.0,4.0,2.0,12.0,47.0,1.0,168.0,0.0,0.0,54.0,0.14,0.0,100.0,2.0,0.0,179.0,2.0,7.0,0.0,4.83333333333333,0.0,0.0,1.02542372881356,0.0,0.66798418972332,0.0,3.0,6.0,0.746781194128742,0.25321880587125783,4
988,4,37.0,4.0,2.0,12.0,47.0,1.0,168.0,15.0,0.0,54.0,0.14,0.0,100.0,2.0,5.0,19.0,2.0,65.0,0.0,4.83333333333333,0.0,0.0,1.02542372881356,0.0,0.66798418972332,0.0,3.0,6.0,0.7145196502151056,0.2854803497848943,1
988,5,37.0,4.0,2.0,1.0,47.0,1.0,168.0,15.0,0.0,54.0,0.14,0.0,100.0,2.0,5.0,19.0,2.0,65.0,0.0,4.83333333333333,0.0,0.0,1.02542372881356,0.0,0.66798418972332,0.0,3.0,6.0,0.7150021597377576,0.2849978402622425,2
988,6,37.0,4.0,2.0,1.0,47.0,1.0,168.0,15.0,0.0,54.0,0.14,0.0,100.0,2.0,5.0,19.0,2.0,65.0,0.0,4.83333333333333,0.0,1.0,1.02542372881356,0.0,0.66798418972332,0.0,3.0,6.0,0.7150032978556644,0.28499670214433565,3
988,7,37.0,4.0,2.0,12.0,47.0,1.0,168.0,15.0,0.0,54.0,0.14,0.0,100.0,2.0,5.0,179.0,2.0,4.51960784313725,0.0,4.83333333333333,1.0,0.0,1.02542372881356,0.0,0.66798418972332,0.0,3.0,6.0,0.7352797223545607,0.2647202776454394,2
988,8,37.0,4.0,2.0,12.0,47.0,1.0,168.0,15.0,0.0,54.0,0.14,0.0,100.0,2.0,5.0,179.0,2.0,4.51960784313725,1.0,4.83333333333333,1.0,0.0,1.02542372881356,0.0,0.66798418972332,0.0,3.0,6.0,0.7354612844494899,0.2645387155505101,3
988,9,37.0,4.0,2.0,12.0,47.0,21.0,168.0,15.0,0.0,54.0,0.14,0.0,100.0,2.0,5.0,19.0,2.0,4.51960784313725,0.0,4.83333333333333,0.0,0.0,1.02542372881356,0.0,0.66798418972332,0.0,3.0,6.0,0.7179830303896089,0.28201696961039124,1
988,10,37.0,4.0,2.0,12.0,47.0,21.0,168.0,15.0,0.0,54.0,0.14,0.0,100.0,2.0,5.0,19.0,1.0,4.51960784313725,0.0,4.83333333333333,0.0,0.0,1.02542372881356,0.0,0.66798418972332,0.0,3.0,6.0,0.7199051143994624,0.28009488560053786,2
988,11,37.0,4.0,2.0,12.0,47.0,21.0,168.0,15.0,0.0,54.0,0.14,1.0,100.0,2.0,5.0,19.0,1.0,4.51960784313725,0.0,4.83333333333333,0.0,0.0,1.02542372881356,0.0,0.66798418972332,0.0,3.0,6.0,0.7205451793651295,0.2794548206348704,3
988,12,37.0,4.0,2.0,12.0,47.0,21.0,168.0,15.0,0.0,54.0,0.14,1.0,100.0,2.0,5.0,19.0,1.0,4.51960784313725,0.0,4.83333333333333,1.0,0.0,1.02542372881356,0.0,0.66798418972332,0.0,3.0,6.0,0.7207233982922058,0.2792766017077942,4
988,13,37.0,4.0,2.0,12.0,47.0,21.0,168.0,15.0,0.0,54.0,0.14,1.0,100.0,2.0,5.0,19.0,1.0,4.51960784313725,0.0,4.83333333333333,1.0,1.0,1.02542372881356,0.0,0.66798418972332,0.0,3.0,6.0,0.72073004515875,0.27926995484124967,5
988,14,37.0,4.0,2.0,12.0,47.0,1.0,168.0,143.0,0.0,54.0,0.14,0.0,100.0,2.0,5.0,19.0,2.0,4.51960784313725,0.0,4.83333333333333,0.0,0.0,1.02542372881356,0.0,0.66798418972332,0.0,3.0,6.0,0.7144200731867553,0.28557992681324457,1
988,15,37.0,4.0,2.0,12.0,47.0,1.0,168.0,143.0,0.0,6.0,0.14,0.0,100.0,2.0,5.0,19.0,2.0,4.51960784313725,0.0,4.83333333333333,0.0,0.0,1.02542372881356,0.0,0.66798418972332,0.0,3.0,6.0,0.7246239276598306,0.2753760723401692,2
988,16,37.0,4.0,2.0,12.0,47.0,1.0,168.0,15.0,0.0,187.0,0.14,0.0,100.0,2.0,5.0,19.0,2.0,4.51960784313725,0.0,4.83333333333333,0.0,0.0,1.02542372881356,0.0,0.66798418972332,0.0,3.0,6.0,0.7115961914101915,0.28840380858980874,1
988,17,37.0,4.0,2.0,12.0,47.0,1.0,168.0,15.0,0.0,187.0,0.14,0.0,100.0,2.0,5.0,19.0,2.0,4.51960784313725,0.0,0.0,0.0,0.0,1.02542372881356,0.0,0.66798418972332,0.0,3.0,6.0,0.7120296821826825,0.28797031781731774,2
988,18,37.0,4.0,2.0,12.0,47.0,1.0,168.0,15.0,0.0,187.0,0.14,0.0,100.0,0.0,5.0,19.0,2.0,4.51960784313725,0.0,0.0,0.0,0.0,1.02542372881356,0.0,0.66798418972332,0.0,3.0,6.0,0.7122403615014845,0.28775963849851566,3
988,19,37.0,4.0,2.0,12.0,47.0,1.0,168.0,15.0,0.0,187.0,0.14,0.0,100.0,0.0,5.0,19.0,2.0,4.51960784313725,0.0,0.0,0.0,0.0,0.3,0.0,0.66798418972332,0.0,3.0,6.0,0.7124373529818917,0.2875626470181083,4
