score_explainer,score_cf,diff_explainer_minus_cf
13.927967725128166,8.350997919834063,5.5769698052941035
41.952360706260784,7.499845576022445,34.45251513023834
41.952360706260784,11.154912114494405,30.79744859176638
41.952360706260784,6.778217350979109,35.17414335528167
9.736676115730631,2.5653857147061903,7.171290401024441
9.736676115730631,3.160491440539131,6.5761846751915005
15.833270236906467,1.8486642154247404,13.984606021481726
9.736676115730631,2.7524856402191893,6.984190475511442
8.312706266246774,0.37994631483681296,7.932759951409961
8.312706266246774,2.8619407498562666,5.450765516390508
20.46494243217031,1.2589235977955648,19.206018834374746
20.46494243217031,1.4831771156962015,18.98176531647411
9.736676115730631,2.4433575789589224,7.293318536771709
41.952360706260784,7.6565795588263335,34.295781147434454
41.952360706260784,5.881171668951292,36.071189037309495
4.868338057865316,0.5797807089937841,4.288557348871532
41.952360706260784,15.64494773801368,26.307412968247103
14.170665904642352,7.902460886848017,6.268205017794335
9.736676115730631,4.520088326737131,5.2165877889935
41.952360706260784,12.020821010839029,29.931539695421755
20.46494243217031,3.960357917719086,16.504584514451224
41.952360706260784,14.645452733107655,27.30690797315313
41.952360706260784,12.510080377125584,29.4422803291352
41.952360706260784,6.819633657732401,35.13272704852838
1.0390882832808468,0.34578576213200685,0.69330252114884
9.736676115730631,0.6933392173758932,9.043336898354738
41.952360706260784,16.653101739474035,25.29925896678675
9.736676115730631,4.88455125875087,4.852124856979762
3.098196081668463,1.2308048760542576,1.8673912056142052
9.736676115730631,15.71702362391275,-5.980347508182119
3.7895554062534442,2.6328349727268883,1.156720433526556
7.24664388574377,4.0717094122450295,3.17493447349874
9.467544397158356,1.2860729677340674,8.181471429424288
20.46494243217031,1.828240486589242,18.63670194558107
6.0979237977048095,1.4382048640784948,4.659718933626315
9.736676115730631,1.7009440723980687,8.035732043332562
20.46494243217031,3.813022520024791,16.65191991214552
4.872605340992932,0.6550393549981961,4.217565985994735
41.952360706260784,6.377008276791678,35.575352429469106
7.79616854558869,3.415084877798476,4.3810836677902145
9.736676115730631,5.950421297338328,3.7862548183923037
1.0390882832808468,3.012365128265529,-1.973276844984682
1.9602504363273776,4.434810114184601,-2.4745596778572234
1.9602504363273776,3.3483412967547,-1.3880908604273223
2.5076871688301337,2.2965198185599123,0.21116735027022138
41.952360706260784,11.42166755262874,30.530693153632043
4.872605340992932,2.473356440171656,2.399248900821276
41.952360706260784,4.275571187887249,37.67678951837353
16.3316762450447,5.4574131499851495,10.87426309505955
9.736676115730631,5.917927726595908,3.818748389134724
4.868338057865316,3.179488677702927,1.6888493801623885
11.463338187179385,6.258366262339739,5.204971924839646
20.46494243217031,5.5613444274346024,14.90359800473571
41.952360706260784,4.275738721879058,37.676621984381725
4.868338057865316,0.8389421228869409,4.029395934978375
7.819669460934554,5.27798650645921,2.541682954475344
8.880030102943326,5.701443627925608,3.1785864750177186
8.880030102943326,7.935561620885085,0.944468482058241
8.880030102943326,5.625578660557891,3.2544514423854354
9.249392668835585,2.543741158483713,6.7056515103518715
5.607475233032411,2.6552576788706133,2.952217554161798
7.29681640008173,3.752200151696111,3.544616248385619
9.249392668835585,5.216333705324558,4.033058963511026
9.249392668835585,4.391446206156771,4.857946462678814
8.880030102943326,6.277393491741618,2.6026366112017083
9.249392668835585,1.072145787589793,8.177246881245791
4.440015051471662,4.453277473684457,-0.013262422212794611
6.9954279750703625,2.089745539200262,4.9056824358701006
9.37479810541588,11.048087029749524,-1.6732889243336437
4.197256785042217,2.1810844985697653,2.016172286472452
2.637960782002018,2.54871615454171,0.08924462746030803
2.60629771215216,1.7160300640772357,0.8902676480749243
5.802439375801917,4.900679422109025,0.901759953692892
4.638349730172473,2.9459007491253697,1.6924489810471037
6.562273363090289,5.055585883504745,1.506687479585544
7.084792227424226,3.0791077762155385,4.005684451208688
6.166261779223722,1.846535745493181,4.319726033730541
4.409565631086187,4.585168536706168,-0.17560290561998126
9.347404220324004,1.7730742222318696,7.574329998092134
8.338734298340055,1.9000337101907827,6.438700588149272
5.478551238622232,4.342344283885774,1.1362069547364575
5.9015444756310576,0.962225616606285,4.939318859024772
11.257706444135257,4.1074596331583875,7.15024681097687
7.0820296499263,3.2840698456720556,3.797959804254244
6.415663315419354,4.611027520231077,1.8046357951882772
6.814783248042289,6.709298988904424,0.10548425913786552
8.151015257462346,6.402290019053396,1.7487252384089498
9.347404220324004,7.969785758334002,1.3776184619900018
6.231602813549335,1.4066711393444598,4.824931674204875
10.188720836599211,3.6184087310371336,6.570312105562078
10.188720836599211,2.902877992033231,7.28584284456598
9.347404220324004,5.9586931954804845,3.388711024843519
9.347404220324004,0.7210499171260247,8.626354303197978
19.75454550826283,8.579954025335095,11.174591482927735
3.735294548501723,3.877296227117169,-0.1420016786154461
9.347404220324004,6.172238446886391,3.1751657734376124
3.115801406774668,1.206437231032253,1.909364175742415
4.758040832317526,7.605463231545267,-2.8474223992277405
7.83635930820133,1.169341225421284,6.6670180827800465
5.1513999888405895,2.8813959301538663,2.270004058686723
4.8049199482835805,0.65691425011319,4.14800569817039
7.0820296499263,8.57851329359929,-1.49648364367299
6.280290444274266,4.42076253256038,1.8595279117138865
4.676812032970198,2.6638699744399688,2.0129420585302293
7.0820296499263,5.05322754420657,2.0288021057197296
6.231602813549335,7.170385370593116,-0.9387825570437807
8.151015257462346,5.358515518573824,2.792499738888522
7.0820296499263,4.401777905726622,2.680251744199678
15.032017025874154,0.8459788386148075,14.186038187259346
5.478551238622232,5.443413342328912,0.035137896293319315
6.231602813549335,1.2231798365168185,5.008422977032517
6.231602813549335,4.907936785809975,1.3236660277393604
6.231602813549335,1.0079437849617656,5.223659028587569
6.231602813549335,2.812577707562561,3.419025105986774
5.6629413676199345,1.3902572143110614,4.272684153308873
6.231602813549335,1.0260792511248182,5.205523562424517
6.734910819293081,6.507121111676462,0.2277897076166191
8.677110750935292,3.760471062200869,4.916639688734422
4.6299902335608705,4.376794033789956,0.25319619977091445
9.259980467121743,3.045805992935912,6.214174474185831
9.259980467121743,3.263171883180677,5.996808583941066
9.259980467121743,4.422393735929887,4.8375867311918554
9.259980467121743,3.060453922253888,6.1995265448678545
9.259980467121743,6.862076571770534,2.3979038953512086
5.308300982155691,1.190058507618427,4.118242474537264
5.331782630180662,2.121172165123729,3.210610465056933
8.883977244081569,2.8208507457979546,6.063126498283614
10.526885949296863,1.5272912361290203,8.999594713167843
4.6299902335608705,1.7067635610418759,2.923226672518995
9.259980467121743,4.832880365517864,4.4271001016038785
6.768755872813271,4.42052437187328,2.348231500939991
8.673662573163604,11.002434156181655,-2.3287715830180513
9.259980467121743,8.47906868242374,0.7809117846980023
6.033575026800452,2.994422184439617,3.0391528423608354
5.3879286554344645,4.792449405923052,0.5954792495114125
9.259980467121743,3.8312544377424955,5.428726029379247
9.259980467121743,5.95688743558561,3.3030930315361324
7.3406065283049715,3.4443962994421478,3.8962102288628238
9.259980467121743,4.9822427216495235,4.277737745472219
18.144725150717633,6.37345821254722,11.771266938170413
4.6299902335608705,3.6146679768168712,1.0153222567439992
4.6299902335608705,9.252894173708684,-4.622903940147814
8.493685440513351,4.932294351114944,3.5613910893984073
9.259980467121743,4.809261243492966,4.450719223628777
4.6299902335608705,1.586571677905094,3.0434185556557765
4.6299902335608705,1.289744676252366,3.3402455573085046
7.769699088124877,4.276304864300837,3.4933942238240405
7.992066854202784,5.924800067166106,2.0672667870366785
7.7931801913945105,1.6949975416192835,6.098182649775227
7.7931801913945105,0.5517603486450275,7.241419842749483
17.564062514610296,15.738258281544724,1.825804233065572
5.665415650604821,4.476770979091821,1.188644671513
7.583338350955044,1.0403159514700364,6.543022399485007
5.259328279922522,1.743682278264433,3.5156460016580886
5.293900076483117,5.139384762447415,0.1545153140357014
5.473749596979458,3.6418355674335405,1.831914029545917
4.440045225437452,1.542110386189779,2.8979348392476734
16.61268940890029,5.843065844181019,10.769623564719272
3.7751808483197777,3.350704673440449,0.42447617487932865
9.091919530147804,7.87803573546655,1.2138837946812542
11.570452822911758,2.762785468379644,8.807667354532114
2.6715616297152183,0.6599109787936543,2.011650650921564
14.89337521846585,7.785113818191857,7.108261400273993
2.4830103670007357,2.33964319126937,0.14336717573136593
2.4830103670007357,1.9822861084209975,0.5007242585797382
12.606089095971333,0.9213568383902007,11.684732257581132
3.9031205985069928,1.911986101156919,1.9911344973500738
4.164199372115423,2.528308260242195,1.635891111873228
10.778561241364946,8.949391813674865,1.829169427690081
3.642041824898561,1.10268453554061,2.539357289357951
10.203799799797288,3.417607832845914,6.786191966951375
12.593439146085672,3.567844016849189,9.025595129236482
2.2920161992675148,1.1162734053999066,1.1757427938676082
16.10342141430582,4.231758181371457,11.871663232934363
9.091919530147804,5.829108913328056,3.262810616819748
10.82412825608943,9.482695236222984,1.3414330198664466
13.317217824279258,3.3482644946603717,9.968953329618886
1.8275514152590187,1.0605557999668649,0.7669956152921538
1.707709702091328,1.6363327731367296,0.07137692895459846
2.62385106971753,2.330590145188116,0.293260924529414
2.3497089624758805,1.4473768767663733,0.9023320857095072
6.885777308047162,3.9065230566798683,2.9792542513672937
7.247933365233187,4.224122013685688,3.0238113515475
17.053242397119405,7.664623133127529,9.388619263991876
2.4830103670007357,2.346008330149621,0.1370020368511149
10.575936409043223,2.4595966103520857,8.116339798691136
10.204885101665159,3.6550657754624645,6.5498193262026945
15.129336120955903,10.516268322961334,4.613067797994569
9.271010077414214,5.780866995388665,3.490143082025549
8.263920901552336,4.517673897545452,3.746247004006884
10.548777135449784,8.313633615275116,2.2351435201746686
9.298911113894448,6.144760839565747,3.1541502743287007
9.086253664354324,7.90095051678253,1.1853031475717941
8.886712619907314,6.731862502273936,2.1548501176333783
4.020630271435967,2.7235908170510443,1.2970394543849224
12.890926561496634,5.9914213511942,6.899505210302435
6.823345695934844,5.724316716771272,1.0990289791635721
10.548777135449784,4.773100539379123,5.775676596070661
5.274388567724891,2.705191232514535,2.5691973352103563
7.75199481280157,5.720402526319876,2.031592286481694
9.492868273096896,8.941959994707435,0.5509082783894605
8.294936096800203,3.2299177406187174,5.065018356181486
6.060208661138381,6.6383624368556085,-0.5781537757172277
10.548777135449784,3.9829523751121334,6.565824760337651
8.263920901552336,6.1106526831470545,2.153268218405281
8.198679580268395,3.4576791308888133,4.741000449379582
7.223915909420561,3.221440184057901,4.00247572536266
9.116833402776575,8.758788737722078,0.3580446650544964
5.175277666712898,10.00376086654704,-4.828483199834142
11.781555493756482,4.762541091946726,7.0190144018097556
5.674764736719601,5.543020147819662,0.1317445888999389
5.222867094542618,7.481481904733859,-2.258614810191241
4.8765096652223345,3.0307656566557766,1.845744008566558
45.51033110253934,4.747510188065249,40.76282091447409
5.6747647367196015,5.69127203959981,-0.01650730288020874
4.757060819719859,1.9978460735563615,2.7592147461634977
4.7812903315350725,2.3419166121019526,2.43937371943312
6.840929594143409,6.010003370256754,0.8309262238866548
6.247970748025766,2.571763592758573,3.676207155267193
8.350424255607294,7.23978886176393,1.1106353938433635
1.6454273985635843,2.169321598683153,-0.5238942001195686
7.115378209529257,7.5772144523601135,-0.46183624283085667
15.022644585366926,0.8860823529831623,14.136562232383763
7.486183036090779,5.468008493335569,2.01817454275521
10.280226503599335,5.638670166729826,4.64155633686951
2.932259659250824,2.44835509466083,0.48390456458999376
3.311911394363627,2.4517876736053803,0.8601237207582466
1.712389889595008,1.0185798055470376,0.6938100840479704
11.772421499887857,10.582945304772814,1.1894761951150432
3.263934286590421,2.7069447979648067,0.5569894886256144
15.644435966947297,15.943896774783198,-0.2994608078359011
7.9185627661809335,6.09201128472184,1.8265514814590933
19.800967589405765,8.149242150465607,11.651725438940158
7.079026883830854,5.246415683012074,1.8326112008187794
2.568584834392512,2.1462342101438727,0.42235062424863923
15.022644585366926,1.3875261538560055,13.635118431510922
5.254919417797143,4.762177136855949,0.49274228094119366
9.660641432982615,9.210596177111231,0.4500452558713839
4.515858021868642,2.961146967997699,1.5547110538709425
1.7123898895950078,0.8862955483255412,0.8260943412694666
15.022644585366926,1.4723762380666923,13.550268347300234
8.898354709396113,8.393654719975778,0.5046999894203346
6.270874202801929,5.116891859772088,1.153982343029841
7.298970866903642,6.01075815140449,1.288212715499152
3.424779779190016,3.0009662373579373,0.42381354183207876
15.022644585366926,1.5068024572166854,13.51584212815024
1.7123898895950083,0.16216920614134844,1.5502206834536598
2.0771165335995736,1.1315643522303889,0.9455521813691847
7.140685351813236,2.938048165036462,4.202637186776774
7.142795279078955,1.8031749891120321,5.339620289966923
9.749788069582012,9.210940498644725,0.5388475709372873
1.9276844821931012,0.24397031527744795,1.6837141669156532
3.701546986330697,2.0673506598825053,1.6341963264481918
1.712389889595008,0.9583614630134406,0.7540284265815674
12.609908831635874,12.425555214163646,0.18435361747222778
6.22792451593946,5.02805498099589,1.19986953494357
15.022644585366926,0.955038143942649,14.067606441424278
5.022204535913306,2.4005231313609707,2.6216814045523353
3.0752547439613656,2.5836757143231104,0.49157902963825517
7.3140217668285095,5.8944549283567,1.4195668384718099
1.7123898895950083,1.5510172095696975,0.1613726800253108
7.745899925400719,6.334227975742397,1.4116719496583219
7.835204127807648,6.206317095257579,1.628887032550069
1.7123898895950083,0.7312546589376592,0.9811352306573491
3.424779779190016,3.3781768263851712,0.04660295280484483
11.438393873823248,9.428036283987497,2.010357589835751
3.1030887939908265,2.3888556194503154,0.714233174540511
2.32731659549312,0.43655229500397064,1.8907643004891492
2.290000855655225,2.163480878577677,0.1265199770775478
16.745882860868253,2.881289237874797,13.864593622993457
5.510828135783743,2.944206365876233,2.5666217699075102
12.640762459436047,12.436048599709405,0.2047138597266418
9.896124698880143,3.4293534845517497,6.466771214328394
1.5515443969954132,1.606592944084019,-0.05504854708860574
9.424967584521449,8.13321981446885,1.2917477700525986
0.8561949447975039,0.3351235636960012,0.5210713811015026
15.022644585366926,1.2905546290437921,13.732089956323135
3.8374239464161213,1.0202189613778991,2.817204985038222
15.022644585366926,5.630420287868954,9.392224297497972
11.844351703346701,12.11105230104549,-0.2667005976987884
22.43278243448467,23.446637976017307,-1.0138555415326387
4.1916768840201755,2.9051123894563764,1.286564494563799
5.137169668785024,5.06275428784071,0.07441538094431355
2.659675988974689,1.402604511618958,1.2570714773557308
5.16961352524839,3.2487401947393346,1.920873330509055
0.9638422410965506,2.0084929658104884,-1.0446507247139378
0.4653031508741969,1.1081627442593773,-0.6428595933851804
0.4653031508741968,0.6307336711077544,-0.16543052023355753
0.7757721984977066,0.37651960602643253,0.3992525924712741
2.3106367978618323,3.6203855409439947,-1.3097487430821624
0.46530315087419677,1.499284772687587,-1.0339816218133904
1.5515443969954132,0.5098186967483876,1.0417257002470257
1.7123898895950078,1.539729483246683,0.1726604063483248
1.7123898895950078,1.2383053840284213,0.47408450556658654
6.181656521430617,4.635911619496158,1.5457449019344596
0.8561949447975039,0.8051911443749964,0.05100380042250752
15.022644585366926,1.003353450934575,14.01929113443235
0.7757721984977066,0.21812281826597602,0.5576493802317306
1.6451319939247546,1.0070761032060167,0.6380558907187379
6.276561616657375,3.194844613350843,3.081717003306532
15.022644585366926,0.10699777980481007,14.915646805562115
15.022644585366926,3.267625911373866,11.75501867399306
2.9041943247511703,2.1597228381308025,0.7444714866203679
5.260523197312472,4.519934295106126,0.7405889022063459
2.2678327954548427,1.7954088822588563,0.4724239131959864
2.3273165954931203,1.9371577261314805,0.3901588693616398
15.022644585366926,1.0171495608849255,14.005495024482
4.895901429885632,4.227838656238349,0.6680627736472831
0.8561949447975039,0.36562732946882925,0.49056761532867466
2.568584834392512,2.5027397641749305,0.06584507021758146
4.989852086274453,5.5009902385229195,-0.5111381522484661
2.4077393417929174,2.375044767861631,0.032694573931286275
3.1835115402906244,1.1253623390092264,2.058149201281398
3.2389469621543814,3.0882947254249755,0.15065223672940586
10.28212305130634,5.290254843758326,4.9918682075480145
1.7123898895950078,0.9358166302847384,0.7765732593102694
15.022644585366926,0.6917268973297197,14.330917688037207
1.7123898895950078,0.9481690111331733,0.7642208784618345
15.022644585366926,0.47689449537958306,14.545750089987344
10.254858816786143,6.05675662789473,4.198102188891413
0.8561949447975039,0.7341202749337974,0.12207466986370652
3.1030887939908265,1.220030702903596,1.8830580910872305
9.626549361297034,1.4991772812714108,8.127372080025623
15.022644585366926,1.025678432656877,13.99696615271005
4.815478683585834,4.725526054316709,0.08995262926912506
4.039706485088128,2.236851099677268,1.8028553854108598
15.022644585366926,2.4847544125915775,12.537890172775349
6.371746941405002,3.0401609563317624,3.3315859850732394
15.798416783864633,3.1042251790472197,12.694191604817414
0.8561949447975039,0.6346692786877415,0.22152566610976243
5.428112977060984,4.284831349740311,1.1432816273206727
8.071024502645155,6.157361693415375,1.9136628092297805
9.837196336138797,9.83140584902609,0.005790487112706799
21.232943638820416,22.33944238254004,-1.106498743719623
10.476460020488688,11.293803484859207,-0.81734346437052
1.712389889595008,1.5002741377432196,0.21211575185178844
4.815478683585835,1.8162533125959495,2.999225370989885
3.1030887939908265,2.7364152157946453,0.3666735781961812
1.492661507163154,0.22465450593034697,1.268007001232807
15.022644585366926,1.6352105146962328,13.387434070670693
0.8561949447975039,1.1989722401996987,-0.3427772954021948
15.022644585366926,1.2883674688935711,13.734277116473354
0.8561949447975039,0.7621762845155942,0.09401866028190975
10.255331794717288,5.9564691760365225,4.298862618680765
12.413546715439153,12.599927192289769,-0.18638047685061565
4.039706485088128,3.298355725606182,0.7413507594819455
1.874635705591003,1.7253466055450648,0.1492891000459382
4.900625290709385,3.5180080373393534,1.3826172533700318
3.8788609924885336,1.37647551550087,2.5023854769876634
6.149019185914906,6.44403639939151,-0.29501721347660403
1.7123898895950078,1.6442454677190348,0.06814442187597303
15.022644585366926,1.6473809472532053,13.37526363811372
4.146458932647012,2.998695818720247,1.1477631139267652
4.895901429885632,2.9063804962071527,1.9895209336784796
3.1030887939908265,1.9508953661609143,1.1521934278299122
5.1276291614590175,1.712807749400115,3.4148214120589024
15.022644585366926,1.165277697737316,13.85736688762961
15.022644585366926,1.9815610381695903,13.041083547197335
15.022644585366926,0.42245983160691014,14.600184753760017
1.7123898895950078,1.0694075531211011,0.6429823364739067
1.7123898895950078,2.6387730913160232,-0.9263832017210154
5.510828135783743,2.298306498547011,3.2125216372367325
1.712389889595008,1.5472948482867805,0.1650950413082275
1.7123898895950078,1.306867869842284,0.40552201975272384
6.527868573180843,4.597747247484463,1.9301213256963798
3.183511540290624,2.0913648492917547,1.0921466909988693
15.022644585366926,1.8271201359551072,13.195524449411819
3.1030887939908265,2.002317230521311,1.1007715634695154
0.8561949447975039,0.11279458945335996,0.743400355344144
15.022644585366926,1.7257679356074689,13.296876649759458
15.022644585366926,0.24802684192478097,14.774617743442144
0.7757721984977068,0.5387456544891673,0.2370265440085395
2.5455244573701328,1.129480324193178,1.4160441331769549
18.724191571697624,6.239030544587073,12.48516102711055
15.022644585366926,0.539588776104331,14.483055809262595
2.543551431155852,1.201849361493419,1.3417020696624329
15.022644585366926,1.0689894891832117,13.953655096183715
1.2201058141539476,0.980150902381713,0.2399549117722346
0.8561949447975039,0.6198374554320085,0.2363574893654954
1.5515443969954132,1.3945572930774488,0.15698710391796444
1.7123898895950078,0.9464967553816157,0.7658931342133921
7.070761963912212,5.402301989961396,1.6684599739508164
1.7123898895950078,1.2016403805576699,0.510749509037338
3.5985607328861007,3.109769209787873,0.4887915230982278
6.50263379086198,5.734303182186197,0.7683306086757824
3.1030887939908265,2.590957928576325,0.5121308654145014
7.384063517978347,5.838882954605258,1.5451805633730888
1.9508261793952202,1.2679955785979007,0.6828306007973195
3.4247797791900165,2.932300460356296,0.49247931883372065
0.856194944797504,0.7669382940581158,0.08925665073938827
5.137169668785025,4.769691467380237,0.36747820140478815
1.7123898895950083,1.643860473291858,0.06852941630315024
0.856194944797504,0.23407579519276167,0.6221191496047423
1.712389889595008,0.8833624154116992,0.8290274741833088
0.4414131730465017,0.14976614932973886,0.2916470237167628
0.8561949447975039,0.7541873439524889,0.10200760084501503
8.226839253354122,8.719337335561345,-0.4924980822072236
2.568584834392512,1.3242920317301872,1.2442928026623248
1.6319671432952108,0.9266214691117753,0.7053456741834354
16.612653582127678,2.80270063961058,13.809952942517098
6.170441949503601,6.42575667009239,-0.2553147205887889
15.022644585366926,0.21701789854927145,14.805626686817655
15.022644585366926,0.14412641985707086,14.878518165509856
2.3273165954931203,0.8766800777540849,1.4506365177390355
19.90746471168442,18.56712412569322,1.3403405859911999
1.712389889595008,0.9506773947605098,0.7617124948344982
4.1386697147972225,3.8790363560016576,0.2596333587955648
0.856194944797504,0.2835196128939066,0.5726753319035974
0.8561949447975039,0.9646984336251272,-0.10850348882762328
1.712389889595008,0.953580009823417,0.7588098797715911
81.14946881425375,70.30822606384133,10.84124275041242
3.768804882000951,3.1747775443321515,0.5940273376687997
2.499010473999032,1.4814843347003226,1.0175261392987096
2.3273165954931203,1.614787628620188,0.7125289668729322
0.7757721984977068,0.5275245918913063,0.24824760660640055
5.2762983282203635,4.694304093177802,0.5819942350425613
1.5515443969954135,1.0053219798891182,0.5462224171062953
6.514513194224506,7.612279335941275,-1.097766141716769
0.7757721984977068,0.7326309970599495,0.04314120143775735
0.7757721984977068,0.2825120945006241,0.49326010399708276
1.7232382755013254,0.34007488051147505,1.3831633949898503
3.1030887939908265,3.0939977135396814,0.00909108045114504
0.7757721984977068,0.6735966811811516,0.10217551731655528
4.826327069492152,4.721148952090948,0.10517811740120386
1.5515443969954135,0.9409268266935077,0.6106175703019058
7.643642394359674,6.727062456852473,0.9165799375072003
2.32731659549312,1.9983331216673101,0.3289834738258097
3.2639342865904215,2.3579989920157347,0.9059352945746868
2.3273165954931203,2.1619725697879204,0.1653440257051999
2.8091758880841864,2.8880213383950952,-0.07884545031090884
1.7123898895950083,1.2617169645502284,0.45067292504477985
0.7757721984977068,0.5518786331560284,0.22389356534167848
0.7757721984977068,0.20757967030114433,0.5681925281965625
1.7123898895950078,2.0303413007557167,-0.3179514111607089
2.499010473999032,1.8144281400410232,0.684582333958009
3.8788609924885336,3.3902154182394897,0.48864557424904387
2.3273165954931203,2.1386766761318614,0.1886399193612589
2.3273165954931203,1.7950500374436422,0.5322665580494781
4.0505548709944454,2.6985357139148745,1.352019157079571
3.2747826724967384,2.464703867940358,0.8100788045563805
13.074767106389716,11.552358359307618,1.522408747082098
4.21140036359404,2.375802357899227,1.8355980056948127
2.3273165954931203,2.2290431477622947,0.09827344773082558
5.234403551643566,3.891467534164871,1.3429360174786948
1.5515443969954135,1.5473785765811652,0.004165820414248289
15.022644585366926,0.599718335503219,14.422926249863707
5.91925743208935,3.954794847282803,1.964462584806547
10.339368325885157,9.039846658724729,1.2995216671604286
9.70489428966182,4.20150272911629,5.50339156054553
19.915200235427157,19.504780333114766,0.4104199023123911
10.141693566635702,12.09529478297046,-1.9536012163347571
3.274782672496739,2.2538303618463646,1.0209523106503742
3.4247797791900165,3.054375130220002,0.37040464897001435
20.92470160730724,13.19116806976947,7.733533537537772
11.003034051547646,11.767717851892995,-0.7646838003453489
17.287504486294157,13.056092192534322,4.231412293759835
15.022644585366926,1.387972273792829,13.634672311574096
15.022644585366926,1.266728622369057,13.75591596299787
1.5515443969954132,0.3658926112317517,1.1856517857636615
15.022644585366926,1.6023029295143063,13.42034165585262
15.022644585366926,1.4178946757951727,13.604749909571753
15.022644585366926,0.7275107907584956,14.29513379460843
0.18158738613651165,0.09037099739126009,0.09121638874525156
1.7232382755013251,0.8834961861701123,0.8397420893312129
15.022644585366926,0.2681767416788785,14.754467843688047
4.668479715569113,3.820710777388304,0.8477689381808089
3.1030887939908265,2.8920999685205033,0.21098882547032316
4.120129231387925,3.8545495073403258,0.26557972404759944
9.603524666814975,6.414418432369445,3.1891062344455303
3.1030887939908265,2.375802357899227,0.7272864360915996
5.682522014289655,2.8857276268851173,2.796794387404538
7.498745205086097,5.879929070289492,1.6188161347966048
8.694861395698169,8.45098669554206,0.24387470015610901
3.4217232640039508,2.9099171700266884,0.5118060939772624
4.815478683585835,3.9181841963405803,0.8972944872452544
4.0505548709944454,0.8264403119241615,3.224114559070284
3.1030887939908265,2.5136837447415927,0.5894050492492338
2.3273165954931203,1.5719993280104898,0.7553172674826305
4.0505548709944454,2.5212596451175466,1.5292952258768988
15.022644585366926,2.0651904424851057,12.95745414288182
19.35091291196973,15.066886584921313,4.284026327048416
4.5934758311489885,4.07663873580269,0.5168370953462986
2.3273165954931203,0.5140933006948458,1.8132232947982745
4.609849681261407,2.5289488602171186,2.0809008210442883
1.5515443969954135,1.0788082135358734,0.47273618345954005
7.237453028777692,5.042911003734016,2.194542025043676
2.9690243015484103,2.0560993620339607,0.9129249395144496
6.103149067609259,3.6483486707642645,2.4548003968449943
12.38242053650425,11.15927227754986,1.2231482589543905
15.022644585366926,0.4531316916517061,14.56951289371522
8.272803620494802,8.213483162280523,0.05932045821427856
7.080402269831104,4.536297070959496,2.544105198871608
2.798488029317163,1.3646127674114557,1.4338752619057071
4.320523722428068,3.4744014472133147,0.8461222752147535
4.0505548709944454,2.7780826678623933,1.2724722031320521
10.09745832502644,8.555223976287403,1.5422343487390364
1.5515443969954135,1.1153852376215165,0.43615915937389693
2.3273165954931203,0.5620758736393221,1.7652407218537982
15.160640141230894,16.950734828203608,-1.7900946869727132
6.054997276936983,4.927043417928495,1.127953859008488
6.888030453391099,3.089353091301149,3.7986773620899505
14.132571985490355,12.966797239692685,1.1657747457976697
2.9007011378078884,1.4935656194258082,1.4071355183820802
4.0505548709944454,2.9083881543288044,1.142166716665641
3.274782672496739,1.968976507710488,1.305806164786251
1.5515443969954135,1.3357362927117145,0.215808104283699
3.1030887939908265,3.5491303935862257,-0.44604159959539924
4.638494747447328,3.4332563063453767,1.205238441101951
7.433563860010935,3.6728449840778454,3.7607188759330894
3.274782672496739,2.0295837107181214,1.2451989617786174
2.568584834392512,2.3965515239510213,0.17203331044149062
6.700096612073504,4.711809686832579,1.9882869252409252
3.1030887939908265,2.8841452731257515,0.21894352086507496
6.472135310621638,7.9578875350664,-1.4857522244447612
3.4356281650963334,2.1619179223226976,1.2737102427736358
2.3273165954931203,1.477542193252113,0.8497744022410074
5.169714826503976,4.7961221534949,0.3735926730090764
3.951706187502716,1.9708690263022046,1.9808371612005116
10.18854513168169,3.3003009846629094,6.888244147018781
11.369602985636615,6.812619094113739,4.556983891522876
0.8397438743811806,0.3275106651588082,0.5122332092223724
12.395348593136328,7.8632585464199165,4.532090046716411
6.275804377036033,6.454631434798278,-0.17882705776224483
1.3371012905214323,0.9592609182546832,0.37784037226674916
5.107932503991748,3.533499630788276,1.574432873203472
6.650092296764182,3.776771743671543,2.873320553092639
12.837485544892793,11.877421393918091,0.9600641509747021
17.730640902978564,5.304677721778107,12.425963181200457
10.656539926832279,6.526126702843226,4.130413223989053
9.821541553556793,9.809523258892698,0.012018294664095208
8.936262721185809,8.097883375515204,0.8383793456706048
12.842898867320091,9.824306369171456,3.018592498148635
1.4418452909049573,1.013549961019558,0.4282953298853993
7.8165730742406945,0.8016732766092352,7.014899797631459
6.032637246152548,7.983165310488544,-1.9505280643359955
49.67097789093501,48.79656665566403,0.8744112352709834
5.320073837411345,5.0499138378553,0.2701599995560455
6.650092296764181,5.669463452221806,0.980628844542375
22.914844395976047,15.344968990619844,7.569875405356203
9.822225010022844,3.1271391143921052,6.695085895630739
2.4591927128364066,1.6101689735100013,0.8490237393264053
2.063883180480259,1.0463011759022764,1.0175820045779824
10.692788741916981,9.394177386539331,1.2986113553776502
1.7157004646763476,1.484375803074204,0.2313246616021436
7.754399246512502,6.845307080721901,0.909092165790601
2.127427895208969,1.6923730772697587,0.4350548179392104
13.733017044939961,8.505400775861387,5.227616269078574
6.271812870386823,4.976753464278987,1.2950594061078355
11.32608030321828,3.0508203113210506,8.27525999189723
3.1675254013701424,2.61369660277571,0.5538287985944326
5.59982990479231,4.081787693942866,1.518042210849444
18.264944755281622,17.134175115433074,1.1307696398485483
13.910301995228235,25.480866934354736,-11.570564939126502
11.277805140002119,9.601406617236405,1.676398522765714
25.198717729921718,29.852106146949303,-4.653388417027585
7.599670419203639,6.915859189746259,0.6838112294573797
8.528851141910664,8.30315143083808,0.22569971107258446
9.153674364762125,8.10120243801584,1.0524719267462856
2.376151404013985,1.603379730001773,0.7727716740122121
3.7294735956253984,2.504924582538983,1.2245490130864152
9.379887689088832,1.8396987573714374,7.540188931717395
9.379887689088832,1.5671619226340014,7.812725766454831
4.844257575789734,3.5837475392729985,1.2605100365167354
9.379887689088832,4.154946834374108,5.224940854714724
6.088706406462254,2.773158496520814,3.3155479099414404
3.677916007022394,2.6175687458909334,1.0603472611314606
3.2390707992999106,2.2051750193571356,1.033895779942775
16.577483988120036,14.210036023475812,2.3674479646442244
9.379887689088832,4.811653803044761,4.568233886044071
1.8348615819012446,1.3169110951858283,0.5179504867154163
9.379887689088832,4.350095369633266,5.0297923194555665
9.456085822978038,9.24671967791086,0.2093661450671771
7.196448036875661,7.862669653963322,-0.6662216170876611
7.6941866910880945,7.430355865128854,0.2638308259592401
0.7209226454524786,0.20698365015920772,0.5139389952932709
3.432080705945085,2.5542064040054613,0.8778743019396238
8.827672844514245,6.780119609994627,2.0475532345196177
7.202927842156917,5.600203937545629,1.6027239046112882
23.48819599123391,22.835946148288276,0.6522498429456327
17.53482266557623,12.07740790138155,5.457414764194679
11.285873102361471,9.43364125220511,1.852231850156361
7.8165730742406945,1.6388957590485476,6.177677315192147
13.931626894208826,4.970187312097769,8.961439582111057
8.458109433805857,8.02691031918576,0.43119911462009775
0.8203271437408708,1.2327495626829004,-0.4124224189420296
9.379887689088832,1.3922234881226982,7.987664200966134
9.461404660561307,10.46347901829781,-1.0020743577365039
17.093498343992465,16.236672939930806,0.8568254040616594
3.2661431904467886,3.1542336962068704,0.11190949423991814
9.864256993806201,9.090819031198606,0.7734379626075949
7.8165730742406945,1.9477227303386726,5.868850343902022
7.8165730742406945,1.9399979722639975,5.876575101976697
3.6561450925792074,2.309263636740855,1.3468814558383522
7.8165730742406945,1.3894080715643107,6.427165002676384
6.253258459392556,0.5332997108693873,5.719958748523169
12.94885423971912,5.292623435959073,7.656230803760047
7.8165730742406945,1.5766662739168222,6.2399068003238725
7.8165730742406945,1.2239492374210295,6.592623836819665
6.485222349439061,4.400024852445462,2.085197496993599
9.379887689088832,0.7976427036982042,8.582244985390629
6.253258459392556,0.6795910240770667,5.573667435315489
5.906634526220898,6.218854177049193,-0.31221965082829506
9.153674364762127,2.4220522675813676,6.731622097180759
2.70133429386682,5.2679879684931,-2.56665367462628
7.8165730742406945,1.2524622912694916,6.564110782971203
9.379887689088832,1.4200257266367764,7.959861962452056
9.379887689088832,3.9228240920158783,5.457063597072954
6.341482379069715,4.018589293310445,2.3228930857592704
2.332621873281057,0.3725997557402741,1.9600221175407828
8.024575778793796,8.162746871151787,-0.1381710923579913
6.253258459392556,0.6740972688134634,5.579161190579092
3.3273367055615606,3.731298111869521,-0.4039614063079604
6.153189562109668,7.0021116876918486,-0.8489221255821802
5.738662804459885,5.331352660844958,0.4073101436149269
1.9902354150401282,3.0679498177833953,-1.077714402743267
1.0810816659658498,0.507440841551291,0.5736408244145588
13.100143529259576,11.357011887383102,1.7431316418764737
10.048438334349548,0.49717241921235,9.551265915137199
8.07564610486848,2.382109284306631,5.693536820561848
52.564094571589756,41.493090644750836,11.07100392683892
6.253258459392556,0.1774647036639918,6.075793755728564
4.568474520601234,1.8586286953071713,2.709845825294063
5.075704502055114,4.678400261733838,0.39730424032127587
7.827536296249214,6.548940570957814,1.2785957252913995
3.4998692268788685,6.610335948812497,-3.1104667219336286
3.5689665506302872,1.4524056812192025,2.1165608694110847
10.579475666344376,9.444397820164466,1.1350778461799091
7.8165730742406945,1.0994201660503815,6.717152908190313
1.35129019858197,0.9110096711088937,0.44028052747307633
12.246191497483052,8.46971084452311,3.7764806529599415
2.1627679363574357,2.0059842978512084,0.15678363850622734
5.853203810930904,1.701919309545341,4.151284501385563
7.8165730742406945,1.1496744922108375,6.666898582029857
0.7209226454524785,0.40281598191334367,0.31810666353913486
13.789185914050549,1.8704923759788021,11.918693538071746
3.179106611006904,1.1092741240047383,2.0698324870021656
1.7472762696961435,1.1508015182409563,0.5964747514551871
0.7209226454524786,0.6008862088805571,0.12003643657192153
3.8475518751487563,1.3427536284562889,2.5047982466924674
15.007775228709757,15.999732353869451,-0.9919571251596935
1.3371012905214323,0.42432040172121877,0.9127808888002136
1.441845290904957,0.8687681098519126,0.5730771810530445
6.737102342065272,1.850884409076725,4.886217932988547
6.889193458505575,4.168387113445373,2.7208063450602022
35.54141302368659,23.205032053609035,12.336380970077553
4.220791872331347,3.988575752289862,0.23221612004148495
4.634351812636201,1.147986101682569,3.4863657109536317
5.127618181454819,5.620053252393934,-0.49243507093911454
9.379887689088832,1.5090632752957864,7.870824413793046
8.049927379333534,4.3870463779282645,3.6628810014052693
8.084753908771505,5.85547415090552,2.229279757865985
7.8165730742406945,0.12085742785343179,7.695715646387263
1.5633146148481387,0.6857550331501374,0.8775595816980013
2.1627679363574357,2.1027642420457844,0.06000369431165131
4.03340566215774,1.628412186456624,2.4049934757011164
2.4564516412670434,4.745391580559735,-2.2889399392926917
18.915572086217335,17.841745708035877,1.073826378181458
6.131141262879183,1.3137125550921143,4.8174287077870686
14.613670014638389,15.329652415390917,-0.7159824007525284
6.852711780901853,4.994804990455728,1.8579067904461244
10.40932555787695,8.180270067361715,2.229055490515236
7.593317661903951,1.4062919768469984,6.187025685056953
2.162767936357436,1.8422600903200914,0.3205078460373447
10.048438334349548,0.870958411945002,9.177479922404546
3.1266292296962774,0.2463489488589201,2.8802802808373573
1.441845290904957,1.1299617636242463,0.3118835272807108
4.689943844544417,0.3777850723906673,4.31215877215375
11.242265098277603,12.567784422120656,-1.3255193238430536
6.633225882205444,6.591246272885843,0.04197960931960143
2.1627679363574357,1.9299680507747414,0.23279988558269427
3.3271769895979224,2.99187474360623,0.33530224599169234
1.5633146148481387,0.35271703649579256,1.2105975783523462
6.802493515200482,2.1684001445250334,4.6340933706754495
4.131729310753924,2.014922471958002,2.116806838795922
7.948047169928321,5.460607378595281,2.48743979133304
8.158713025074997,4.705372459456829,3.453340565618168
6.05249636032905,5.325041442844347,0.7274549174847031
6.05249636032905,5.169199630634042,0.883296729695008
6.161958277383494,1.898760716333582,4.263197561049912
12.146987420915892,1.802974273601591,10.3440131473143
10.75595940636997,0.29566721772974636,10.460292188640222
1.2823412524300828,0.3525543328420899,0.9297869195879929
4.038510594073393,3.3364195277326685,0.7020910663407243
9.872006161439957,3.2026611527242266,6.66934500871573
4.448772522555997,1.1143012318501797,3.334471290705817
7.049349661628462,0.8943743128022064,6.154975348826255
3.649587519779739,3.8309891402651366,-0.18140162048539743
7.616668770128911,6.850686299022724,0.7659824711061862
3.0347399853820685,2.198998411084738,0.8357415742973306
1.7795090090223984,0.2375951953961391,1.5419138136262593
3.649587519779739,2.0412040264636233,1.6083834933161159
5.916456703820059,5.649676571594537,0.2667801322255219
15.746255348865214,12.59090816081305,3.155347188052163
10.75595940636997,1.6991430788518609,9.056816327518108
4.448772522555997,0.8478063269664524,3.6009661955895442
3.450985558000071,1.455639825428081,1.9953457325719899
9.721536724557534,1.9471324612515915,7.774404263305943
4.417311846810392,1.936257944327054,2.481053902483338
1.8247937598898698,0.551629531387607,1.2731642285022629
1.8247937598898698,0.8657971898363458,0.958996570053524
1.8247937598898698,0.6884088075113827,1.1363849523784872
5.97532621291634,3.673969313645242,2.3013568992710978
11.583636979009974,5.983827941564477,5.599809037445497
10.85289465674905,6.981927696562208,3.870966960186843
1.8247937598898698,0.6673411852886215,1.1574525746012483
3.649587519779739,1.9051085489536799,1.7444789708260593
12.146987420915892,2.3073958073917447,9.839591613524147
6.981938562029629,0.22602888022392142,6.755909681805707
5.2815645954623935,3.792139407446073,1.4894251880163205
6.291447622297101,6.124259032606236,0.16718858969086448
3.649587519779739,8.559391711439448,-4.909804191659708
1.8247937598898698,0.409501315339773,1.4152924445500967
5.129365009720331,4.914284824071048,0.215080185649283
0.8363625164509951,0.7794313627197318,0.05693115373126334
16.92605401905818,2.387174067879272,14.53887995117891
14.676368054385524,5.59917991898641,9.077188135399114
17.81580852356938,2.967794530385607,14.848013993183773
10.75595940636997,1.3853675579936218,9.370591848376348
12.146987420915892,0.18797497389789308,11.959012447017999
2.669263513533598,0.994883348760242,1.6743801647733558
12.535468415392367,1.5151383455192202,11.020330069873147
4.448772522555997,5.263875805802156,-0.8151032832461595
5.336444820571562,1.419072924354022,3.91737189621754
1.8644194630136737,0.9451451854462415,0.9192742775674322
8.102507348429352,5.422327298176661,2.680180050252691
3.649587519779739,1.9046849495739457,1.7449025702057934
3.688507958187796,2.2472805461554577,1.4412274120323385
1.7795090090223984,0.23900182309540313,1.5405071859269952
3.649587519779739,1.5100456050123379,2.1395419147674013
2.669263513533598,0.9571598026798425,1.7121037108537553
7.8282071291692175,2.6919938051048775,5.1362133240643395
5.21245114889442,2.1491845386260553,3.0632666102683648
10.75595940636997,0.9880374744199156,9.767921931950054
13.75708352385455,1.9497552151056483,11.807328308748902
7.17176964359514,1.7745798430396345,5.3971898005555055
12.58075316625984,3.218155575492807,9.362597590767033
2.669263513533598,0.9524866089522622,1.7167769045813355
10.75595940636997,0.7531010136356473,10.002858392734321
10.75595940636997,1.666504660723553,9.089454745646417
22.981179041188717,4.481996003830448,18.49918303735827
8.330294780044108,2.1001308777059915,6.230163902338116
15.191829760903255,4.100040465814281,11.091789295088974
1.8247937598898698,0.8872899215198172,0.9375038383700526
5.685301680883691,4.235580497020053,1.4497211838636375
22.72184628010572,6.233715357569828,16.48813092253589
1.6241842041556285,0.8930053725275091,0.7311788316281194
5.1214948712852255,2.7301512145076625,2.391343656777563
6.981938562029629,0.73247454095406,6.2494640210755685
10.75595940636997,0.666908782792754,10.089050623577215
10.75595940636997,0.39511791503229454,10.360841491337675
1.2178842285511657,0.5217823931240799,0.6961018354270858
10.75595940636997,1.8696121677957405,8.88634723857423
7.2266887187727455,2.641402713088397,4.585286005684349
4.4258279937486495,2.5129311270940287,1.9128968666546209
2.4559064711084835,0.997284998364974,1.4586214727435096
10.75595940636997,1.1078151944121692,9.648144211957801
3.893022972164687,2.1411130253698643,1.751909946794823
4.787900750504353,2.363596508486279,2.4243042420180743
16.19050125539432,4.186060619726144,12.004440635668177
11.525055156488408,13.3213052816419,-1.7962501251534917
4.820259296214897,1.2099132250167663,3.610346071198131
20.13298714074203,4.528873156025545,15.604113984716486
10.606329260543365,7.65050273205631,2.955826528487055
7.230388944322346,1.2110442870593834,6.0193446572629625
18.661784395623645,10.921066882397795,7.7407175132258494
4.820259296214897,1.0906585944536376,3.7296007017612594
4.678508468895778,4.470245492146444,0.20826297674933425
11.525055156488408,11.317351669611606,0.2077034868768024
7.230388944322346,2.6157327715179415,4.614656172804405
7.230388944322346,1.5960235336715614,5.634365410650785
4.820259296214897,0.7505404554223929,4.069718840792504
9.398488795311028,5.583062736134835,3.8154260591761933
16.70295765874476,1.7427026195595956,14.960255039185165
5.731861642953021,1.3957128877451708,4.33614875520785
11.525055156488408,4.766573834174227,6.758481322314181
4.820259296214897,0.8485740508478454,3.971685245367052
5.321774501399509,5.3080860322641925,0.013688469135316517
3.883426876692264,3.410864327018755,0.4725625496735093
4.22470504044528,2.7891989970939397,1.4355060433513405
6.361335972465324,6.280237557015086,0.08109841545023766
4.904031731747734,2.1635601072348427,2.7404716245128915
23.581973128218806,24.235444286553985,-0.6534711583351793
7.230388944322346,4.862132644143546,2.3682563001787997
14.955084638485676,1.1650325632428442,13.790052075242832
7.230388944322346,1.8476706367610474,5.382718307561299
17.997433284308848,2.3345120559618375,15.66292122834701
6.7229023838511,2.294763304178434,4.428139079672666
1.6464364509269154,0.6056302319084852,1.0408062190184302
4.423259811809104,1.78788592879414,2.6353738830149642
7.230388944322346,1.2842497057377442,5.9461392385846015
7.766853753384528,12.85360500428289,-5.086751250898362
3.933122772258428,2.238694942922983,1.694427829335445
7.230388944322346,5.108258812454785,2.1221301318675607
16.19050125539432,5.0224093849737645,11.168091870420556
16.70295765874476,1.7799684944958198,14.922989164248941
16.19050125539432,3.941751218520835,12.248750036873485
4.925057330647792,2.740724909553204,2.1843324210945876
9.640518592429796,3.4717141496675,6.168804442762296
7.218756227583451,5.966924811226113,1.251831416357338
4.820259296214897,0.9265101160760432,3.8937491801388537
7.230388944322346,2.0254089577437453,5.204979986578601
7.230388944322346,1.3798956919929468,5.850493252329399
9.640518592429796,2.8123049788216905,6.8282136136081055
8.15534102956459,7.925953980264951,0.22938704929963993
7.766853753384528,8.095936176243494,-0.32908242285896616
17.731811945283834,16.838734676609274,0.8930772686745598
9.640518592429796,6.918041749288892,2.722476843140904
9.640518592429796,6.745750377697952,2.894768214731844
0.692817783520974,0.6466679147173565,0.04614986880361749
8.304964359919836,6.91823422612042,1.386730133799416
14.955084638485676,2.092464778841763,12.862619859643914
9.640518592429796,6.612599657268714,3.0279189351610825
2.970029160145713,2.618408628658747,0.35162053148696604
11.525055156488408,9.33633521334,2.188719943148408
17.018642175939902,7.480041200607873,9.538600975332029
8.128729968917321,5.449456630180926,2.6792733387363956
26.126683451203608,5.854700293170073,20.271983158033535
14.271848666214156,3.3970640548547673,10.874784611359388
11.720940233360109,9.127701985029216,2.593238248330893
7.230388944322346,2.2050325136251834,5.025356430697163
8.025165037248119,7.4090252060857615,0.6161398311623572
5.12406857500433,4.7522595234187985,0.37180905158553124
7.230388944322346,7.123186556531082,0.10720238779126401
4.939309352780746,2.458201408354053,2.4811079444266926
23.239773578499893,12.365724994787522,10.874048583712371
3.2928729018538307,2.016855132864326,1.276017768989505
4.820259296214897,1.1280872453015387,3.692172050913358
9.640518592429796,3.50661549269683,6.133903099732966
4.820259296214897,0.986447681453974,3.833811614760923
21.6138910174611,17.77874673660959,3.835144280851509
21.408577905349393,10.94551602626952,10.463061879079874
4.820259296214897,0.44418181581782334,4.376077480397074
7.230388944322346,1.2314258499168333,5.998963094405513
14.271848666214156,1.259679954891922,13.012168711322234
17.997433284308848,1.8964895025611468,16.100943781747702
11.525055156488408,19.293061692335435,-7.768006535847027
11.525055156488408,5.095002491066044,6.430052665422364
11.525055156488408,9.731090320860552,1.7939648356278557
14.955084638485676,1.3768126090569552,13.578272029428721
6.566398027769127,3.6860280121259676,2.8803700156431593
4.820259296214897,0.45091189533026443,4.3693474008846325
11.525055156488408,16.862644051874252,-5.337588895385844
6.039352312708113,0.9018809623373614,5.137471350370752
0.5834255019123991,0.6319477797290638,-0.04852227781666474
7.230388944322346,1.9825901804160955,5.247798763906251
16.70295765874476,1.8420153265479615,14.8609423321968
21.408577905349393,5.863961550741321,15.544616354608072
16.19050125539432,4.773818020266811,11.41668323512751
16.937723008526604,3.9462754666913042,12.9914475418353
5.940204402745216,4.1326939054434995,1.8075104973017169
15.47388666312367,12.499517710539603,2.974368952584067
7.230388944322346,1.9098790491049917,5.320509895217354
4.616392569845733,4.76975382841826,-0.15336125857252725
7.618263270327506,2.9303929584433783,4.687870311884128
1.1303869099552735,1.1065547778998173,0.0238321320554562
11.525055156488408,14.22514415065889,-2.700088994170482
7.230388944322346,1.6261440566998848,5.604244887622461
13.814049747926532,0.9899222889007416,12.82412745902579
14.955084638485676,1.5085136042676992,13.446571034217977
25.659953543982514,6.354441317063179,19.305512226919333
7.7437509297440075,6.910084309540588,0.8336666202034193
11.525055156488408,1.907455344727955,9.617599811760453
5.850236978472493,7.217887990344719,-1.3676510118722263
5.392438060184869,4.085396097933216,1.3070419622516534
18.479495846832442,4.8872516367099585,13.592244210122484
16.19050125539432,5.822711375309417,10.367789880084903
13.356250829638906,2.1864763128649587,11.169774516773948
0.8386741589990738,0.9255319114444496,-0.08685775244537575
13.81174147781992,0.4545657559132503,13.35717572190667
5.87771801843112,1.7688722362048175,4.108845782226303
16.19050125539432,4.963490105738189,11.227011149656132
7.230388944322346,0.9819284826676242,6.248460461654722
1.2762432854333732,1.3214040997402199,-0.04516081430684671
3.9079785065431727,2.3905804172172886,1.517398089325884
5.280738117392774,9.019397205118311,-3.7386590877255372
7.701408158789484,7.215858422509612,0.4855497362798715
2.3176020788196916,1.5236752855759077,0.7939267932437839
4.678100008878174,3.5572790332274766,1.1208209756506977
37.49821415200053,15.800921286720502,21.697292865280026
6.838402400533079,8.958287509660758,-2.1198851091276794
5.617263093731284,5.294791213038616,0.3224718806926683
31.42582584562998,18.215004578786886,13.210821266843094
29.725831853877956,10.225109367455186,19.50072248642277
18.465570509148936,2.5269962527039103,15.938574256445026
34.950121628915944,9.39223061664469,25.557891012271256
2.695492855576319,1.029503646156831,1.665989209419488
3.6272766382438055,4.168859677212624,-0.5415830389688185
32.364235246960575,18.30274322652323,14.061492020437345
12.167499358783221,10.566808409140261,1.60069094964296
2.901046832211733,2.4881026545804668,0.4129441776312661
31.652117387562672,5.704272036636807,25.947845350925867
4.678100008878174,0.7684446848921463,3.909655323986028
3.106165403156555,1.4151646528219335,1.6910007503346216
2.94338917635002,1.0369988288572927,1.9063903474927275
4.678100008878174,2.9153637422978593,1.762736266580315
4.45767864118158,4.038233010317995,0.419445630863585
4.678100008878174,1.3688695766253056,3.3092304322528685
7.017150013317261,4.551577364114112,2.465572649203149
25.76822676425403,1.224234970503447,24.543991793750585
4.678100008878174,3.0878580042708554,1.590242004607319
4.235774487334216,3.1773446760757724,1.0584298112584434
4.587785222240877,4.31245751307479,0.2753277091660866
4.678100008878174,1.37037845817283,3.3077215507053443
25.76822676425403,20.766598934301808,5.001627829952223
5.23287347874776,5.00065577964689,0.23221769910086998
4.678100008878174,1.3701486766365676,3.3079513322416068
30.46466412196066,16.313517249545367,14.151146872415293
2.1790522876631226,1.986741881436178,0.19231040622694473
3.1758603194029984,6.186978659804328,-3.01111834040133
1.5215280509859639,1.856318014510632,-0.33478996352466805
6.161691652566643,4.193878973365214,1.9678126792014288
6.800061288740337,5.401473080457986,1.3985882082823506
3.2275413134729662,3.1253247377404976,0.10221657573246867
8.303870506455418,8.778154926076287,-0.47428441962086865
31.702185938121865,15.650378820350259,16.051807117771606
4.310751390672101,2.7035162181472656,1.607235172524835
7.923121887115856,4.970504455479045,2.9526174316368117
3.885065550150124,3.5448136154294536,0.3402519347206705
1.0085425800397165,0.7977069675463436,0.2108356124933729
4.678100008878174,1.8974928087362732,2.780607200141901
8.79784384782693,7.629181372109239,1.1686624757176913
18.465570509148936,1.7725746424631599,16.692995866685777
4.235774487334216,1.9909288548046409,2.244845632529575
4.235774487334216,2.7161133730281772,1.5196611143060386
4.235774487334216,2.290943992086838,1.9448304952473778
18.465570509148936,2.1336253568396923,16.331945152309245
4.678100008878174,1.0686292300363398,3.6094707788418345
3.1387730745663243,1.8662117100202433,1.272561364546081
3.3630886743225488,3.2865116505722125,0.07657702375033626
4.678100008878174,1.3159788479010568,3.3621211609771176
4.678100008878174,0.8283072730971981,3.8497927357809765
3.7840619958266766,1.0830865686678635,2.700975427158813
4.235774487334216,2.705234786998224,1.530539700335992
18.465570509148936,1.724222071700033,16.741348437448902
27.129345041814418,4.3876218333697565,22.74172320844466
27.129345041814418,6.618374769631661,20.510970272182757
27.129345041814418,3.2939998258940437,23.835345215920373
5.6492511698475125,2.546276949298978,3.1029742205485347
4.204965920896646,3.3402247373293146,0.8647411835673311
2.3898892918607055,1.2343795873617276,1.155509704498978
6.596474670854191,3.2154697203970626,3.381004950457128
27.129345041814418,5.281079933404365,21.848265108410054
3.325508365999666,3.152940810211358,0.17256755578830774
3.9137685359241603,3.121146449099983,0.7926220868241773
4.696522243108992,2.2669379472410403,2.429584295867952
6.1282291829393865,2.6114961398837395,3.516733043055647
5.6492511698475125,4.800419317220754,0.8488318526267582
12.685100380542597,7.853087705887029,4.832012674655568
1.8202041227346517,1.00057936703227,0.8196247557023817
7.90095700065195,5.349022752689907,2.551934247962043
1.8362916141813095,0.9055805940141597,0.9307110201671498
4.953835097150888,1.526468120493323,3.4273669766575647
11.663230349861111,11.752980228948626,-0.08974987908751508
22.880277612152984,1.8781965695711158,21.002081042581867
9.907670194301774,3.3425151376969566,6.565155056604818
4.953835097150888,5.582705145432108,-0.62887004828122
9.907670194301774,4.739694853022133,5.167975341279641
1.3818272929523334,0.6637829381043079,0.7180443548480255
7.476610238874511,9.405740645217072,-1.9291304063425612
4.953835097150888,14.63930869141329,-9.685473594262403
4.953835097150888,1.7085380959299061,3.245297001220982
13.254994024649736,12.799629337374416,0.45536468727532053
7.989726183497421,8.077378427832468,-0.0876522443350467
5.602674073713313,1.1325368702875784,4.470137203425734
16.875239784121614,15.099534847979433,1.7757049361421817
9.907670194301774,4.240591306366589,5.667078887935185
4.953835097150888,1.8241899985966041,3.129645098554284
8.167870048257539,6.38278250609355,1.7850875421639891
1.6889000247195187,1.5238171866704762,0.16508283804904256
9.907670194301774,4.751673539723559,5.155996654578215
9.509165117824537,3.0920173981954324,6.417147719629105
11.932262458982882,5.2087829509772465,6.723479508005635
4.181020838378179,2.906507879455051,1.2745129589231277
22.880277612152984,3.681333535205303,19.19894407694768
18.62100365692705,13.305230788235445,5.315772868691607
2.523776568400404,2.1892636838994295,0.3345128845009744
4.953835097150888,1.1931880937676091,3.760647003383279
3.7888748291215615,3.01446538157027,0.7744094475512915
4.953835097150888,2.2417381542612076,2.7120969428896804
14.086923613540787,9.96772378674242,4.119199826798367
2.1458096182959747,2.5662387786056273,-0.4204291603096526
3.590502047333898,2.7427310144275148,0.8477710329063832
1.7923466629186104,1.7765798134417694,0.01576684947684104
3.122321990856904,2.70552464752776,0.4167973433291441
9.391282409027191,9.866151313950825,-0.47486890492363365
14.086923613540787,8.412604701192201,5.6743189123485855
9.391282409027191,1.197295009168956,8.193987399858235
9.391282409027191,25.244497670526965,-15.853215261499773
1.443623566473039,3.6363740497608474,-2.192750483287808
2.6284626541538696,2.4015524015882423,0.22691025256562725
7.034539016117294,8.231315571127833,-1.1967765550105396
9.391282409027191,12.6276707683457,-3.236388359318509
14.086923613540787,7.330631371981193,6.756292241559594
14.086923613540787,4.69926687230333,9.387656741237457
9.391282409027191,14.282323250134247,-4.891040841107056
3.5831070820096595,3.58591890932809,-0.0028118273184305487
9.391282409027191,10.899549470465212,-1.508267061438021
15.741661866056418,10.924554289326547,4.817107576729871
14.086923613540787,6.699402305791771,7.387521307749016
14.086923613540787,4.540836549293114,9.546087064247672
9.391282409027191,9.720811734339318,-0.32952932531212653
14.086923613540787,7.717785106408281,6.369138507132505
11.915136251898755,20.382458189987247,-8.467321938088492
14.086923613540787,8.86350676064688,5.223416852893907
1.0513850616615477,0.5415789046811427,0.509806156980405
11.915136251898755,15.878963079943889,-3.963826828045134
14.086923613540787,8.631921179368804,5.455002434171982
14.086923613540787,5.621103161435155,8.465820452105632
9.391282409027191,6.211510848567483,3.1797715604597085
10.44266747068874,4.512335818473273,5.930331652215466
14.086923613540787,7.152719554551252,6.934204058989534
9.391282409027191,4.321549177971882,5.069733231055309
9.391282409027191,3.2274851585770206,6.163797250450171
8.208979716595422,5.8748596615325495,2.334120055062873
8.793800681891822,7.593584364156533,1.200216317735289
8.793800681891822,9.910864378777223,-1.1170636968854009
8.793800681891822,7.218533975309456,1.575266706582366
8.793800681891822,14.517023557497465,-5.723222875605643
8.793800681891822,4.113426526142639,4.680374155749183
13.253899714099873,10.040328145610399,3.213571568489474
5.8715262347474075,4.874437379339673,0.9970888554077346
22.263586079090352,0.2505412240575865,22.013044855032767
8.171923085472743,0.5639208125516171,7.6080022729211265
2.1954213505054536,0.7292703031852621,1.4661510473201915
1.478789301425607,0.33502693292020036,1.1437623685054068
2.927228467340605,0.4111203741858056,2.5161080931547994
1.4636142336703026,0.2766056544379296,1.187008579232373
5.76259607580992,0.9811436810122653,4.781452394797655
8.171923085472743,2.321676866693205,5.850246218779539
8.171923085472743,2.3410564732599264,5.830866612212817
2.2181839521384106,1.7181639342845116,0.5000200178538989
8.171923085472743,2.516697218672358,5.655225866800385
7.151171881893266,6.037728190346674,1.1134436915465917
8.171923085472743,2.5804354321198475,5.591487653352896
22.263586079090352,0.3928043796738819,21.87078169941647
8.171923085472743,2.8363992171053214,5.335523868367422
6.81034081686627,2.3503586844119524,4.459982132454318
8.171923085472743,1.6116080820885388,6.560315003384204
8.171923085472743,1.3156654459942796,6.856257639478463
2.1954213505054536,0.3557227089925983,1.8396986415128553
2.1954213505054536,0.8679944097422885,1.3274269407631651
7.904015987358264,0.8596793472997546,7.044336640058509
8.171923085472743,2.8521914341498604,5.319731651322883
8.171923085472743,2.6377898832791735,5.534133202193569
5.76259607580992,0.3731361640903601,5.389459911719561
6.81034081686627,5.712945613370382,1.0973952034958874
8.171923085472743,2.671201888467376,5.500721197005367
5.280080143197289,3.2522545408170975,2.027825602380191
5.131207518785211,0.6840115694096309,4.44719594937558
4.976787520017659,1.192990791828659,3.783796728189
9.612718164314778,2.455419526300297,7.157298638014481
7.334213187394444,2.914692827634875,4.419520359759569
7.4504258616129775,2.7162456563916493,4.734180205221328
6.81034081686627,1.0545106321849353,5.755830184681335
6.81034081686627,0.7980499273699366,6.012290889496333
1.0583849132972027,0.28354173413606265,0.7748431791611401
8.171923085472743,2.117076479599561,6.054846605873182
3.175154739891608,2.1481712050903186,1.0269835348012895
8.171923085472743,3.136853451254537,5.035069634218206
8.171923085472743,2.4873353048309164,5.684587780641827
8.171923085472743,4.87067042235982,3.3012526631129235
2.1167698265944055,2.016274830399108,0.10049499619529767
5.930803222202185,6.3189640395404965,-0.38816081733831176
6.786004475333053,3.5690630477894514,3.2169414275436017
8.171923085472743,1.874115997375165,6.297807088097578
8.171923085472743,1.9278729804269836,6.244050105045759
16.350446543674412,5.386326922948875,10.964119620725537
3.175154739891608,1.8799133190768318,1.2952414208147762
3.175154739891608,3.192139863748449,-0.01698512385684081
8.171923085472743,1.6305894983015845,6.541333587171159
8.171923085472743,5.422360962191029,2.749562123281714
8.171923085472743,7.283111123907814,0.8888119615649295
1.8703373732481983,1.3402353715762219,0.5301020016719764
6.81034081686627,1.923493734981999,4.886847081884271
3.175154739891608,2.959808893165274,0.21534584672633406
8.171923085472743,1.8187779265865283,6.353145158886215
3.175154739891608,2.7363414031523674,0.4388133367392406
3.175154739891608,2.971357375980395,0.20379736391121295
1.0583849132972027,0.4893996644982672,0.5689852487989355
8.361967808390714,3.1651719746321882,5.196795833758526
7.981878362554773,4.103679936698751,3.878198425856022
8.171923085472743,3.611876256951919,4.560046828520824
8.171923085472743,4.809709409522723,3.36221367595002
8.171923085472743,2.7627122839330007,5.409210801539743
8.171923085472743,3.2628619956743963,4.909061089798347
5.131207518785211,1.0804867642143599,4.050720754570851
8.171923085472743,2.690677534066743,5.481245551406
1.4962698985985587,1.3706066063334454,0.1256632922651133
22.263586079090352,1.387063040668795,20.876523038421556
2.927228467340605,0.6669448071523931,2.260283660188212
0.7393946507128035,0.4144198279053781,0.3249748228074254
8.171923085472743,1.619739568179806,6.552183517292937
8.171923085472743,2.016537012633423,6.15538607283932
5.76259607580992,0.7616340568977162,5.000962018912205
7.334213187394444,2.879333244078052,4.454879943316392
8.171923085472743,3.4964715171963148,4.675451568276428
8.171923085472743,3.0836829968966843,5.088240088576059
6.81034081686627,1.769745671672984,5.0405951451932856
6.81034081686627,0.45049636600871046,6.359844450857559
7.41174419380086,2.815149986953109,4.596594206847751
5.76259607580992,0.2958851345270883,5.466710941282832
22.263586079090352,2.9556444701076514,19.307941608982702
8.171923085472743,0.6666355106994064,7.5052875747733365
6.81034081686627,0.846437857930797,5.963902958935472
6.240298817817181,1.1438411137623645,5.096457704054817
5.76259607580992,0.797854995780447,4.964741080029473
22.263586079090352,0.7257839863920649,21.537802092698286
1.1226295687103045,0.4693875976167974,0.6532419710935071
22.263586079090352,0.31914580214183763,21.944440276948516
8.171923085472743,2.240282519112976,5.931640566359768
8.171923085472743,2.2356314135369626,5.936291671935781
22.263586079090352,3.3921052305679926,18.87148084852236
2.0493198535917845,0.6138391714554957,1.4354806821362889
6.81034081686627,0.9762552509573981,5.834085565908872
3.929442390334559,1.8007530421797382,2.128689348154821
16.350446543674412,1.2084780601747056,15.141968483499706
8.171923085472743,1.922602687970923,6.24932039750182
8.171923085472743,3.016241966044494,5.155681119428249
2.1167698265944055,1.7333497726684965,0.38342005392590894
8.171923085472743,0.9158450715519384,7.2560780139208045
8.171923085472743,7.347562702335845,0.8243603831368977
10.940022397880076,4.306747381857822,6.633275016022254
22.263586079090352,0.8927942500206388,21.370791829069713
2.8315974358331895,1.3908577089441903,1.4407397268889992
2.1167698265944055,1.537871338678496,0.5788984879159096
3.6150728405147494,2.0239244709354898,1.5911483695792596
13.473873761632325,5.306808757862017,8.167065003770308
8.109951361711211,1.864014211251799,6.245937150459412
26.864213885668388,2.4998520927591756,24.36436179290921
7.310867531224755,5.43745218829029,1.8734153429344644
3.6150728405147494,1.278515853467056,2.336556987047693
2.2984872952059447,1.7395821337869821,0.5589051614189626
7.179560446618542,6.104392284048798,1.075168162569744
9.089161832080897,6.10010020897531,2.989061623105587
15.969187241125935,13.245872104905319,2.7233151362206165
9.741968812327356,2.7492481467898933,6.992720665537462
18.05869580094179,10.858759254635082,7.199936546306709
5.349876462226204,3.833033366695691,1.516843095530513
26.864213885668388,2.8198749427229974,24.04433894294539
3.2880333986362396,3.0241039298550287,0.2639294687812108
3.6150728405147494,3.1212543391732,0.49381850134154925
3.6150728405147494,2.9805314773186176,0.6345413631961319
11.265791877277149,11.278344080850767,-0.01255220357361786
11.370891770819185,11.61642570577445,-0.2455339349552652
8.226049052803237,8.604099496358936,-0.37805044355569883
2.5128826245165277,2.722028488173711,-0.20914586365718346
2.7113046303860617,2.0342471305407743,0.6770574998452874
24.09672446143368,12.22232710033191,11.87439736110177
8.586388712749967,5.233208995888365,3.353179716861602
5.023472972102974,1.0578350507991956,3.9656379213037782
3.1018959751902226,2.404620105176793,0.6972758700134296
12.507476006679504,4.031630624312666,8.475845382366838
14.375074204202132,9.838008875553125,4.537065328649007
4.045715312892021,1.629737103178096,2.4159782097139253
7.637679307414252,7.508431573499685,0.1292477339145668
27.371085845775337,2.057347807732355,25.31373803804298
5.187302045193734,5.3937803438553065,-0.20647829866157252
7.4231768112721355,6.37865300258978,1.0445238086823556
14.160300641172402,7.990129222461142,6.170171418711259
13.422933204368137,11.645099309408188,1.777833894959949
8.948622136245424,3.2896671357569423,5.658955000488482
8.948622136245424,12.558268985763128,-3.609646849517704
13.771138688099102,10.365946771629348,3.4051919164697537
12.424669927419329,11.788550349891878,0.6361195775274506
9.513796836443401,5.190893536391254,4.322903300052147
16.083741561288242,18.98744439421103,-2.903702832922786
