test_idx,candidate_id,CountDeclMethodPrivate,CountDeclMethodDefault,AvgEssential,CountDeclClassVariable,CountDeclClassMethod,AvgLineComment,CountDeclClass,CountDeclMethodProtected,CountDeclInstanceVariable,CountDeclMethodPublic,RatioCommentToCode,AvgLineBlank,PercentLackOfCohesion,MaxInheritanceTree,CountClassDerived,CountClassCoupled,CountClassBase,CountInput_Mean,CountInput_Min,CountOutput_Min,CountPath_Min,MaxNesting_Mean,OWN_COMMIT,MINOR_COMMIT,MINOR_LINE,MAJOR_LINE,proba0,proba1
805,0,0.0,2.0,1.0,0.0,0.0,0.0,1.0,0.0,7.0,5.0,0.35,0.0,81.0,2.0,0.0,12.0,1.0,2.3,1.0,2.0,1.0,1.0,0.0,0.0,1.0,0.0,0.95,0.05
805,1,1.0,0.0,1.0,2.0,0.0,0.0,1.0,0.0,5.0,6.0,0.37,0.0,79.0,2.0,0.0,6.0,1.0,2.1,0.0,1.0,1.0,0.9,1.0,0.0,1.0,0.0,0.96,0.04
805,2,1.0,0.0,1.0,2.0,0.0,0.0,1.0,0.0,5.0,6.0,0.37,0.0,79.0,2.0,0.0,6.0,1.0,2.1,0.0,1.0,1.0,0.9,1.0,0.0,1.0,0.0,0.96,0.04
805,3,0.0,4.0,1.0,0.0,0.0,1.0,3.0,0.0,9.0,4.0,0.29,0.0,75.0,3.0,0.0,12.0,2.0,4.1,1.0,2.0,1.0,1.8,0.0,0.0,2.0,1.0,0.62,0.38
805,4,0.0,4.0,1.0,0.0,0.0,1.0,3.0,0.0,9.0,4.0,0.29,0.0,75.0,3.0,0.0,12.0,2.0,4.1,1.0,2.0,1.0,1.8,0.0,0.0,2.0,1.0,0.62,0.38
805,5,0.0,0.0,1.0,10.0,0.0,2.0,1.0,6.0,0.0,1.0,0.52,0.0,82.0,2.0,4.0,5.0,1.0,5.4,0.0,1.0,1.0,1.3,1.0,0.0,2.0,1.0,0.7,0.3
820,0,8.0,0.0,1.0,1.0,0.0,1.0,2.0,1.0,15.0,17.0,0.27,0.0,82.0,2.0,0.0,5.0,2.0,4.8,1.0,1.0,1.0,1.2,0.3,0.0,3.0,2.0,0.55,0.45
820,1,0.0,4.0,1.0,0.0,0.0,1.0,3.0,0.0,9.0,4.0,0.29,0.0,75.0,3.0,0.0,12.0,2.0,4.1,1.0,2.0,1.0,1.8,0.0,0.0,2.0,1.0,0.62,0.38
820,2,1.0,0.0,1.0,2.0,0.0,0.0,1.0,0.0,5.0,6.0,0.37,0.0,79.0,2.0,0.0,6.0,1.0,2.1,0.0,1.0,1.0,0.9,1.0,0.0,1.0,0.0,0.96,0.04
820,3,3.0,3.0,1.0,3.0,0.0,2.0,3.0,0.0,8.0,15.0,0.53,0.0,90.0,2.0,0.0,3.0,2.0,3.5,0.0,1.0,1.0,0.6,0.7,0.0,2.0,1.0,0.65,0.35
820,4,8.0,4.0,1.0,1.0,0.0,3.0,5.0,1.0,14.0,17.0,0.56,0.0,80.0,2.0,0.0,12.0,2.0,2.8,0.0,1.0,1.0,0.7,1.0,0.0,4.0,3.0,0.77,0.23
830,0,3.0,3.0,1.0,3.0,0.0,2.0,3.0,0.0,8.0,15.0,0.53,0.0,90.0,2.0,0.0,3.0,2.0,3.5,0.0,1.0,1.0,0.6,0.7,0.0,2.0,1.0,0.65,0.35
830,1,1.0,0.0,1.0,2.0,0.0,0.0,1.0,0.0,5.0,6.0,0.37,0.0,79.0,2.0,0.0,6.0,1.0,2.1,0.0,1.0,1.0,0.9,1.0,0.0,1.0,0.0,0.96,0.04
830,2,8.0,0.0,1.0,1.0,0.0,1.0,2.0,1.0,15.0,17.0,0.27,0.0,82.0,2.0,0.0,5.0,2.0,4.8,1.0,1.0,1.0,1.2,0.3,0.0,3.0,2.0,0.55,0.45
830,3,0.0,8.0,1.0,0.0,0.0,2.0,1.0,1.0,15.0,4.0,0.38,1.0,78.0,2.0,0.0,7.0,2.0,5.5,2.0,1.0,1.0,0.9,1.0,0.0,3.0,3.0,0.78,0.22
830,4,8.0,4.0,1.0,1.0,0.0,3.0,5.0,1.0,14.0,17.0,0.56,0.0,80.0,2.0,0.0,12.0,2.0,2.8,0.0,1.0,1.0,0.7,1.0,0.0,4.0,3.0,0.77,0.23
831,0,0.0,0.0,1.0,0.0,1.0,0.0,1.0,0.0,8.0,44.0,0.1,0.0,97.0,2.0,0.0,4.0,1.0,1.2,0.0,1.0,1.0,0.1,0.0,0.0,2.0,1.0,0.93,0.07
831,1,1.0,0.0,1.0,0.0,1.0,0.0,1.0,0.0,10.0,46.0,0.09,0.0,98.0,2.0,0.0,4.0,1.0,1.3,0.0,1.0,1.0,0.1,0.0,0.0,3.0,1.0,0.89,0.11
831,2,11.0,0.0,2.0,11.0,3.0,3.0,4.0,9.0,32.0,33.0,0.26,0.0,100.0,2.0,1.0,28.0,2.0,5.5,0.0,0.0,1.0,1.3,0.0,0.0,1.0,1.0,0.84,0.16
831,3,1.0,0.0,1.0,0.0,0.0,3.0,3.0,1.0,13.0,28.0,0.65,0.0,66.0,2.0,2.0,9.0,2.0,3.5,0.0,1.0,1.0,0.9,1.0,0.0,1.0,0.0,0.88,0.12
831,4,0.0,0.0,1.0,1.0,0.0,1.0,4.0,2.0,4.0,32.0,0.17,0.0,94.0,3.0,0.0,18.0,1.0,2.0,0.0,1.0,1.0,0.5,0.0,0.0,1.0,2.0,0.86,0.14
834,0,0.0,0.0,1.0,0.0,0.0,1.0,1.0,0.0,0.0,3.0,1.53,0.0,0.0,3.0,0.0,1.0,1.0,0.3,0.0,1.0,1.0,0.5,0.5,0.0,2.0,0.0,0.63,0.37
834,1,0.0,0.0,1.0,0.0,0.0,7.0,1.0,0.0,0.0,2.0,1.31,0.0,0.0,4.0,0.0,2.0,1.0,0.0,0.0,2.0,1.0,0.0,0.2,0.0,2.0,1.0,0.73,0.27
834,2,0.0,0.0,1.0,0.0,0.0,0.0,1.0,0.0,0.0,4.0,0.15,0.0,0.0,2.0,0.0,2.0,1.0,0.0,0.0,3.0,1.0,0.0,1.0,0.0,1.0,0.0,0.82,0.18
834,3,0.0,0.0,1.0,0.0,0.0,0.0,1.0,0.0,0.0,2.0,1.18,0.0,0.0,2.0,0.0,2.0,1.0,1.0,0.0,2.0,1.0,0.8,1.0,0.0,1.0,1.0,0.96,0.04
834,4,0.0,2.0,2.0,0.0,2.0,2.0,1.0,0.0,0.0,2.0,0.82,1.0,0.0,3.0,0.0,1.0,1.0,1.0,0.0,2.0,2.0,1.5,0.0,0.0,1.0,1.0,0.82,0.18
837,0,0.0,0.0,1.0,0.0,0.0,1.0,1.0,0.0,0.0,3.0,1.53,0.0,0.0,3.0,0.0,1.0,1.0,0.3,0.0,1.0,1.0,0.5,0.5,0.0,2.0,0.0,0.63,0.37
837,1,0.0,0.0,1.0,0.0,1.0,1.0,2.0,1.0,0.0,7.0,0.29,1.0,0.0,3.0,0.0,2.0,1.0,1.5,0.0,2.0,1.0,0.3,0.0,0.0,4.0,2.0,0.79,0.21
837,2,0.0,0.0,1.0,0.0,0.0,0.0,1.0,0.0,0.0,2.0,1.29,0.0,0.0,3.0,0.0,2.0,1.0,2.5,2.0,2.0,1.0,0.8,1.0,0.0,1.0,0.0,0.99,0.01
838,0,0.0,0.0,1.0,0.0,0.0,0.0,1.0,0.0,1.0,10.0,0.3,0.0,0.0,4.0,0.0,2.0,1.0,1.8,0.0,1.0,1.0,0.4,0.2,0.0,3.0,0.0,0.53,0.47
838,1,0.0,0.0,1.0,0.0,0.0,0.0,1.0,0.0,1.0,10.0,0.3,0.0,0.0,4.0,0.0,2.0,1.0,1.8,0.0,1.0,1.0,0.4,0.2,0.0,3.0,0.0,0.53,0.47
838,2,0.0,0.0,1.0,0.0,1.0,1.0,4.0,0.0,0.0,9.0,0.31,1.0,0.0,3.0,0.0,16.0,1.0,1.6,1.0,1.0,1.0,0.9,0.0,0.0,2.0,4.0,0.62,0.38
43,0,0.0,0.0,1.0,0.0,1.0,1.0,2.0,1.0,0.0,7.0,0.29,1.0,0.0,3.0,0.0,2.0,1.0,1.5,0.0,2.0,1.0,0.3,0.0,0.0,4.0,2.0,0.79,0.21
43,1,0.0,0.0,1.0,0.0,0.0,0.0,1.0,0.0,0.0,4.0,0.34,0.0,0.0,4.0,0.0,5.0,1.0,0.5,0.0,2.0,1.0,0.0,0.2,0.0,3.0,1.0,0.53,0.47
43,2,0.0,0.0,1.0,0.0,0.0,0.0,1.0,0.0,0.0,2.0,1.29,0.0,0.0,3.0,0.0,2.0,1.0,2.5,2.0,2.0,1.0,0.8,1.0,0.0,1.0,0.0,0.99,0.01
46,0,0.0,0.0,1.0,0.0,0.0,7.0,1.0,0.0,0.0,2.0,1.31,0.0,0.0,4.0,0.0,2.0,1.0,0.0,0.0,2.0,1.0,0.0,0.2,0.0,2.0,1.0,0.73,0.27
46,1,0.0,0.0,1.0,0.0,0.0,0.0,1.0,0.0,0.0,3.0,1.4,0.0,0.0,3.0,0.0,2.0,1.0,1.3,0.0,2.0,1.0,0.0,1.0,0.0,3.0,0.0,0.65,0.35
46,2,0.0,0.0,1.0,0.0,0.0,1.0,1.0,0.0,0.0,3.0,1.53,0.0,0.0,3.0,0.0,1.0,1.0,0.3,0.0,1.0,1.0,0.5,0.5,0.0,2.0,0.0,0.63,0.37
46,3,0.0,0.0,1.0,0.0,0.0,5.0,1.0,0.0,0.0,6.0,1.11,0.0,0.0,3.0,0.0,1.0,1.0,3.3,2.0,2.0,1.0,0.8,1.0,0.0,2.0,0.0,0.81,0.19
46,4,0.0,2.0,2.0,0.0,2.0,2.0,1.0,0.0,0.0,2.0,0.82,1.0,0.0,3.0,0.0,1.0,1.0,1.0,0.0,2.0,2.0,1.5,0.0,0.0,1.0,1.0,0.82,0.18
844,0,0.0,0.0,1.0,0.0,0.0,0.0,1.0,0.0,1.0,2.0,0.79,1.0,0.0,2.0,0.0,5.0,1.0,2.0,2.0,2.0,1.0,0.0,1.0,0.0,2.0,0.0,0.82,0.18
844,1,0.0,0.0,1.0,0.0,0.0,0.0,1.0,0.0,0.0,2.0,1.0,0.0,0.0,2.0,0.0,3.0,1.0,1.0,1.0,2.0,1.0,0.8,1.0,0.0,4.0,0.0,0.88,0.12
844,2,0.0,0.0,1.0,0.0,0.0,0.0,1.0,0.0,0.0,4.0,0.34,0.0,0.0,4.0,0.0,5.0,1.0,0.5,0.0,2.0,1.0,0.0,0.2,0.0,3.0,1.0,0.53,0.47
845,0,0.0,0.0,1.0,0.0,0.0,0.0,1.0,0.0,1.0,2.0,0.79,1.0,0.0,2.0,0.0,5.0,1.0,2.0,2.0,2.0,1.0,0.0,1.0,0.0,2.0,0.0,0.82,0.18
845,1,0.0,0.0,1.0,0.0,0.0,0.0,1.0,0.0,0.0,2.0,1.0,0.0,0.0,2.0,0.0,3.0,1.0,1.0,1.0,2.0,1.0,0.8,1.0,0.0,4.0,0.0,0.88,0.12
845,2,0.0,0.0,1.0,0.0,0.0,0.0,1.0,0.0,0.0,4.0,0.34,0.0,0.0,4.0,0.0,5.0,1.0,0.5,0.0,2.0,1.0,0.0,0.2,0.0,3.0,1.0,0.53,0.47
845,3,0.0,0.0,1.0,0.0,0.0,0.0,1.0,0.0,0.0,2.0,0.81,1.0,0.0,3.0,0.0,14.0,1.0,3.0,1.0,2.0,1.0,0.0,0.0,0.0,4.0,2.0,0.75,0.25
48,0,0.0,0.0,1.0,0.0,0.0,0.0,1.0,0.0,1.0,10.0,0.3,0.0,0.0,4.0,0.0,2.0,1.0,1.8,0.0,1.0,1.0,0.4,0.2,0.0,3.0,0.0,0.53,0.47
48,1,0.0,0.0,1.0,0.0,1.0,1.0,2.0,1.0,0.0,7.0,0.29,1.0,0.0,3.0,0.0,2.0,1.0,1.5,0.0,2.0,1.0,0.3,0.0,0.0,4.0,2.0,0.79,0.21
48,2,0.0,0.0,1.0,0.0,0.0,0.0,1.0,0.0,1.0,9.0,0.72,0.0,0.0,2.0,2.0,1.0,1.0,2.7,1.0,2.0,1.0,0.0,1.0,0.0,3.0,3.0,0.72,0.28
48,3,0.0,0.0,1.0,0.0,0.0,0.0,1.0,0.0,1.0,10.0,0.3,0.0,0.0,4.0,0.0,2.0,1.0,1.8,0.0,1.0,1.0,0.4,0.2,0.0,3.0,0.0,0.53,0.47
50,0,0.0,0.0,1.0,0.0,0.0,0.0,1.0,0.0,1.0,9.0,0.72,0.0,0.0,2.0,2.0,1.0,1.0,2.7,1.0,2.0,1.0,0.0,1.0,0.0,3.0,3.0,0.72,0.28
50,1,0.0,0.0,1.0,0.0,1.0,1.0,2.0,1.0,0.0,7.0,0.29,1.0,0.0,3.0,0.0,2.0,1.0,1.5,0.0,2.0,1.0,0.3,0.0,0.0,4.0,2.0,0.79,0.21
50,2,0.0,0.0,1.0,0.0,0.0,0.0,1.0,0.0,1.0,10.0,0.3,0.0,0.0,4.0,0.0,2.0,1.0,1.8,0.0,1.0,1.0,0.4,0.2,0.0,3.0,0.0,0.53,0.47
847,0,0.0,0.0,1.0,0.0,0.0,0.0,1.0,0.0,3.0,5.0,0.59,0.0,80.0,2.0,0.0,3.0,1.0,0.8,0.0,1.0,1.0,1.3,1.0,0.0,1.0,0.0,0.84,0.16
847,1,0.0,0.0,1.0,0.0,0.0,0.0,1.0,0.0,3.0,5.0,0.59,0.0,80.0,2.0,0.0,3.0,1.0,0.8,0.0,1.0,1.0,1.3,1.0,0.0,1.0,0.0,0.84,0.16
847,2,2.0,0.0,1.0,0.0,0.0,4.0,1.0,0.0,2.0,7.0,0.3,2.0,88.0,3.0,0.0,17.0,1.0,4.2,0.0,2.0,1.0,0.8,0.0,0.0,5.0,3.0,0.69,0.31
850,0,3.0,0.0,1.0,0.0,0.0,0.0,1.0,0.0,2.0,13.0,0.19,0.0,75.0,2.0,0.0,20.0,1.0,2.1,0.0,2.0,1.0,0.3,1.0,0.0,2.0,1.0,0.73,0.27
850,1,2.0,0.0,1.0,0.0,0.0,1.0,2.0,0.0,7.0,7.0,0.23,2.0,66.0,3.0,0.0,13.0,2.0,3.2,1.0,2.0,1.0,1.7,0.0,0.0,2.0,3.0,0.64,0.36
850,2,1.0,0.0,1.0,1.0,0.0,2.0,6.0,1.0,14.0,13.0,0.36,0.0,73.0,3.0,0.0,19.0,2.0,3.7,0.0,1.0,1.0,1.0,0.0,0.0,2.0,0.0,0.86,0.14
850,3,3.0,0.0,1.0,0.0,0.0,0.0,1.0,0.0,2.0,8.0,0.24,0.0,72.0,2.0,0.0,16.0,1.0,2.1,0.0,2.0,1.0,0.3,0.0,0.0,2.0,0.0,0.98,0.02
850,4,2.0,0.0,1.0,0.0,0.0,0.0,1.0,2.0,6.0,3.0,0.46,1.0,71.0,2.0,0.0,14.0,1.0,3.3,0.0,1.0,1.0,0.3,1.0,0.0,2.0,0.0,0.55,0.45
850,5,3.0,0.0,1.0,0.0,0.0,0.0,1.0,0.0,2.0,13.0,0.19,0.0,75.0,2.0,0.0,20.0,1.0,2.1,0.0,2.0,1.0,0.3,1.0,0.0,2.0,1.0,0.73,0.27
850,6,1.0,1.0,1.0,2.0,0.0,0.0,5.0,0.0,10.0,10.0,0.12,1.0,58.0,3.0,2.0,14.0,1.0,3.7,1.0,0.0,1.0,1.1,0.0,0.0,1.0,0.0,0.63,0.37
54,0,1.0,0.0,1.0,2.0,0.0,0.0,1.0,0.0,5.0,6.0,0.37,0.0,79.0,2.0,0.0,6.0,1.0,2.1,0.0,1.0,1.0,0.9,1.0,0.0,1.0,0.0,0.96,0.04
54,1,1.0,0.0,1.0,2.0,0.0,0.0,1.0,0.0,5.0,6.0,0.37,0.0,79.0,2.0,0.0,6.0,1.0,2.1,0.0,1.0,1.0,0.9,1.0,0.0,1.0,0.0,0.96,0.04
54,2,1.0,1.0,1.0,1.0,0.0,0.0,2.0,0.0,9.0,7.0,0.41,0.0,71.0,2.0,0.0,10.0,1.0,2.3,0.0,0.0,1.0,1.2,1.0,0.0,1.0,0.0,0.77,0.23
852,0,1.0,0.0,1.0,1.0,0.0,4.0,3.0,0.0,11.0,16.0,0.53,1.0,82.0,2.0,0.0,20.0,2.0,2.9,0.0,1.0,1.0,1.2,0.0,0.0,1.0,1.0,0.96,0.04
852,1,3.0,0.0,1.0,0.0,0.0,0.0,1.0,0.0,2.0,13.0,0.19,0.0,75.0,2.0,0.0,20.0,1.0,2.1,0.0,2.0,1.0,0.3,1.0,0.0,2.0,1.0,0.73,0.27
852,2,3.0,0.0,1.0,0.0,0.0,0.0,1.0,0.0,2.0,13.0,0.19,0.0,75.0,2.0,0.0,20.0,1.0,2.1,0.0,2.0,1.0,0.3,1.0,0.0,2.0,1.0,0.73,0.27
852,3,3.0,0.0,1.0,0.0,0.0,0.0,1.0,0.0,2.0,13.0,0.19,0.0,75.0,2.0,0.0,20.0,1.0,2.1,0.0,2.0,1.0,0.3,1.0,0.0,2.0,1.0,0.73,0.27
852,4,3.0,0.0,1.0,0.0,0.0,0.0,1.0,0.0,2.0,8.0,0.24,0.0,72.0,2.0,0.0,16.0,1.0,2.1,0.0,2.0,1.0,0.3,0.0,0.0,2.0,0.0,0.98,0.02
852,5,3.0,0.0,1.0,4.0,2.0,2.0,1.0,0.0,0.0,10.0,0.55,0.0,82.0,2.0,0.0,15.0,1.0,2.2,0.0,1.0,1.0,0.9,1.0,0.0,1.0,0.0,0.85,0.15
853,0,0.0,0.0,1.0,10.0,0.0,2.0,1.0,6.0,0.0,1.0,0.52,0.0,82.0,2.0,4.0,5.0,1.0,5.4,0.0,1.0,1.0,1.3,1.0,0.0,2.0,1.0,0.7,0.3
853,1,1.0,0.0,1.0,6.0,0.0,0.0,2.0,0.0,0.0,5.0,0.22,0.0,80.0,3.0,0.0,13.0,2.0,3.7,0.0,1.0,1.0,1.9,0.0,0.0,2.0,0.0,0.68,0.32
853,2,0.0,0.0,1.0,4.0,2.0,4.0,1.0,2.0,1.0,4.0,0.67,0.0,96.0,2.0,0.0,0.0,1.0,3.5,0.0,1.0,1.0,1.1,1.0,0.0,1.0,0.0,0.95,0.05
854,0,0.0,0.0,1.0,0.0,0.0,0.0,1.0,0.0,2.0,11.0,0.31,0.0,40.0,3.0,0.0,13.0,2.0,1.6,0.0,1.0,1.0,0.3,0.0,0.0,1.0,1.0,0.86,0.14
854,1,0.0,0.0,1.0,1.0,0.0,0.0,1.0,1.0,1.0,2.0,0.33,0.0,33.0,3.0,0.0,11.0,1.0,2.7,1.0,2.0,1.0,0.8,1.0,0.0,1.0,0.0,0.77,0.23
854,2,1.0,0.0,1.0,1.0,0.0,1.0,1.0,2.0,4.0,5.0,0.19,0.0,40.0,2.0,0.0,15.0,1.0,4.2,2.0,3.0,1.0,1.1,1.0,0.0,1.0,0.0,0.86,0.14
854,3,1.0,0.0,1.0,1.0,0.0,1.0,1.0,2.0,4.0,5.0,0.19,0.0,40.0,2.0,0.0,15.0,1.0,4.2,2.0,3.0,1.0,1.1,0.0,0.0,1.0,1.0,0.97,0.03
854,4,0.0,3.0,1.0,0.0,0.0,0.0,1.0,0.0,2.0,4.0,0.33,1.0,21.0,2.0,0.0,8.0,1.0,3.0,1.0,2.0,1.0,0.7,0.0,0.0,2.0,0.0,0.94,0.06
872,0,0.0,0.0,1.0,0.0,0.0,0.0,1.0,0.0,1.0,10.0,0.3,0.0,0.0,4.0,0.0,2.0,1.0,1.8,0.0,1.0,1.0,0.4,0.2,0.0,3.0,0.0,0.53,0.47
872,1,0.0,0.0,1.0,0.0,1.0,1.0,2.0,1.0,0.0,7.0,0.29,1.0,0.0,3.0,0.0,2.0,1.0,1.5,0.0,2.0,1.0,0.3,0.0,0.0,4.0,2.0,0.79,0.21
872,2,0.0,0.0,1.0,0.0,0.0,0.0,1.0,0.0,1.0,9.0,0.72,0.0,0.0,2.0,2.0,1.0,1.0,2.7,1.0,2.0,1.0,0.0,1.0,0.0,3.0,3.0,0.72,0.28
872,3,0.0,0.0,1.0,0.0,0.0,0.0,1.0,0.0,1.0,10.0,0.3,0.0,0.0,4.0,0.0,2.0,1.0,1.8,0.0,1.0,1.0,0.4,0.2,0.0,3.0,0.0,0.53,0.47
80,0,0.0,4.0,1.0,0.0,0.0,1.0,3.0,0.0,9.0,4.0,0.29,0.0,75.0,3.0,0.0,12.0,2.0,4.1,1.0,2.0,1.0,1.8,0.0,0.0,2.0,1.0,0.62,0.38
80,1,7.0,11.0,1.0,7.0,0.0,3.0,2.0,1.0,16.0,5.0,0.3,1.0,81.0,2.0,0.0,11.0,2.0,6.9,1.0,1.0,1.0,1.5,0.0,0.0,4.0,4.0,0.62,0.38
80,2,8.0,4.0,1.0,1.0,0.0,3.0,5.0,1.0,14.0,17.0,0.56,0.0,80.0,2.0,0.0,12.0,2.0,2.8,0.0,1.0,1.0,0.7,1.0,0.0,4.0,3.0,0.77,0.23
875,0,1.0,0.0,1.0,2.0,0.0,0.0,1.0,0.0,5.0,6.0,0.37,0.0,79.0,2.0,0.0,6.0,1.0,2.1,0.0,1.0,1.0,0.9,1.0,0.0,1.0,0.0,0.96,0.04
875,1,1.0,0.0,1.0,2.0,0.0,0.0,1.0,0.0,5.0,6.0,0.37,0.0,79.0,2.0,0.0,6.0,1.0,2.1,0.0,1.0,1.0,0.9,1.0,0.0,1.0,0.0,0.96,0.04
875,2,3.0,3.0,1.0,3.0,0.0,2.0,3.0,0.0,8.0,15.0,0.53,0.0,90.0,2.0,0.0,3.0,2.0,3.5,0.0,1.0,1.0,0.6,0.7,0.0,2.0,1.0,0.65,0.35
875,3,3.0,3.0,1.0,3.0,0.0,2.0,3.0,0.0,8.0,15.0,0.53,0.0,90.0,2.0,0.0,3.0,2.0,3.5,0.0,1.0,1.0,0.6,0.7,0.0,2.0,1.0,0.65,0.35
82,0,0.0,0.0,1.0,0.0,0.0,0.0,1.0,0.0,0.0,1.0,0.7,1.0,0.0,2.0,0.0,10.0,1.0,6.0,6.0,9.0,1.0,0.0,1.0,0.0,1.0,0.0,0.9,0.1
82,1,0.0,0.0,1.0,0.0,0.0,2.0,1.0,0.0,0.0,1.0,1.83,0.0,0.0,3.0,0.0,2.0,1.0,1.0,1.0,6.0,2.0,2.0,0.0,0.0,2.0,0.0,0.94,0.06
82,2,2.0,0.0,1.0,0.0,0.0,2.0,1.0,0.0,0.0,1.0,0.31,4.0,0.0,3.0,0.0,10.0,1.0,3.7,1.0,9.0,2.0,1.6,0.0,0.0,1.0,1.0,0.71,0.29
82,3,0.0,0.0,1.0,0.0,0.0,0.0,1.0,0.0,0.0,1.0,0.45,10.0,0.0,3.0,0.0,16.0,1.0,3.0,3.0,22.0,2.0,1.0,0.0,0.0,3.0,0.0,0.67,0.33
82,4,0.0,0.0,1.0,0.0,0.0,0.0,1.0,0.0,0.0,1.0,1.12,3.0,0.0,1.0,0.0,5.0,2.0,1.0,1.0,7.0,1.0,0.0,1.0,0.0,2.0,0.0,0.56,0.44
159,0,0.0,0.0,1.0,1.0,0.0,1.0,4.0,2.0,4.0,32.0,0.17,0.0,94.0,3.0,0.0,18.0,1.0,2.0,0.0,1.0,1.0,0.5,0.0,0.0,1.0,2.0,0.86,0.14
159,1,2.0,0.0,1.0,1.0,0.0,0.0,1.0,2.0,5.0,16.0,0.17,0.0,89.0,2.0,0.0,18.0,1.0,2.4,0.0,2.0,1.0,0.4,1.0,0.0,1.0,1.0,0.86,0.14
159,2,2.0,0.0,1.0,0.0,0.0,4.0,1.0,0.0,2.0,7.0,0.3,2.0,88.0,3.0,0.0,17.0,1.0,4.2,0.0,2.0,1.0,0.8,0.0,0.0,5.0,3.0,0.69,0.31
908,0,0.0,8.0,1.0,0.0,0.0,2.0,1.0,1.0,15.0,4.0,0.38,1.0,78.0,2.0,0.0,7.0,2.0,5.5,2.0,1.0,1.0,0.9,1.0,0.0,3.0,3.0,0.78,0.22
908,1,8.0,4.0,1.0,1.0,0.0,3.0,5.0,1.0,14.0,17.0,0.56,0.0,80.0,2.0,0.0,12.0,2.0,2.8,0.0,1.0,1.0,0.7,1.0,0.0,4.0,3.0,0.77,0.23
908,2,8.0,0.0,1.0,1.0,0.0,1.0,2.0,1.0,15.0,17.0,0.27,0.0,82.0,2.0,0.0,5.0,2.0,4.8,1.0,1.0,1.0,1.2,0.3,0.0,3.0,2.0,0.55,0.45
908,3,3.0,3.0,1.0,3.0,0.0,2.0,3.0,0.0,8.0,15.0,0.53,0.0,90.0,2.0,0.0,3.0,2.0,3.5,0.0,1.0,1.0,0.6,0.7,0.0,2.0,1.0,0.65,0.35
908,4,1.0,0.0,1.0,2.0,0.0,0.0,1.0,0.0,5.0,6.0,0.37,0.0,79.0,2.0,0.0,6.0,1.0,2.1,0.0,1.0,1.0,0.9,1.0,0.0,1.0,0.0,0.96,0.04
908,5,0.0,4.0,1.0,0.0,0.0,1.0,3.0,0.0,9.0,4.0,0.29,0.0,75.0,3.0,0.0,12.0,2.0,4.1,1.0,2.0,1.0,1.8,0.0,0.0,2.0,1.0,0.62,0.38
914,0,5.0,0.0,1.0,0.0,0.0,0.0,2.0,1.0,2.0,10.0,0.1,0.0,90.0,2.0,0.0,18.0,2.0,3.8,1.0,1.0,1.0,0.8,1.0,0.0,1.0,2.0,0.67,0.33
914,1,0.0,2.0,1.0,0.0,0.0,0.0,1.0,0.0,7.0,5.0,0.35,0.0,81.0,2.0,0.0,12.0,1.0,2.3,1.0,2.0,1.0,1.0,0.0,0.0,1.0,0.0,0.95,0.05
914,2,1.0,0.0,1.0,1.0,0.0,4.0,3.0,0.0,11.0,16.0,0.53,1.0,82.0,2.0,0.0,20.0,2.0,2.9,0.0,1.0,1.0,1.2,0.0,0.0,1.0,1.0,0.96,0.04
914,3,0.0,4.0,1.0,0.0,0.0,1.0,3.0,0.0,9.0,4.0,0.29,0.0,75.0,3.0,0.0,12.0,2.0,4.1,1.0,2.0,1.0,1.8,0.0,0.0,2.0,1.0,0.62,0.38
914,4,0.0,0.0,1.0,10.0,0.0,2.0,1.0,6.0,0.0,1.0,0.52,0.0,82.0,2.0,4.0,5.0,1.0,5.4,0.0,1.0,1.0,1.3,1.0,0.0,2.0,1.0,0.7,0.3
915,0,0.0,0.0,1.0,0.0,0.0,0.0,1.0,0.0,1.0,10.0,0.3,0.0,0.0,4.0,0.0,2.0,1.0,1.8,0.0,1.0,1.0,0.4,0.2,0.0,3.0,0.0,0.53,0.47
915,1,0.0,0.0,1.0,0.0,0.0,0.0,1.0,0.0,1.0,10.0,0.3,0.0,0.0,4.0,0.0,2.0,1.0,1.8,0.0,1.0,1.0,0.4,0.2,0.0,3.0,0.0,0.53,0.47
915,2,0.0,0.0,1.0,0.0,0.0,0.0,1.0,0.0,1.0,9.0,0.72,0.0,0.0,2.0,2.0,1.0,1.0,2.7,1.0,2.0,1.0,0.0,1.0,0.0,3.0,3.0,0.72,0.28
915,3,0.0,0.0,1.0,0.0,0.0,5.0,1.0,0.0,0.0,6.0,1.11,0.0,0.0,3.0,0.0,1.0,1.0,3.3,2.0,2.0,1.0,0.8,1.0,0.0,2.0,0.0,0.81,0.19
915,4,0.0,0.0,1.0,0.0,1.0,1.0,2.0,1.0,0.0,7.0,0.29,1.0,0.0,3.0,0.0,2.0,1.0,1.5,0.0,2.0,1.0,0.3,0.0,0.0,4.0,2.0,0.79,0.21
916,0,0.0,0.0,1.0,0.0,0.0,0.0,1.0,0.0,1.0,10.0,0.3,0.0,0.0,4.0,0.0,2.0,1.0,1.8,0.0,1.0,1.0,0.4,0.2,0.0,3.0,0.0,0.53,0.47
916,1,0.0,0.0,1.0,0.0,1.0,1.0,4.0,0.0,0.0,9.0,0.31,1.0,0.0,3.0,0.0,16.0,1.0,1.6,1.0,1.0,1.0,0.9,0.0,0.0,2.0,4.0,0.62,0.38
916,2,0.0,0.0,1.0,0.0,0.0,0.0,1.0,0.0,1.0,10.0,0.3,0.0,0.0,4.0,0.0,2.0,1.0,1.8,0.0,1.0,1.0,0.4,0.2,0.0,3.0,0.0,0.53,0.47
920,0,0.0,0.0,1.0,0.0,0.0,0.0,1.0,0.0,0.0,2.0,0.81,1.0,0.0,3.0,0.0,14.0,1.0,3.0,1.0,2.0,1.0,0.0,0.0,0.0,4.0,2.0,0.75,0.25
920,1,4.0,0.0,1.0,0.0,0.0,1.0,1.0,2.0,0.0,7.0,0.3,0.0,0.0,4.0,0.0,15.0,1.0,2.8,0.0,1.0,1.0,0.8,1.0,0.0,1.0,0.0,0.88,0.12
920,2,0.0,0.0,1.0,0.0,0.0,0.0,1.0,0.0,0.0,2.0,0.81,1.0,0.0,3.0,0.0,14.0,1.0,3.0,1.0,2.0,1.0,0.0,0.0,0.0,4.0,2.0,0.75,0.25
920,3,3.0,0.0,1.0,0.0,0.0,3.0,1.0,0.0,0.0,7.0,0.51,2.0,0.0,3.0,0.0,11.0,1.0,1.7,0.0,3.0,1.0,0.2,0.0,0.0,1.0,0.0,0.75,0.25
920,4,2.0,0.0,1.0,0.0,0.0,5.0,1.0,0.0,0.0,5.0,0.34,2.0,0.0,3.0,0.0,23.0,1.0,3.6,0.0,2.0,1.0,1.1,0.0,0.0,4.0,6.0,0.66,0.34
920,5,0.0,0.0,1.0,0.0,1.0,3.0,1.0,0.0,0.0,4.0,2.21,2.0,0.0,2.0,0.0,14.0,1.0,0.8,0.0,1.0,1.0,0.0,0.5,0.0,1.0,1.0,0.55,0.45
920,6,0.0,0.0,1.0,0.0,1.0,1.0,4.0,0.0,0.0,9.0,0.31,1.0,0.0,3.0,0.0,16.0,1.0,1.6,1.0,1.0,1.0,0.9,0.0,0.0,2.0,4.0,0.62,0.38
920,7,0.0,0.0,1.0,0.0,0.0,0.0,1.0,0.0,0.0,2.0,0.57,4.0,0.0,1.0,0.0,11.0,2.0,2.5,1.0,1.0,1.0,0.8,0.5,0.0,1.0,1.0,0.56,0.44
925,0,7.0,0.0,2.0,1.0,5.0,6.0,1.0,0.0,6.0,12.0,0.81,1.0,86.0,1.0,0.0,23.0,1.0,4.9,1.0,1.0,1.0,0.9,0.0,0.0,3.0,3.0,0.81,0.19
925,1,1.0,0.0,1.0,1.0,0.0,4.0,3.0,0.0,11.0,16.0,0.53,1.0,82.0,2.0,0.0,20.0,2.0,2.9,0.0,1.0,1.0,1.2,0.0,0.0,1.0,1.0,0.96,0.04
925,2,5.0,0.0,1.0,0.0,0.0,0.0,1.0,1.0,2.0,7.0,0.12,1.0,84.0,3.0,0.0,24.0,1.0,3.1,0.0,4.0,1.0,0.3,0.0,0.0,5.0,1.0,0.66,0.34
925,3,3.0,0.0,1.0,0.0,0.0,0.0,1.0,0.0,2.0,13.0,0.19,0.0,75.0,2.0,0.0,20.0,1.0,2.1,0.0,2.0,1.0,0.3,1.0,0.0,2.0,1.0,0.73,0.27
925,4,2.0,0.0,1.0,1.0,0.0,0.0,1.0,2.0,5.0,16.0,0.17,0.0,89.0,2.0,0.0,18.0,1.0,2.4,0.0,2.0,1.0,0.4,1.0,0.0,1.0,1.0,0.86,0.14
925,5,5.0,0.0,1.0,0.0,0.0,0.0,2.0,1.0,2.0,10.0,0.1,0.0,90.0,2.0,0.0,18.0,2.0,3.8,1.0,1.0,1.0,0.8,1.0,0.0,1.0,2.0,0.67,0.33
196,0,1.0,0.0,1.0,0.0,1.0,0.0,1.0,0.0,10.0,46.0,0.09,0.0,98.0,2.0,0.0,4.0,1.0,1.3,0.0,1.0,1.0,0.1,0.0,0.0,3.0,1.0,0.89,0.11
196,1,5.0,2.0,1.0,10.0,1.0,5.0,3.0,1.0,14.0,37.0,1.1,0.0,94.0,2.0,0.0,24.0,1.0,2.9,1.0,1.0,1.0,0.7,0.3,0.0,1.0,3.0,0.6,0.4
196,2,0.0,0.0,1.0,0.0,5.0,3.0,1.0,1.0,2.0,56.0,0.76,0.0,40.0,2.0,1.0,4.0,3.0,3.8,0.0,1.0,1.0,0.5,0.5,0.0,2.0,2.0,0.64,0.36
196,3,11.0,0.0,2.0,11.0,3.0,3.0,4.0,9.0,32.0,33.0,0.26,0.0,100.0,2.0,1.0,28.0,2.0,5.5,0.0,0.0,1.0,1.3,0.0,0.0,1.0,1.0,0.84,0.16
196,4,0.0,0.0,1.0,0.0,1.0,0.0,1.0,0.0,8.0,44.0,0.1,0.0,97.0,2.0,0.0,4.0,1.0,1.2,0.0,1.0,1.0,0.1,0.0,0.0,2.0,1.0,0.93,0.07
196,5,5.0,2.0,1.0,10.0,1.0,5.0,3.0,1.0,14.0,37.0,1.1,0.0,94.0,2.0,0.0,24.0,1.0,2.9,1.0,1.0,1.0,0.7,0.3,0.0,1.0,3.0,0.6,0.4
196,6,0.0,0.0,1.0,1.0,0.0,1.0,4.0,2.0,4.0,32.0,0.17,0.0,94.0,3.0,0.0,18.0,1.0,2.0,0.0,1.0,1.0,0.5,0.0,0.0,1.0,2.0,0.86,0.14
196,7,1.0,0.0,1.0,0.0,0.0,3.0,3.0,1.0,13.0,28.0,0.65,0.0,66.0,2.0,2.0,9.0,2.0,3.5,0.0,1.0,1.0,0.9,1.0,0.0,1.0,0.0,0.88,0.12
929,0,2.0,0.0,1.0,1.0,0.0,0.0,1.0,2.0,5.0,16.0,0.17,0.0,89.0,2.0,0.0,18.0,1.0,2.4,0.0,2.0,1.0,0.4,1.0,0.0,1.0,1.0,0.86,0.14
929,1,0.0,0.0,1.0,1.0,0.0,1.0,4.0,2.0,4.0,32.0,0.17,0.0,94.0,3.0,0.0,18.0,1.0,2.0,0.0,1.0,1.0,0.5,0.0,0.0,1.0,2.0,0.86,0.14
929,2,1.0,0.0,1.0,1.0,0.0,4.0,3.0,0.0,11.0,16.0,0.53,1.0,82.0,2.0,0.0,20.0,2.0,2.9,0.0,1.0,1.0,1.2,0.0,0.0,1.0,1.0,0.96,0.04
200,0,1.0,0.0,1.0,0.0,1.0,0.0,1.0,0.0,10.0,46.0,0.09,0.0,98.0,2.0,0.0,4.0,1.0,1.3,0.0,1.0,1.0,0.1,0.0,0.0,3.0,1.0,0.89,0.11
200,1,5.0,2.0,1.0,10.0,1.0,5.0,3.0,1.0,14.0,37.0,1.1,0.0,94.0,2.0,0.0,24.0,1.0,2.9,1.0,1.0,1.0,0.7,0.3,0.0,1.0,3.0,0.6,0.4
200,2,5.0,2.0,1.0,10.0,1.0,5.0,3.0,1.0,14.0,37.0,1.1,0.0,94.0,2.0,0.0,24.0,1.0,2.9,1.0,1.0,1.0,0.7,0.3,0.0,1.0,3.0,0.6,0.4
200,3,11.0,0.0,2.0,11.0,3.0,3.0,4.0,9.0,32.0,33.0,0.26,0.0,100.0,2.0,1.0,28.0,2.0,5.5,0.0,0.0,1.0,1.3,0.0,0.0,1.0,1.0,0.84,0.16
200,4,0.0,0.0,1.0,0.0,1.0,0.0,1.0,0.0,8.0,44.0,0.1,0.0,97.0,2.0,0.0,4.0,1.0,1.2,0.0,1.0,1.0,0.1,0.0,0.0,2.0,1.0,0.93,0.07
200,5,0.0,0.0,1.0,1.0,0.0,1.0,4.0,2.0,4.0,32.0,0.17,0.0,94.0,3.0,0.0,18.0,1.0,2.0,0.0,1.0,1.0,0.5,0.0,0.0,1.0,2.0,0.86,0.14
200,6,1.0,0.0,1.0,0.0,0.0,3.0,3.0,1.0,13.0,28.0,0.65,0.0,66.0,2.0,2.0,9.0,2.0,3.5,0.0,1.0,1.0,0.9,1.0,0.0,1.0,0.0,0.88,0.12
200,7,0.0,0.0,1.0,1.0,0.0,1.0,4.0,2.0,4.0,32.0,0.17,0.0,94.0,3.0,0.0,18.0,1.0,2.0,0.0,1.0,1.0,0.5,0.0,0.0,1.0,2.0,0.86,0.14
201,0,7.0,11.0,1.0,7.0,0.0,3.0,2.0,1.0,16.0,5.0,0.3,1.0,81.0,2.0,0.0,11.0,2.0,6.9,1.0,1.0,1.0,1.5,0.0,0.0,4.0,4.0,0.62,0.38
201,1,8.0,0.0,1.0,1.0,0.0,1.0,2.0,1.0,15.0,17.0,0.27,0.0,82.0,2.0,0.0,5.0,2.0,4.8,1.0,1.0,1.0,1.2,0.3,0.0,3.0,2.0,0.55,0.45
201,2,0.0,0.0,1.0,3.0,1.0,3.0,4.0,1.0,8.0,8.0,0.8,0.0,71.0,1.0,0.0,3.0,2.0,3.1,1.0,1.0,1.0,1.1,0.5,0.0,1.0,2.0,0.66,0.34
201,3,8.0,4.0,1.0,1.0,0.0,3.0,5.0,1.0,14.0,17.0,0.56,0.0,80.0,2.0,0.0,12.0,2.0,2.8,0.0,1.0,1.0,0.7,1.0,0.0,4.0,3.0,0.77,0.23
204,0,5.0,0.0,1.0,0.0,0.0,0.0,2.0,1.0,2.0,10.0,0.1,0.0,90.0,2.0,0.0,18.0,2.0,3.8,1.0,1.0,1.0,0.8,1.0,0.0,1.0,2.0,0.67,0.33
204,1,7.0,0.0,2.0,1.0,5.0,6.0,1.0,0.0,6.0,12.0,0.81,1.0,86.0,1.0,0.0,23.0,1.0,4.9,1.0,1.0,1.0,0.9,0.0,0.0,3.0,3.0,0.81,0.19
204,2,5.0,0.0,1.0,0.0,0.0,0.0,1.0,1.0,2.0,7.0,0.12,1.0,84.0,3.0,0.0,24.0,1.0,3.1,0.0,4.0,1.0,0.3,0.0,0.0,5.0,1.0,0.66,0.34
204,3,4.0,0.0,1.0,0.0,0.0,1.0,1.0,1.0,4.0,7.0,0.41,0.0,85.0,3.0,0.0,18.0,1.0,2.3,0.0,1.0,1.0,0.4,0.0,0.0,4.0,0.0,0.74,0.26
204,4,2.0,0.0,1.0,0.0,0.0,4.0,1.0,0.0,2.0,7.0,0.3,2.0,88.0,3.0,0.0,17.0,1.0,4.2,0.0,2.0,1.0,0.8,0.0,0.0,5.0,3.0,0.69,0.31
204,5,3.0,0.0,1.0,4.0,2.0,2.0,1.0,0.0,0.0,10.0,0.55,0.0,82.0,2.0,0.0,15.0,1.0,2.2,0.0,1.0,1.0,0.9,1.0,0.0,1.0,0.0,0.85,0.15
205,0,0.0,0.0,1.0,0.0,0.0,0.0,1.0,0.0,3.0,5.0,0.59,0.0,80.0,2.0,0.0,3.0,1.0,0.8,0.0,1.0,1.0,1.3,1.0,0.0,1.0,0.0,0.84,0.16
205,1,2.0,0.0,1.0,0.0,0.0,4.0,1.0,0.0,2.0,7.0,0.3,2.0,88.0,3.0,0.0,17.0,1.0,4.2,0.0,2.0,1.0,0.8,0.0,0.0,5.0,3.0,0.69,0.31
205,2,2.0,0.0,1.0,0.0,0.0,4.0,1.0,0.0,2.0,7.0,0.3,2.0,88.0,3.0,0.0,17.0,1.0,4.2,0.0,2.0,1.0,0.8,0.0,0.0,5.0,3.0,0.69,0.31
205,3,4.0,0.0,1.0,0.0,0.0,1.0,1.0,1.0,4.0,7.0,0.41,0.0,85.0,3.0,0.0,18.0,1.0,2.3,0.0,1.0,1.0,0.4,0.0,0.0,4.0,0.0,0.74,0.26
205,4,1.0,0.0,1.0,2.0,0.0,0.0,1.0,0.0,5.0,6.0,0.37,0.0,79.0,2.0,0.0,6.0,1.0,2.1,0.0,1.0,1.0,0.9,1.0,0.0,1.0,0.0,0.96,0.04
205,5,5.0,0.0,1.0,0.0,0.0,0.0,2.0,1.0,2.0,10.0,0.1,0.0,90.0,2.0,0.0,18.0,2.0,3.8,1.0,1.0,1.0,0.8,1.0,0.0,1.0,2.0,0.67,0.33
205,6,0.0,0.0,1.0,10.0,0.0,2.0,1.0,6.0,0.0,1.0,0.52,0.0,82.0,2.0,4.0,5.0,1.0,5.4,0.0,1.0,1.0,1.3,1.0,0.0,2.0,1.0,0.7,0.3
226,0,0.0,0.0,1.0,1.0,0.0,1.0,4.0,2.0,4.0,32.0,0.17,0.0,94.0,3.0,0.0,18.0,1.0,2.0,0.0,1.0,1.0,0.5,0.0,0.0,1.0,2.0,0.86,0.14
226,1,0.0,0.0,1.0,1.0,0.0,1.0,4.0,2.0,4.0,32.0,0.17,0.0,94.0,3.0,0.0,18.0,1.0,2.0,0.0,1.0,1.0,0.5,0.0,0.0,1.0,2.0,0.86,0.14
226,2,0.0,0.0,1.0,2.0,11.0,3.0,4.0,1.0,4.0,24.0,0.39,0.0,90.0,3.0,0.0,10.0,2.0,4.7,1.0,1.0,1.0,1.0,0.5,0.0,4.0,4.0,0.74,0.26
1017,0,0.0,0.0,1.0,0.0,0.0,0.0,1.0,0.0,0.0,2.0,0.81,1.0,0.0,3.0,0.0,14.0,1.0,3.0,1.0,2.0,1.0,0.0,0.0,0.0,4.0,2.0,0.75,0.25
1017,1,0.0,0.0,1.0,0.0,0.0,0.0,1.0,0.0,0.0,2.0,0.81,1.0,0.0,3.0,0.0,14.0,1.0,3.0,1.0,2.0,1.0,0.0,0.0,0.0,4.0,2.0,0.75,0.25
1017,2,0.0,0.0,1.0,0.0,0.0,0.0,1.0,0.0,0.0,2.0,0.81,1.0,0.0,3.0,0.0,14.0,1.0,3.0,1.0,2.0,1.0,0.0,0.0,0.0,4.0,2.0,0.75,0.25
1017,3,0.0,0.0,1.0,0.0,0.0,3.0,1.0,0.0,0.0,2.0,0.43,3.0,0.0,3.0,0.0,16.0,1.0,3.0,1.0,2.0,1.0,1.5,0.0,0.0,4.0,2.0,0.74,0.26
1017,4,0.0,0.0,1.0,0.0,0.0,0.0,1.0,0.0,0.0,2.0,0.57,4.0,0.0,1.0,0.0,11.0,2.0,2.5,1.0,1.0,1.0,0.8,0.5,0.0,1.0,1.0,0.56,0.44
1017,5,0.0,0.0,1.0,0.0,0.0,0.0,1.0,0.0,0.0,2.0,0.81,1.0,0.0,3.0,0.0,14.0,1.0,3.0,1.0,2.0,1.0,0.0,0.0,0.0,4.0,2.0,0.75,0.25
1017,6,2.0,0.0,1.0,0.0,0.0,2.0,1.0,0.0,0.0,1.0,0.31,4.0,0.0,3.0,0.0,10.0,1.0,3.7,1.0,9.0,2.0,1.6,0.0,0.0,1.0,1.0,0.71,0.29
1040,0,0.0,0.0,1.0,0.0,0.0,3.0,1.0,0.0,0.0,2.0,0.43,3.0,0.0,3.0,0.0,16.0,1.0,3.0,1.0,2.0,1.0,1.5,0.0,0.0,4.0,2.0,0.74,0.26
1040,1,0.0,0.0,1.0,0.0,0.0,0.0,1.0,0.0,0.0,2.0,0.81,1.0,0.0,3.0,0.0,14.0,1.0,3.0,1.0,2.0,1.0,0.0,0.0,0.0,4.0,2.0,0.75,0.25
1040,2,0.0,0.0,1.0,0.0,0.0,0.0,1.0,0.0,0.0,2.0,0.81,1.0,0.0,3.0,0.0,14.0,1.0,3.0,1.0,2.0,1.0,0.0,0.0,0.0,4.0,2.0,0.75,0.25
1040,3,0.0,0.0,1.0,0.0,0.0,0.0,1.0,0.0,0.0,2.0,0.57,4.0,0.0,1.0,0.0,11.0,2.0,2.5,1.0,1.0,1.0,0.8,0.5,0.0,1.0,1.0,0.56,0.44
1040,4,0.0,0.0,1.0,0.0,0.0,0.0,1.0,0.0,0.0,2.0,0.81,1.0,0.0,3.0,0.0,14.0,1.0,3.0,1.0,2.0,1.0,0.0,0.0,0.0,4.0,2.0,0.75,0.25
1040,5,0.0,0.0,1.0,0.0,1.0,3.0,1.0,0.0,0.0,4.0,2.21,2.0,0.0,2.0,0.0,14.0,1.0,0.8,0.0,1.0,1.0,0.0,0.5,0.0,1.0,1.0,0.55,0.45
1040,6,2.0,0.0,1.0,0.0,0.0,5.0,1.0,0.0,0.0,5.0,0.34,2.0,0.0,3.0,0.0,23.0,1.0,3.6,0.0,2.0,1.0,1.1,0.0,0.0,4.0,6.0,0.66,0.34
1040,7,0.0,0.0,1.0,0.0,0.0,0.0,1.0,0.0,0.0,2.0,0.81,1.0,0.0,3.0,0.0,14.0,1.0,3.0,1.0,2.0,1.0,0.0,0.0,0.0,4.0,2.0,0.75,0.25
1040,8,1.0,1.0,1.0,0.0,2.0,4.0,1.0,0.0,0.0,2.0,0.42,2.0,0.0,3.0,0.0,16.0,1.0,3.5,0.0,1.0,1.0,1.0,0.0,0.0,2.0,5.0,0.68,0.32
1046,0,0.0,0.0,1.0,1.0,0.0,1.0,4.0,2.0,4.0,32.0,0.17,0.0,94.0,3.0,0.0,18.0,1.0,2.0,0.0,1.0,1.0,0.5,0.0,0.0,1.0,2.0,0.86,0.14
1046,1,0.0,0.0,1.0,1.0,0.0,1.0,4.0,2.0,4.0,32.0,0.17,0.0,94.0,3.0,0.0,18.0,1.0,2.0,0.0,1.0,1.0,0.5,0.0,0.0,1.0,2.0,0.86,0.14
1046,2,2.0,0.0,1.0,1.0,0.0,0.0,1.0,2.0,5.0,16.0,0.17,0.0,89.0,2.0,0.0,18.0,1.0,2.4,0.0,2.0,1.0,0.4,1.0,0.0,1.0,1.0,0.86,0.14
1046,3,0.0,0.0,1.0,1.0,0.0,1.0,4.0,2.0,4.0,32.0,0.17,0.0,94.0,3.0,0.0,18.0,1.0,2.0,0.0,1.0,1.0,0.5,0.0,0.0,1.0,2.0,0.86,0.14
1056,0,0.0,0.0,1.0,2.0,0.0,7.0,6.0,0.0,2.0,17.0,3.24,0.0,100.0,1.0,2.0,8.0,1.0,1.4,1.0,1.0,1.0,0.0,0.0,0.0,3.0,1.0,0.92,0.08
1056,1,3.0,3.0,1.0,3.0,0.0,2.0,3.0,0.0,8.0,15.0,0.53,0.0,90.0,2.0,0.0,3.0,2.0,3.5,0.0,1.0,1.0,0.6,0.7,0.0,2.0,1.0,0.65,0.35
1056,2,0.0,0.0,1.0,0.0,0.0,2.0,1.0,0.0,5.0,15.0,0.49,0.0,89.0,2.0,0.0,7.0,1.0,1.9,0.0,1.0,1.0,0.9,0.0,0.0,1.0,2.0,1.0,0.0
1057,0,0.0,0.0,1.0,2.0,0.0,7.0,6.0,0.0,2.0,17.0,3.24,0.0,100.0,1.0,2.0,8.0,1.0,1.4,1.0,1.0,1.0,0.0,0.0,0.0,3.0,1.0,0.92,0.08
1057,1,3.0,3.0,1.0,3.0,0.0,2.0,3.0,0.0,8.0,15.0,0.53,0.0,90.0,2.0,0.0,3.0,2.0,3.5,0.0,1.0,1.0,0.6,0.7,0.0,2.0,1.0,0.65,0.35
1057,2,0.0,0.0,1.0,0.0,0.0,2.0,1.0,0.0,5.0,15.0,0.49,0.0,89.0,2.0,0.0,7.0,1.0,1.9,0.0,1.0,1.0,0.9,0.0,0.0,1.0,2.0,1.0,0.0
1060,0,0.0,0.0,1.0,1.0,0.0,1.0,4.0,2.0,4.0,32.0,0.17,0.0,94.0,3.0,0.0,18.0,1.0,2.0,0.0,1.0,1.0,0.5,0.0,0.0,1.0,2.0,0.86,0.14
1060,1,0.0,0.0,1.0,0.0,1.0,0.0,1.0,0.0,8.0,44.0,0.1,0.0,97.0,2.0,0.0,4.0,1.0,1.2,0.0,1.0,1.0,0.1,0.0,0.0,2.0,1.0,0.93,0.07
1060,2,5.0,2.0,1.0,10.0,1.0,5.0,3.0,1.0,14.0,37.0,1.1,0.0,94.0,2.0,0.0,24.0,1.0,2.9,1.0,1.0,1.0,0.7,0.3,0.0,1.0,3.0,0.6,0.4
1060,3,11.0,0.0,2.0,11.0,3.0,3.0,4.0,9.0,32.0,33.0,0.26,0.0,100.0,2.0,1.0,28.0,2.0,5.5,0.0,0.0,1.0,1.3,0.0,0.0,1.0,1.0,0.84,0.16
1060,4,1.0,0.0,1.0,0.0,0.0,3.0,3.0,1.0,13.0,28.0,0.65,0.0,66.0,2.0,2.0,9.0,2.0,3.5,0.0,1.0,1.0,0.9,1.0,0.0,1.0,0.0,0.88,0.12
1061,0,0.0,0.0,1.0,1.0,0.0,1.0,4.0,2.0,4.0,32.0,0.17,0.0,94.0,3.0,0.0,18.0,1.0,2.0,0.0,1.0,1.0,0.5,0.0,0.0,1.0,2.0,0.86,0.14
1061,1,0.0,0.0,1.0,0.0,1.0,0.0,1.0,0.0,8.0,44.0,0.1,0.0,97.0,2.0,0.0,4.0,1.0,1.2,0.0,1.0,1.0,0.1,0.0,0.0,2.0,1.0,0.93,0.07
1061,2,5.0,2.0,1.0,10.0,1.0,5.0,3.0,1.0,14.0,37.0,1.1,0.0,94.0,2.0,0.0,24.0,1.0,2.9,1.0,1.0,1.0,0.7,0.3,0.0,1.0,3.0,0.6,0.4
1061,3,0.0,0.0,1.0,1.0,0.0,1.0,4.0,2.0,4.0,32.0,0.17,0.0,94.0,3.0,0.0,18.0,1.0,2.0,0.0,1.0,1.0,0.5,0.0,0.0,1.0,2.0,0.86,0.14
1061,4,1.0,0.0,1.0,0.0,0.0,3.0,3.0,1.0,13.0,28.0,0.65,0.0,66.0,2.0,2.0,9.0,2.0,3.5,0.0,1.0,1.0,0.9,1.0,0.0,1.0,0.0,0.88,0.12
1061,5,0.0,0.0,1.0,1.0,0.0,1.0,4.0,2.0,4.0,32.0,0.17,0.0,94.0,3.0,0.0,18.0,1.0,2.0,0.0,1.0,1.0,0.5,0.0,0.0,1.0,2.0,0.86,0.14
321,0,11.0,4.0,2.0,27.0,9.0,4.0,1.0,0.0,14.0,10.0,0.46,0.0,92.0,1.0,0.0,3.0,1.0,3.6,1.0,0.0,1.0,0.9,0.0,0.0,1.0,2.0,0.57,0.43
321,1,11.0,4.0,2.0,27.0,9.0,4.0,1.0,0.0,14.0,10.0,0.46,0.0,92.0,1.0,0.0,3.0,1.0,3.6,1.0,0.0,1.0,0.9,0.0,0.0,1.0,2.0,0.57,0.43
321,2,0.0,3.0,3.0,26.0,3.0,5.0,1.0,0.0,0.0,0.0,0.68,0.0,97.0,1.0,0.0,1.0,1.0,10.7,4.0,1.0,1.0,1.4,0.0,0.0,2.0,3.0,0.74,0.26
323,0,0.0,0.0,1.0,0.0,0.0,0.0,1.0,1.0,2.0,6.0,0.36,0.0,71.0,3.0,0.0,4.0,1.0,2.3,0.0,1.0,1.0,1.0,0.0,0.0,2.0,0.0,0.97,0.03
323,1,0.0,0.0,1.0,0.0,0.0,3.0,1.0,0.0,1.0,3.0,1.3,0.0,66.0,3.0,0.0,8.0,1.0,3.7,2.0,3.0,1.0,1.4,1.0,0.0,3.0,1.0,0.78,0.22
326,0,3.0,0.0,1.0,5.0,1.0,2.0,1.0,0.0,0.0,2.0,0.36,3.0,76.0,3.0,0.0,16.0,1.0,5.2,0.0,1.0,1.0,1.3,0.0,0.0,3.0,4.0,0.71,0.29
377,0,1.0,0.0,1.0,0.0,0.0,0.0,1.0,1.0,3.0,4.0,0.22,0.0,50.0,2.0,0.0,16.0,1.0,4.0,0.0,3.0,1.0,0.0,1.0,0.0,2.0,0.0,0.68,0.32
377,1,0.0,0.0,1.0,1.0,0.0,0.0,2.0,0.0,1.0,10.0,0.44,0.0,44.0,3.0,0.0,9.0,1.0,2.6,0.0,1.0,1.0,0.5,1.0,0.0,1.0,0.0,0.57,0.43
377,2,3.0,0.0,1.0,1.0,0.0,0.0,2.0,0.0,6.0,8.0,0.18,2.0,52.0,2.0,0.0,25.0,2.0,5.2,1.0,1.0,1.0,0.9,1.0,0.0,3.0,3.0,0.53,0.47
377,3,0.0,0.0,1.0,0.0,0.0,0.0,3.0,0.0,2.0,12.0,0.75,0.0,50.0,2.0,0.0,6.0,2.0,2.2,0.0,0.0,1.0,0.2,0.3,0.0,3.0,2.0,0.79,0.21
377,4,1.0,0.0,1.0,0.0,0.0,0.0,1.0,1.0,3.0,4.0,0.22,0.0,50.0,2.0,0.0,16.0,1.0,4.0,0.0,3.0,1.0,0.0,1.0,0.0,2.0,0.0,0.68,0.32
377,5,2.0,0.0,1.0,0.0,0.0,2.0,1.0,0.0,1.0,2.0,0.3,3.0,50.0,1.0,0.0,15.0,1.0,3.5,3.0,2.0,1.0,2.5,1.0,0.0,1.0,2.0,0.53,0.47
377,6,2.0,0.0,1.0,0.0,0.0,2.0,1.0,0.0,1.0,2.0,0.3,3.0,50.0,1.0,0.0,15.0,1.0,3.5,3.0,2.0,1.0,2.5,1.0,0.0,1.0,2.0,0.53,0.47
377,7,0.0,0.0,1.0,0.0,0.0,0.0,1.0,0.0,2.0,11.0,0.31,0.0,40.0,3.0,0.0,13.0,2.0,1.6,0.0,1.0,1.0,0.3,0.0,0.0,1.0,1.0,0.86,0.14
384,0,1.0,0.0,1.0,0.0,1.0,0.0,1.0,0.0,4.0,16.0,0.36,0.0,79.0,2.0,0.0,2.0,1.0,2.5,0.0,1.0,1.0,0.4,0.8,0.0,1.0,1.0,0.69,0.31
384,1,8.0,0.0,1.0,1.0,0.0,1.0,2.0,1.0,15.0,17.0,0.27,0.0,82.0,2.0,0.0,5.0,2.0,4.8,1.0,1.0,1.0,1.2,0.3,0.0,3.0,2.0,0.55,0.45
384,2,0.0,0.0,1.0,1.0,0.0,0.0,3.0,0.0,5.0,15.0,0.36,0.0,72.0,3.0,0.0,4.0,1.0,2.2,0.0,0.0,1.0,0.3,1.0,0.0,1.0,0.0,0.59,0.41
384,3,0.0,0.0,1.0,0.0,0.0,2.0,2.0,1.0,9.0,19.0,0.36,1.0,70.0,2.0,0.0,11.0,2.0,5.9,0.0,1.0,1.0,0.7,0.0,0.0,4.0,4.0,0.97,0.03
388,0,1.0,0.0,1.0,2.0,0.0,0.0,1.0,0.0,5.0,6.0,0.37,0.0,79.0,2.0,0.0,6.0,1.0,2.1,0.0,1.0,1.0,0.9,1.0,0.0,1.0,0.0,0.96,0.04
398,0,0.0,0.0,1.0,0.0,0.0,0.0,1.0,0.0,8.0,19.0,0.29,0.0,81.0,2.0,0.0,5.0,1.0,1.9,1.0,1.0,1.0,0.1,0.0,0.0,2.0,0.0,0.96,0.04
398,1,3.0,3.0,1.0,3.0,0.0,2.0,3.0,0.0,8.0,15.0,0.53,0.0,90.0,2.0,0.0,3.0,2.0,3.5,0.0,1.0,1.0,0.6,0.7,0.0,2.0,1.0,0.65,0.35
408,0,0.0,0.0,1.0,0.0,0.0,6.0,1.0,3.0,1.0,5.0,2.32,0.0,75.0,2.0,22.0,5.0,1.0,14.4,1.0,1.0,1.0,0.4,0.7,0.0,5.0,5.0,0.56,0.44
408,1,0.0,0.0,1.0,0.0,0.0,6.0,1.0,2.0,2.0,5.0,2.91,0.0,71.0,1.0,6.0,1.0,1.0,4.4,0.0,0.0,1.0,0.0,0.0,0.0,1.0,0.0,0.88,0.12
408,2,0.0,0.0,1.0,0.0,0.0,1.0,2.0,2.0,3.0,13.0,0.77,0.0,79.0,1.0,4.0,0.0,2.0,10.5,1.0,1.0,1.0,0.6,1.0,0.0,3.0,3.0,0.87,0.13
408,3,0.0,0.0,1.0,0.0,0.0,0.0,2.0,0.0,7.0,15.0,0.27,1.0,70.0,2.0,1.0,12.0,1.0,13.6,0.0,1.0,1.0,0.4,0.6,0.0,4.0,5.0,0.59,0.41
408,4,0.0,4.0,1.0,0.0,0.0,1.0,3.0,0.0,9.0,4.0,0.29,0.0,75.0,3.0,0.0,12.0,2.0,4.1,1.0,2.0,1.0,1.8,0.0,0.0,2.0,1.0,0.62,0.38
424,0,7.0,11.0,1.0,7.0,0.0,3.0,2.0,1.0,16.0,5.0,0.3,1.0,81.0,2.0,0.0,11.0,2.0,6.9,1.0,1.0,1.0,1.5,0.0,0.0,4.0,4.0,0.62,0.38
424,1,1.0,0.0,1.0,1.0,0.0,2.0,6.0,1.0,14.0,13.0,0.36,0.0,73.0,3.0,0.0,19.0,2.0,3.7,0.0,1.0,1.0,1.0,0.0,0.0,2.0,0.0,0.86,0.14
424,2,11.0,0.0,2.0,11.0,3.0,3.0,4.0,9.0,32.0,33.0,0.26,0.0,100.0,2.0,1.0,28.0,2.0,5.5,0.0,0.0,1.0,1.3,0.0,0.0,1.0,1.0,0.84,0.16
424,3,7.0,11.0,1.0,7.0,0.0,3.0,2.0,1.0,16.0,5.0,0.3,1.0,81.0,2.0,0.0,11.0,2.0,6.9,1.0,1.0,1.0,1.5,0.0,0.0,4.0,4.0,0.62,0.38
424,4,0.0,4.0,1.0,0.0,0.0,1.0,3.0,0.0,9.0,4.0,0.29,0.0,75.0,3.0,0.0,12.0,2.0,4.1,1.0,2.0,1.0,1.8,0.0,0.0,2.0,1.0,0.62,0.38
1152,0,11.0,0.0,2.0,11.0,3.0,3.0,4.0,9.0,32.0,33.0,0.26,0.0,100.0,2.0,1.0,28.0,2.0,5.5,0.0,0.0,1.0,1.3,0.0,0.0,1.0,1.0,0.84,0.16
1152,1,11.0,0.0,2.0,11.0,3.0,3.0,4.0,9.0,32.0,33.0,0.26,0.0,100.0,2.0,1.0,28.0,2.0,5.5,0.0,0.0,1.0,1.3,0.0,0.0,1.0,1.0,0.84,0.16
1152,2,0.0,0.0,1.0,0.0,1.0,0.0,1.0,0.0,8.0,44.0,0.1,0.0,97.0,2.0,0.0,4.0,1.0,1.2,0.0,1.0,1.0,0.1,0.0,0.0,2.0,1.0,0.93,0.07
1152,3,5.0,2.0,1.0,10.0,1.0,5.0,3.0,1.0,14.0,37.0,1.1,0.0,94.0,2.0,0.0,24.0,1.0,2.9,1.0,1.0,1.0,0.7,0.3,0.0,1.0,3.0,0.6,0.4
1152,4,1.0,0.0,1.0,0.0,0.0,3.0,3.0,1.0,13.0,28.0,0.65,0.0,66.0,2.0,2.0,9.0,2.0,3.5,0.0,1.0,1.0,0.9,1.0,0.0,1.0,0.0,0.88,0.12
1152,5,1.0,0.0,1.0,0.0,1.0,0.0,1.0,0.0,10.0,46.0,0.09,0.0,98.0,2.0,0.0,4.0,1.0,1.3,0.0,1.0,1.0,0.1,0.0,0.0,3.0,1.0,0.89,0.11
1152,6,0.0,0.0,1.0,1.0,0.0,1.0,4.0,2.0,4.0,32.0,0.17,0.0,94.0,3.0,0.0,18.0,1.0,2.0,0.0,1.0,1.0,0.5,0.0,0.0,1.0,2.0,0.86,0.14
432,0,11.0,0.0,2.0,11.0,3.0,3.0,4.0,9.0,32.0,33.0,0.26,0.0,100.0,2.0,1.0,28.0,2.0,5.5,0.0,0.0,1.0,1.3,0.0,0.0,1.0,1.0,0.84,0.16
432,1,7.0,11.0,1.0,7.0,0.0,3.0,2.0,1.0,16.0,5.0,0.3,1.0,81.0,2.0,0.0,11.0,2.0,6.9,1.0,1.0,1.0,1.5,0.0,0.0,4.0,4.0,0.62,0.38
432,2,0.0,8.0,1.0,0.0,0.0,2.0,1.0,1.0,15.0,4.0,0.38,1.0,78.0,2.0,0.0,7.0,2.0,5.5,2.0,1.0,1.0,0.9,1.0,0.0,3.0,3.0,0.78,0.22
432,3,1.0,0.0,1.0,1.0,0.0,4.0,3.0,0.0,11.0,16.0,0.53,1.0,82.0,2.0,0.0,20.0,2.0,2.9,0.0,1.0,1.0,1.2,0.0,0.0,1.0,1.0,0.96,0.04
432,4,0.0,4.0,1.0,4.0,0.0,0.0,4.0,0.0,5.0,9.0,0.7,0.0,85.0,1.0,0.0,3.0,2.0,3.3,1.0,1.0,1.0,0.0,1.0,0.0,1.0,1.0,0.72,0.28
432,5,11.0,0.0,2.0,11.0,3.0,3.0,4.0,9.0,32.0,33.0,0.26,0.0,100.0,2.0,1.0,28.0,2.0,5.5,0.0,0.0,1.0,1.3,0.0,0.0,1.0,1.0,0.84,0.16
437,0,8.0,4.0,1.0,1.0,0.0,3.0,5.0,1.0,14.0,17.0,0.56,0.0,80.0,2.0,0.0,12.0,2.0,2.8,0.0,1.0,1.0,0.7,1.0,0.0,4.0,3.0,0.77,0.23
437,1,8.0,4.0,1.0,1.0,0.0,3.0,5.0,1.0,14.0,17.0,0.56,0.0,80.0,2.0,0.0,12.0,2.0,2.8,0.0,1.0,1.0,0.7,1.0,0.0,4.0,3.0,0.77,0.23
437,2,1.0,0.0,1.0,1.0,0.0,2.0,6.0,1.0,14.0,13.0,0.36,0.0,73.0,3.0,0.0,19.0,2.0,3.7,0.0,1.0,1.0,1.0,0.0,0.0,2.0,0.0,0.86,0.14
437,3,1.0,0.0,1.0,1.0,0.0,4.0,3.0,0.0,11.0,16.0,0.53,1.0,82.0,2.0,0.0,20.0,2.0,2.9,0.0,1.0,1.0,1.2,0.0,0.0,1.0,1.0,0.96,0.04
442,0,8.0,4.0,1.0,1.0,0.0,3.0,5.0,1.0,14.0,17.0,0.56,0.0,80.0,2.0,0.0,12.0,2.0,2.8,0.0,1.0,1.0,0.7,1.0,0.0,4.0,3.0,0.77,0.23
442,1,3.0,3.0,1.0,3.0,0.0,2.0,3.0,0.0,8.0,15.0,0.53,0.0,90.0,2.0,0.0,3.0,2.0,3.5,0.0,1.0,1.0,0.6,0.7,0.0,2.0,1.0,0.65,0.35
442,2,7.0,11.0,1.0,7.0,0.0,3.0,2.0,1.0,16.0,5.0,0.3,1.0,81.0,2.0,0.0,11.0,2.0,6.9,1.0,1.0,1.0,1.5,0.0,0.0,4.0,4.0,0.62,0.38
442,3,8.0,4.0,1.0,1.0,0.0,3.0,5.0,1.0,14.0,17.0,0.56,0.0,80.0,2.0,0.0,12.0,2.0,2.8,0.0,1.0,1.0,0.7,1.0,0.0,4.0,3.0,0.77,0.23
446,0,5.0,2.0,1.0,10.0,1.0,5.0,3.0,1.0,14.0,37.0,1.1,0.0,94.0,2.0,0.0,24.0,1.0,2.9,1.0,1.0,1.0,0.7,0.3,0.0,1.0,3.0,0.6,0.4
446,1,1.0,0.0,1.0,0.0,1.0,0.0,1.0,0.0,10.0,46.0,0.09,0.0,98.0,2.0,0.0,4.0,1.0,1.3,0.0,1.0,1.0,0.1,0.0,0.0,3.0,1.0,0.89,0.11
446,2,5.0,2.0,1.0,10.0,1.0,5.0,3.0,1.0,14.0,37.0,1.1,0.0,94.0,2.0,0.0,24.0,1.0,2.9,1.0,1.0,1.0,0.7,0.3,0.0,1.0,3.0,0.6,0.4
446,3,0.0,0.0,1.0,0.0,1.0,0.0,1.0,0.0,8.0,44.0,0.1,0.0,97.0,2.0,0.0,4.0,1.0,1.2,0.0,1.0,1.0,0.1,0.0,0.0,2.0,1.0,0.93,0.07
446,4,0.0,0.0,1.0,1.0,0.0,1.0,4.0,2.0,4.0,32.0,0.17,0.0,94.0,3.0,0.0,18.0,1.0,2.0,0.0,1.0,1.0,0.5,0.0,0.0,1.0,2.0,0.86,0.14
446,5,0.0,0.0,1.0,1.0,0.0,1.0,4.0,2.0,4.0,32.0,0.17,0.0,94.0,3.0,0.0,18.0,1.0,2.0,0.0,1.0,1.0,0.5,0.0,0.0,1.0,2.0,0.86,0.14
446,6,11.0,0.0,2.0,11.0,3.0,3.0,4.0,9.0,32.0,33.0,0.26,0.0,100.0,2.0,1.0,28.0,2.0,5.5,0.0,0.0,1.0,1.3,0.0,0.0,1.0,1.0,0.84,0.16
446,7,1.0,0.0,1.0,0.0,0.0,3.0,3.0,1.0,13.0,28.0,0.65,0.0,66.0,2.0,2.0,9.0,2.0,3.5,0.0,1.0,1.0,0.9,1.0,0.0,1.0,0.0,0.88,0.12
446,8,0.0,0.0,1.0,2.0,11.0,3.0,4.0,1.0,4.0,24.0,0.39,0.0,90.0,3.0,0.0,10.0,2.0,4.7,1.0,1.0,1.0,1.0,0.5,0.0,4.0,4.0,0.74,0.26
447,0,5.0,2.0,1.0,10.0,1.0,5.0,3.0,1.0,14.0,37.0,1.1,0.0,94.0,2.0,0.0,24.0,1.0,2.9,1.0,1.0,1.0,0.7,0.3,0.0,1.0,3.0,0.6,0.4
447,1,1.0,0.0,1.0,0.0,1.0,0.0,1.0,0.0,10.0,46.0,0.09,0.0,98.0,2.0,0.0,4.0,1.0,1.3,0.0,1.0,1.0,0.1,0.0,0.0,3.0,1.0,0.89,0.11
447,2,11.0,0.0,2.0,11.0,3.0,3.0,4.0,9.0,32.0,33.0,0.26,0.0,100.0,2.0,1.0,28.0,2.0,5.5,0.0,0.0,1.0,1.3,0.0,0.0,1.0,1.0,0.84,0.16
447,3,5.0,2.0,1.0,10.0,1.0,5.0,3.0,1.0,14.0,37.0,1.1,0.0,94.0,2.0,0.0,24.0,1.0,2.9,1.0,1.0,1.0,0.7,0.3,0.0,1.0,3.0,0.6,0.4
447,4,0.0,0.0,1.0,0.0,5.0,3.0,1.0,1.0,2.0,56.0,0.76,0.0,40.0,2.0,1.0,4.0,3.0,3.8,0.0,1.0,1.0,0.5,0.5,0.0,2.0,2.0,0.64,0.36
447,5,11.0,0.0,2.0,11.0,3.0,3.0,4.0,9.0,32.0,33.0,0.26,0.0,100.0,2.0,1.0,28.0,2.0,5.5,0.0,0.0,1.0,1.3,0.0,0.0,1.0,1.0,0.84,0.16
447,6,0.0,0.0,1.0,0.0,1.0,0.0,1.0,0.0,8.0,44.0,0.1,0.0,97.0,2.0,0.0,4.0,1.0,1.2,0.0,1.0,1.0,0.1,0.0,0.0,2.0,1.0,0.93,0.07
447,7,0.0,0.0,1.0,1.0,0.0,1.0,4.0,2.0,4.0,32.0,0.17,0.0,94.0,3.0,0.0,18.0,1.0,2.0,0.0,1.0,1.0,0.5,0.0,0.0,1.0,2.0,0.86,0.14
447,8,1.0,0.0,1.0,0.0,0.0,3.0,3.0,1.0,13.0,28.0,0.65,0.0,66.0,2.0,2.0,9.0,2.0,3.5,0.0,1.0,1.0,0.9,1.0,0.0,1.0,0.0,0.88,0.12
452,0,3.0,3.0,1.0,3.0,0.0,2.0,3.0,0.0,8.0,15.0,0.53,0.0,90.0,2.0,0.0,3.0,2.0,3.5,0.0,1.0,1.0,0.6,0.7,0.0,2.0,1.0,0.65,0.35
452,1,0.0,4.0,1.0,4.0,0.0,0.0,4.0,0.0,5.0,9.0,0.7,0.0,85.0,1.0,0.0,3.0,2.0,3.3,1.0,1.0,1.0,0.0,1.0,0.0,1.0,1.0,0.72,0.28
452,2,8.0,4.0,1.0,1.0,0.0,3.0,5.0,1.0,14.0,17.0,0.56,0.0,80.0,2.0,0.0,12.0,2.0,2.8,0.0,1.0,1.0,0.7,1.0,0.0,4.0,3.0,0.77,0.23
452,3,0.0,0.0,1.0,0.0,0.0,2.0,1.0,0.0,5.0,15.0,0.49,0.0,89.0,2.0,0.0,7.0,1.0,1.9,0.0,1.0,1.0,0.9,0.0,0.0,1.0,2.0,1.0,0.0
457,0,1.0,0.0,1.0,1.0,0.0,4.0,3.0,0.0,11.0,16.0,0.53,1.0,82.0,2.0,0.0,20.0,2.0,2.9,0.0,1.0,1.0,1.2,0.0,0.0,1.0,1.0,0.96,0.04
457,1,3.0,0.0,1.0,0.0,0.0,0.0,1.0,0.0,2.0,13.0,0.19,0.0,75.0,2.0,0.0,20.0,1.0,2.1,0.0,2.0,1.0,0.3,1.0,0.0,2.0,1.0,0.73,0.27
459,0,0.0,0.0,1.0,0.0,1.0,0.0,1.0,0.0,8.0,44.0,0.1,0.0,97.0,2.0,0.0,4.0,1.0,1.2,0.0,1.0,1.0,0.1,0.0,0.0,2.0,1.0,0.93,0.07
459,1,1.0,0.0,1.0,0.0,0.0,3.0,3.0,1.0,13.0,28.0,0.65,0.0,66.0,2.0,2.0,9.0,2.0,3.5,0.0,1.0,1.0,0.9,1.0,0.0,1.0,0.0,0.88,0.12
459,2,0.0,0.0,1.0,1.0,0.0,1.0,4.0,2.0,4.0,32.0,0.17,0.0,94.0,3.0,0.0,18.0,1.0,2.0,0.0,1.0,1.0,0.5,0.0,0.0,1.0,2.0,0.86,0.14
459,3,0.0,0.0,1.0,2.0,11.0,3.0,4.0,1.0,4.0,24.0,0.39,0.0,90.0,3.0,0.0,10.0,2.0,4.7,1.0,1.0,1.0,1.0,0.5,0.0,4.0,4.0,0.74,0.26
459,4,0.0,0.0,1.0,1.0,0.0,1.0,4.0,2.0,4.0,32.0,0.17,0.0,94.0,3.0,0.0,18.0,1.0,2.0,0.0,1.0,1.0,0.5,0.0,0.0,1.0,2.0,0.86,0.14
462,0,8.0,4.0,1.0,1.0,0.0,3.0,5.0,1.0,14.0,17.0,0.56,0.0,80.0,2.0,0.0,12.0,2.0,2.8,0.0,1.0,1.0,0.7,1.0,0.0,4.0,3.0,0.77,0.23
462,1,0.0,8.0,1.0,0.0,0.0,2.0,1.0,1.0,15.0,4.0,0.38,1.0,78.0,2.0,0.0,7.0,2.0,5.5,2.0,1.0,1.0,0.9,1.0,0.0,3.0,3.0,0.78,0.22
462,2,3.0,3.0,1.0,3.0,0.0,2.0,3.0,0.0,8.0,15.0,0.53,0.0,90.0,2.0,0.0,3.0,2.0,3.5,0.0,1.0,1.0,0.6,0.7,0.0,2.0,1.0,0.65,0.35
462,3,0.0,0.0,1.0,0.0,0.0,0.0,1.0,0.0,8.0,19.0,0.29,0.0,81.0,2.0,0.0,5.0,1.0,1.9,1.0,1.0,1.0,0.1,0.0,0.0,2.0,0.0,0.96,0.04
463,0,0.0,0.0,1.0,2.0,11.0,3.0,4.0,1.0,4.0,24.0,0.39,0.0,90.0,3.0,0.0,10.0,2.0,4.7,1.0,1.0,1.0,1.0,0.5,0.0,4.0,4.0,0.74,0.26
463,1,0.0,0.0,1.0,1.0,0.0,1.0,4.0,2.0,4.0,32.0,0.17,0.0,94.0,3.0,0.0,18.0,1.0,2.0,0.0,1.0,1.0,0.5,0.0,0.0,1.0,2.0,0.86,0.14
463,2,0.0,0.0,1.0,2.0,11.0,3.0,4.0,1.0,4.0,24.0,0.39,0.0,90.0,3.0,0.0,10.0,2.0,4.7,1.0,1.0,1.0,1.0,0.5,0.0,4.0,4.0,0.74,0.26
463,3,0.0,0.0,1.0,1.0,0.0,1.0,4.0,2.0,4.0,32.0,0.17,0.0,94.0,3.0,0.0,18.0,1.0,2.0,0.0,1.0,1.0,0.5,0.0,0.0,1.0,2.0,0.86,0.14
467,0,11.0,0.0,2.0,11.0,3.0,3.0,4.0,9.0,32.0,33.0,0.26,0.0,100.0,2.0,1.0,28.0,2.0,5.5,0.0,0.0,1.0,1.3,0.0,0.0,1.0,1.0,0.84,0.16
467,1,11.0,0.0,2.0,11.0,3.0,3.0,4.0,9.0,32.0,33.0,0.26,0.0,100.0,2.0,1.0,28.0,2.0,5.5,0.0,0.0,1.0,1.3,0.0,0.0,1.0,1.0,0.84,0.16
467,2,1.0,0.0,1.0,0.0,0.0,3.0,3.0,1.0,13.0,28.0,0.65,0.0,66.0,2.0,2.0,9.0,2.0,3.5,0.0,1.0,1.0,0.9,1.0,0.0,1.0,0.0,0.88,0.12
467,3,5.0,2.0,1.0,10.0,1.0,5.0,3.0,1.0,14.0,37.0,1.1,0.0,94.0,2.0,0.0,24.0,1.0,2.9,1.0,1.0,1.0,0.7,0.3,0.0,1.0,3.0,0.6,0.4
492,0,0.0,3.0,1.0,0.0,0.0,0.0,1.0,0.0,2.0,4.0,0.33,1.0,21.0,2.0,0.0,8.0,1.0,3.0,1.0,2.0,1.0,0.7,0.0,0.0,2.0,0.0,0.94,0.06
498,0,11.0,0.0,2.0,11.0,3.0,3.0,4.0,9.0,32.0,33.0,0.26,0.0,100.0,2.0,1.0,28.0,2.0,5.5,0.0,0.0,1.0,1.3,0.0,0.0,1.0,1.0,0.84,0.16
498,1,11.0,0.0,2.0,11.0,3.0,3.0,4.0,9.0,32.0,33.0,0.26,0.0,100.0,2.0,1.0,28.0,2.0,5.5,0.0,0.0,1.0,1.3,0.0,0.0,1.0,1.0,0.84,0.16
498,2,5.0,2.0,1.0,10.0,1.0,5.0,3.0,1.0,14.0,37.0,1.1,0.0,94.0,2.0,0.0,24.0,1.0,2.9,1.0,1.0,1.0,0.7,0.3,0.0,1.0,3.0,0.6,0.4
498,3,0.0,0.0,1.0,1.0,0.0,1.0,4.0,2.0,4.0,32.0,0.17,0.0,94.0,3.0,0.0,18.0,1.0,2.0,0.0,1.0,1.0,0.5,0.0,0.0,1.0,2.0,0.86,0.14
498,4,5.0,2.0,1.0,10.0,1.0,5.0,3.0,1.0,14.0,37.0,1.1,0.0,94.0,2.0,0.0,24.0,1.0,2.9,1.0,1.0,1.0,0.7,0.3,0.0,1.0,3.0,0.6,0.4
498,5,0.0,0.0,1.0,0.0,1.0,0.0,1.0,0.0,8.0,44.0,0.1,0.0,97.0,2.0,0.0,4.0,1.0,1.2,0.0,1.0,1.0,0.1,0.0,0.0,2.0,1.0,0.93,0.07
500,0,27.0,0.0,5.0,8.0,1.0,0.0,1.0,1.0,11.0,7.0,0.0,0.0,87.0,1.0,0.0,3.0,2.0,4.8,1.0,1.0,1.0,1.6,0.0,0.0,1.0,0.0,0.94,0.06
504,0,0.0,0.0,1.0,2.0,11.0,3.0,4.0,1.0,4.0,24.0,0.39,0.0,90.0,3.0,0.0,10.0,2.0,4.7,1.0,1.0,1.0,1.0,0.5,0.0,4.0,4.0,0.74,0.26
504,1,0.0,0.0,1.0,1.0,0.0,1.0,4.0,2.0,4.0,32.0,0.17,0.0,94.0,3.0,0.0,18.0,1.0,2.0,0.0,1.0,1.0,0.5,0.0,0.0,1.0,2.0,0.86,0.14
504,2,0.0,0.0,1.0,0.0,0.0,0.0,1.0,0.0,8.0,19.0,0.29,0.0,81.0,2.0,0.0,5.0,1.0,1.9,1.0,1.0,1.0,0.1,0.0,0.0,2.0,0.0,0.96,0.04
506,0,3.0,3.0,1.0,3.0,0.0,2.0,3.0,0.0,8.0,15.0,0.53,0.0,90.0,2.0,0.0,3.0,2.0,3.5,0.0,1.0,1.0,0.6,0.7,0.0,2.0,1.0,0.65,0.35
506,1,8.0,4.0,1.0,1.0,0.0,3.0,5.0,1.0,14.0,17.0,0.56,0.0,80.0,2.0,0.0,12.0,2.0,2.8,0.0,1.0,1.0,0.7,1.0,0.0,4.0,3.0,0.77,0.23
506,2,8.0,0.0,1.0,1.0,0.0,1.0,2.0,1.0,15.0,17.0,0.27,0.0,82.0,2.0,0.0,5.0,2.0,4.8,1.0,1.0,1.0,1.2,0.3,0.0,3.0,2.0,0.55,0.45
506,3,8.0,4.0,1.0,1.0,0.0,3.0,5.0,1.0,14.0,17.0,0.56,0.0,80.0,2.0,0.0,12.0,2.0,2.8,0.0,1.0,1.0,0.7,1.0,0.0,4.0,3.0,0.77,0.23
522,0,1.0,0.0,1.0,0.0,0.0,3.0,3.0,1.0,13.0,28.0,0.65,0.0,66.0,2.0,2.0,9.0,2.0,3.5,0.0,1.0,1.0,0.9,1.0,0.0,1.0,0.0,0.88,0.12
522,1,1.0,0.0,1.0,0.0,0.0,1.0,3.0,0.0,4.0,23.0,0.34,1.0,66.0,2.0,0.0,8.0,2.0,2.4,0.0,1.0,1.0,0.4,0.7,0.0,6.0,4.0,0.58,0.42
522,2,1.0,0.0,1.0,1.0,0.0,2.0,6.0,1.0,14.0,13.0,0.36,0.0,73.0,3.0,0.0,19.0,2.0,3.7,0.0,1.0,1.0,1.0,0.0,0.0,2.0,0.0,0.86,0.14
522,3,1.0,0.0,1.0,1.0,0.0,2.0,6.0,1.0,14.0,13.0,0.36,0.0,73.0,3.0,0.0,19.0,2.0,3.7,0.0,1.0,1.0,1.0,0.0,0.0,2.0,0.0,0.86,0.14
522,4,8.0,4.0,1.0,1.0,0.0,3.0,5.0,1.0,14.0,17.0,0.56,0.0,80.0,2.0,0.0,12.0,2.0,2.8,0.0,1.0,1.0,0.7,1.0,0.0,4.0,3.0,0.77,0.23
522,5,1.0,1.0,1.0,2.0,0.0,0.0,5.0,0.0,10.0,10.0,0.12,1.0,58.0,3.0,2.0,14.0,1.0,3.7,1.0,0.0,1.0,1.1,0.0,0.0,1.0,0.0,0.63,0.37
1195,0,1.0,1.0,1.0,0.0,0.0,6.0,2.0,0.0,9.0,5.0,0.68,2.0,61.0,1.0,0.0,5.0,1.0,6.9,1.0,1.0,1.0,1.3,0.0,0.0,5.0,2.0,0.85,0.15
532,0,0.0,0.0,1.0,1.0,0.0,2.0,1.0,3.0,4.0,9.0,0.98,0.0,86.0,3.0,1.0,3.0,1.0,1.6,1.0,1.0,1.0,0.0,0.5,0.0,1.0,1.0,0.55,0.45
532,1,0.0,0.0,1.0,0.0,0.0,2.0,1.0,0.0,5.0,15.0,0.49,0.0,89.0,2.0,0.0,7.0,1.0,1.9,0.0,1.0,1.0,0.9,0.0,0.0,1.0,2.0,1.0,0.0
532,2,0.0,0.0,1.0,0.0,0.0,6.0,1.0,2.0,2.0,5.0,2.91,0.0,71.0,1.0,6.0,1.0,1.0,4.4,0.0,0.0,1.0,0.0,0.0,0.0,1.0,0.0,0.88,0.12
532,3,0.0,0.0,1.0,0.0,0.0,0.0,1.0,0.0,3.0,5.0,0.59,0.0,80.0,2.0,0.0,3.0,1.0,0.8,0.0,1.0,1.0,1.3,1.0,0.0,1.0,0.0,0.84,0.16
613,0,0.0,0.0,1.0,1.0,0.0,1.0,4.0,2.0,4.0,32.0,0.17,0.0,94.0,3.0,0.0,18.0,1.0,2.0,0.0,1.0,1.0,0.5,0.0,0.0,1.0,2.0,0.86,0.14
613,1,0.0,0.0,1.0,2.0,11.0,3.0,4.0,1.0,4.0,24.0,0.39,0.0,90.0,3.0,0.0,10.0,2.0,4.7,1.0,1.0,1.0,1.0,0.5,0.0,4.0,4.0,0.74,0.26
613,2,0.0,0.0,1.0,2.0,11.0,3.0,4.0,1.0,4.0,24.0,0.39,0.0,90.0,3.0,0.0,10.0,2.0,4.7,1.0,1.0,1.0,1.0,0.5,0.0,4.0,4.0,0.74,0.26
613,3,0.0,0.0,1.0,1.0,0.0,1.0,4.0,2.0,4.0,32.0,0.17,0.0,94.0,3.0,0.0,18.0,1.0,2.0,0.0,1.0,1.0,0.5,0.0,0.0,1.0,2.0,0.86,0.14
623,0,0.0,0.0,1.0,1.0,0.0,2.0,1.0,3.0,4.0,9.0,0.98,0.0,86.0,3.0,1.0,3.0,1.0,1.6,1.0,1.0,1.0,0.0,0.5,0.0,1.0,1.0,0.55,0.45
623,1,0.0,0.0,1.0,0.0,0.0,2.0,1.0,0.0,5.0,15.0,0.49,0.0,89.0,2.0,0.0,7.0,1.0,1.9,0.0,1.0,1.0,0.9,0.0,0.0,1.0,2.0,1.0,0.0
623,2,1.0,0.0,1.0,2.0,0.0,0.0,1.0,0.0,5.0,6.0,0.37,0.0,79.0,2.0,0.0,6.0,1.0,2.1,0.0,1.0,1.0,0.9,1.0,0.0,1.0,0.0,0.96,0.04
623,3,0.0,0.0,1.0,0.0,0.0,0.0,1.0,0.0,3.0,5.0,0.59,0.0,80.0,2.0,0.0,3.0,1.0,0.8,0.0,1.0,1.0,1.3,1.0,0.0,1.0,0.0,0.84,0.16
625,0,0.0,0.0,1.0,0.0,0.0,0.0,2.0,0.0,7.0,15.0,0.27,1.0,70.0,2.0,1.0,12.0,1.0,13.6,0.0,1.0,1.0,0.4,0.6,0.0,4.0,5.0,0.59,0.41
625,1,0.0,0.0,1.0,0.0,0.0,1.0,2.0,2.0,3.0,13.0,0.77,0.0,79.0,1.0,4.0,0.0,2.0,10.5,1.0,1.0,1.0,0.6,1.0,0.0,3.0,3.0,0.87,0.13
625,2,0.0,0.0,1.0,0.0,0.0,2.0,2.0,1.0,9.0,19.0,0.36,1.0,70.0,2.0,0.0,11.0,2.0,5.9,0.0,1.0,1.0,0.7,0.0,0.0,4.0,4.0,0.97,0.03
1247,0,0.0,0.0,1.0,0.0,0.0,6.0,1.0,3.0,1.0,5.0,2.32,0.0,75.0,2.0,22.0,5.0,1.0,14.4,1.0,1.0,1.0,0.4,0.7,0.0,5.0,5.0,0.56,0.44
1247,1,0.0,0.0,1.0,2.0,11.0,3.0,4.0,1.0,4.0,24.0,0.39,0.0,90.0,3.0,0.0,10.0,2.0,4.7,1.0,1.0,1.0,1.0,0.5,0.0,4.0,4.0,0.74,0.26
1247,2,0.0,0.0,1.0,0.0,0.0,0.0,1.0,0.0,8.0,19.0,0.29,0.0,81.0,2.0,0.0,5.0,1.0,1.9,1.0,1.0,1.0,0.1,0.0,0.0,2.0,0.0,0.96,0.04
1247,3,0.0,0.0,1.0,0.0,0.0,1.0,2.0,2.0,3.0,13.0,0.77,0.0,79.0,1.0,4.0,0.0,2.0,10.5,1.0,1.0,1.0,0.6,1.0,0.0,3.0,3.0,0.87,0.13
1247,4,0.0,0.0,1.0,0.0,0.0,6.0,1.0,2.0,2.0,5.0,2.91,0.0,71.0,1.0,6.0,1.0,1.0,4.4,0.0,0.0,1.0,0.0,0.0,0.0,1.0,0.0,0.88,0.12
641,0,1.0,0.0,1.0,1.0,0.0,1.0,1.0,2.0,4.0,5.0,0.19,0.0,40.0,2.0,0.0,15.0,1.0,4.2,2.0,3.0,1.0,1.1,1.0,0.0,1.0,0.0,0.86,0.14
642,0,2.0,0.0,1.0,0.0,0.0,2.0,1.0,0.0,1.0,2.0,0.3,3.0,50.0,1.0,0.0,15.0,1.0,3.5,3.0,2.0,1.0,2.5,1.0,0.0,1.0,2.0,0.53,0.47
642,1,2.0,0.0,1.0,0.0,0.0,2.0,1.0,0.0,1.0,2.0,0.3,3.0,50.0,1.0,0.0,15.0,1.0,3.5,3.0,2.0,1.0,2.5,1.0,0.0,1.0,2.0,0.53,0.47
642,2,1.0,0.0,1.0,0.0,0.0,0.0,1.0,1.0,3.0,4.0,0.22,0.0,50.0,2.0,0.0,16.0,1.0,4.0,0.0,3.0,1.0,0.0,1.0,0.0,2.0,0.0,0.68,0.32
642,3,1.0,0.0,1.0,0.0,0.0,0.0,1.0,1.0,3.0,4.0,0.22,0.0,50.0,2.0,0.0,16.0,1.0,4.0,0.0,3.0,1.0,0.0,1.0,0.0,2.0,0.0,0.68,0.32
642,4,2.0,0.0,1.0,0.0,0.0,2.0,1.0,0.0,1.0,2.0,0.3,3.0,50.0,1.0,0.0,15.0,1.0,3.5,3.0,2.0,1.0,2.5,1.0,0.0,1.0,2.0,0.53,0.47
642,5,0.0,0.0,1.0,1.0,0.0,3.0,1.0,0.0,4.0,3.0,0.66,1.0,46.0,2.0,0.0,8.0,1.0,2.0,1.0,1.0,1.0,0.0,0.5,0.0,2.0,1.0,0.58,0.42
642,6,3.0,0.0,1.0,0.0,0.0,0.0,1.0,1.0,2.0,9.0,0.13,0.0,57.0,2.0,0.0,16.0,1.0,3.9,1.0,2.0,1.0,0.0,0.0,0.0,2.0,0.0,0.96,0.04
642,7,1.0,0.0,1.0,0.0,0.0,0.0,1.0,1.0,3.0,4.0,0.22,0.0,50.0,2.0,0.0,16.0,1.0,4.0,0.0,3.0,1.0,0.0,1.0,0.0,2.0,0.0,0.68,0.32
648,0,0.0,0.0,1.0,0.0,0.0,0.0,1.0,0.0,2.0,19.0,0.25,0.0,21.0,1.0,0.0,1.0,1.0,3.9,1.0,1.0,1.0,0.1,0.5,0.0,2.0,1.0,0.64,0.36
648,1,0.0,0.0,1.0,0.0,0.0,0.0,1.0,0.0,1.0,11.0,0.27,0.0,9.0,4.0,0.0,4.0,1.0,1.7,0.0,2.0,1.0,0.4,0.2,0.0,3.0,0.0,0.52,0.48
648,2,0.0,0.0,1.0,0.0,0.0,0.0,1.0,0.0,1.0,11.0,0.27,0.0,9.0,4.0,0.0,4.0,1.0,1.7,0.0,2.0,1.0,0.4,0.2,0.0,3.0,0.0,0.52,0.48
648,3,0.0,0.0,1.0,0.0,0.0,0.0,1.0,0.0,1.0,11.0,0.27,0.0,9.0,4.0,0.0,4.0,1.0,1.7,0.0,2.0,1.0,0.4,0.2,0.0,3.0,0.0,0.52,0.48
649,0,0.0,0.0,1.0,0.0,0.0,0.0,1.0,1.0,2.0,6.0,0.36,0.0,71.0,3.0,0.0,4.0,1.0,2.3,0.0,1.0,1.0,1.0,0.0,0.0,2.0,0.0,0.97,0.03
649,1,0.0,0.0,1.0,2.0,0.0,1.0,1.0,0.0,2.0,7.0,1.12,0.0,75.0,1.0,0.0,1.0,2.0,1.6,1.0,1.0,1.0,0.5,0.5,0.0,3.0,1.0,0.84,0.16
649,2,0.0,0.0,1.0,0.0,0.0,3.0,1.0,0.0,1.0,3.0,1.3,0.0,66.0,3.0,0.0,8.0,1.0,3.7,2.0,3.0,1.0,1.4,1.0,0.0,3.0,1.0,0.78,0.22
1253,0,0.0,0.0,2.0,0.0,0.0,0.0,3.0,3.0,6.0,13.0,0.27,0.0,57.0,4.0,0.0,8.0,1.0,3.9,1.0,2.0,1.0,0.9,1.0,0.0,2.0,1.0,0.58,0.42
1253,1,2.0,0.0,1.0,0.0,0.0,1.0,2.0,0.0,7.0,7.0,0.23,2.0,66.0,3.0,0.0,13.0,2.0,3.2,1.0,2.0,1.0,1.7,0.0,0.0,2.0,3.0,0.64,0.36
1253,2,0.0,0.0,1.0,1.0,0.0,0.0,2.0,0.0,1.0,10.0,0.44,0.0,44.0,3.0,0.0,9.0,1.0,2.6,0.0,1.0,1.0,0.5,1.0,0.0,1.0,0.0,0.57,0.43
1253,3,1.0,0.0,1.0,0.0,0.0,0.0,1.0,1.0,3.0,4.0,0.22,0.0,50.0,2.0,0.0,16.0,1.0,4.0,0.0,3.0,1.0,0.0,1.0,0.0,2.0,0.0,0.68,0.32
1253,4,1.0,0.0,1.0,0.0,0.0,0.0,1.0,1.0,3.0,4.0,0.22,0.0,50.0,2.0,0.0,16.0,1.0,4.0,0.0,3.0,1.0,0.0,1.0,0.0,2.0,0.0,0.68,0.32
1253,5,3.0,0.0,1.0,0.0,0.0,0.0,1.0,1.0,2.0,9.0,0.13,0.0,57.0,2.0,0.0,16.0,1.0,3.9,1.0,2.0,1.0,0.0,0.0,0.0,2.0,0.0,0.96,0.04
651,0,0.0,0.0,1.0,0.0,0.0,0.0,1.0,0.0,1.0,10.0,0.3,0.0,0.0,4.0,0.0,2.0,1.0,1.8,0.0,1.0,1.0,0.4,0.2,0.0,3.0,0.0,0.53,0.47
651,1,0.0,0.0,1.0,0.0,1.0,1.0,2.0,1.0,0.0,7.0,0.29,1.0,0.0,3.0,0.0,2.0,1.0,1.5,0.0,2.0,1.0,0.3,0.0,0.0,4.0,2.0,0.79,0.21
651,2,0.0,0.0,1.0,0.0,0.0,0.0,1.0,0.0,1.0,9.0,0.72,0.0,0.0,2.0,2.0,1.0,1.0,2.7,1.0,2.0,1.0,0.0,1.0,0.0,3.0,3.0,0.72,0.28
1257,0,0.0,0.0,1.0,0.0,0.0,0.0,1.0,0.0,1.0,10.0,0.3,0.0,0.0,4.0,0.0,2.0,1.0,1.8,0.0,1.0,1.0,0.4,0.2,0.0,3.0,0.0,0.53,0.47
1257,1,0.0,0.0,1.0,0.0,0.0,0.0,1.0,0.0,1.0,9.0,0.72,0.0,0.0,2.0,2.0,1.0,1.0,2.7,1.0,2.0,1.0,0.0,1.0,0.0,3.0,3.0,0.72,0.28
1257,2,0.0,0.0,1.0,0.0,1.0,1.0,2.0,1.0,0.0,7.0,0.29,1.0,0.0,3.0,0.0,2.0,1.0,1.5,0.0,2.0,1.0,0.3,0.0,0.0,4.0,2.0,0.79,0.21
660,0,4.0,0.0,1.0,0.0,0.0,1.0,1.0,2.0,0.0,13.0,0.46,0.0,0.0,4.0,0.0,15.0,1.0,3.5,0.0,1.0,1.0,0.5,1.0,0.0,1.0,0.0,0.94,0.06
660,1,2.0,0.0,1.0,0.0,0.0,5.0,1.0,0.0,0.0,5.0,0.34,2.0,0.0,3.0,0.0,23.0,1.0,3.6,0.0,2.0,1.0,1.1,0.0,0.0,4.0,6.0,0.66,0.34
660,2,3.0,0.0,1.0,0.0,0.0,3.0,1.0,0.0,0.0,7.0,0.51,2.0,0.0,3.0,0.0,11.0,1.0,1.7,0.0,3.0,1.0,0.2,0.0,0.0,1.0,0.0,0.75,0.25
660,3,2.0,0.0,1.0,0.0,0.0,5.0,1.0,0.0,0.0,5.0,0.34,2.0,0.0,3.0,0.0,23.0,1.0,3.6,0.0,2.0,1.0,1.1,0.0,0.0,4.0,6.0,0.66,0.34
660,4,4.0,0.0,1.0,0.0,0.0,1.0,1.0,2.0,0.0,7.0,0.3,0.0,0.0,4.0,0.0,15.0,1.0,2.8,0.0,1.0,1.0,0.8,1.0,0.0,1.0,0.0,0.88,0.12
660,5,3.0,0.0,1.0,0.0,0.0,3.0,1.0,0.0,0.0,7.0,0.51,2.0,0.0,3.0,0.0,11.0,1.0,1.7,0.0,3.0,1.0,0.2,0.0,0.0,1.0,0.0,0.75,0.25
660,6,2.0,0.0,1.0,0.0,0.0,5.0,1.0,0.0,0.0,5.0,0.34,2.0,0.0,3.0,0.0,23.0,1.0,3.6,0.0,2.0,1.0,1.1,0.0,0.0,4.0,6.0,0.66,0.34
661,0,2.0,0.0,1.0,0.0,0.0,1.0,2.0,0.0,7.0,7.0,0.23,2.0,66.0,3.0,0.0,13.0,2.0,3.2,1.0,2.0,1.0,1.7,0.0,0.0,2.0,3.0,0.64,0.36
661,1,2.0,0.0,1.0,0.0,0.0,1.0,2.0,0.0,7.0,7.0,0.23,2.0,66.0,3.0,0.0,13.0,2.0,3.2,1.0,2.0,1.0,1.7,0.0,0.0,2.0,3.0,0.64,0.36
661,2,2.0,0.0,1.0,0.0,0.0,1.0,2.0,0.0,7.0,7.0,0.23,2.0,66.0,3.0,0.0,13.0,2.0,3.2,1.0,2.0,1.0,1.7,0.0,0.0,2.0,3.0,0.64,0.36
661,3,1.0,1.0,1.0,2.0,0.0,0.0,5.0,0.0,10.0,10.0,0.12,1.0,58.0,3.0,2.0,14.0,1.0,3.7,1.0,0.0,1.0,1.1,0.0,0.0,1.0,0.0,0.63,0.37
662,0,3.0,0.0,1.0,4.0,2.0,2.0,1.0,0.0,0.0,10.0,0.55,0.0,82.0,2.0,0.0,15.0,1.0,2.2,0.0,1.0,1.0,0.9,1.0,0.0,1.0,0.0,0.85,0.15
662,1,3.0,0.0,1.0,0.0,0.0,0.0,1.0,0.0,2.0,13.0,0.19,0.0,75.0,2.0,0.0,20.0,1.0,2.1,0.0,2.0,1.0,0.3,1.0,0.0,2.0,1.0,0.73,0.27
662,2,3.0,0.0,1.0,0.0,0.0,0.0,1.0,0.0,2.0,13.0,0.19,0.0,75.0,2.0,0.0,20.0,1.0,2.1,0.0,2.0,1.0,0.3,1.0,0.0,2.0,1.0,0.73,0.27
662,3,1.0,0.0,1.0,1.0,0.0,4.0,3.0,0.0,11.0,16.0,0.53,1.0,82.0,2.0,0.0,20.0,2.0,2.9,0.0,1.0,1.0,1.2,0.0,0.0,1.0,1.0,0.96,0.04
662,4,5.0,0.0,1.0,0.0,0.0,0.0,1.0,1.0,2.0,7.0,0.12,1.0,84.0,3.0,0.0,24.0,1.0,3.1,0.0,4.0,1.0,0.3,0.0,0.0,5.0,1.0,0.66,0.34
666,0,1.0,0.0,1.0,1.0,0.0,2.0,6.0,1.0,14.0,13.0,0.36,0.0,73.0,3.0,0.0,19.0,2.0,3.7,0.0,1.0,1.0,1.0,0.0,0.0,2.0,0.0,0.86,0.14
666,1,1.0,0.0,1.0,1.0,0.0,2.0,6.0,1.0,14.0,13.0,0.36,0.0,73.0,3.0,0.0,19.0,2.0,3.7,0.0,1.0,1.0,1.0,0.0,0.0,2.0,0.0,0.86,0.14
666,2,3.0,0.0,1.0,0.0,0.0,0.0,1.0,0.0,2.0,13.0,0.19,0.0,75.0,2.0,0.0,20.0,1.0,2.1,0.0,2.0,1.0,0.3,1.0,0.0,2.0,1.0,0.73,0.27
666,3,1.0,0.0,1.0,0.0,0.0,1.0,3.0,0.0,4.0,23.0,0.34,1.0,66.0,2.0,0.0,8.0,2.0,2.4,0.0,1.0,1.0,0.4,0.7,0.0,6.0,4.0,0.58,0.42
666,4,1.0,1.0,1.0,2.0,0.0,0.0,5.0,0.0,10.0,10.0,0.12,1.0,58.0,3.0,2.0,14.0,1.0,3.7,1.0,0.0,1.0,1.1,0.0,0.0,1.0,0.0,0.63,0.37
666,5,1.0,0.0,1.0,1.0,0.0,4.0,3.0,0.0,11.0,16.0,0.53,1.0,82.0,2.0,0.0,20.0,2.0,2.9,0.0,1.0,1.0,1.2,0.0,0.0,1.0,1.0,0.96,0.04
668,0,1.0,1.0,1.0,2.0,0.0,0.0,5.0,0.0,10.0,10.0,0.12,1.0,58.0,3.0,2.0,14.0,1.0,3.7,1.0,0.0,1.0,1.1,0.0,0.0,1.0,0.0,0.63,0.37
668,1,3.0,0.0,1.0,0.0,0.0,0.0,1.0,0.0,2.0,13.0,0.19,0.0,75.0,2.0,0.0,20.0,1.0,2.1,0.0,2.0,1.0,0.3,1.0,0.0,2.0,1.0,0.73,0.27
668,2,0.0,0.0,1.0,3.0,0.0,0.0,5.0,0.0,5.0,15.0,0.2,1.0,55.0,2.0,0.0,16.0,2.0,1.9,0.0,1.0,1.0,0.5,1.0,0.0,2.0,1.0,0.58,0.42
668,3,0.0,0.0,1.0,3.0,0.0,0.0,5.0,0.0,5.0,15.0,0.2,1.0,55.0,2.0,0.0,16.0,2.0,1.9,0.0,1.0,1.0,0.5,1.0,0.0,2.0,1.0,0.58,0.42
668,4,2.0,0.0,1.0,0.0,0.0,1.0,2.0,0.0,7.0,7.0,0.23,2.0,66.0,3.0,0.0,13.0,2.0,3.2,1.0,2.0,1.0,1.7,0.0,0.0,2.0,3.0,0.64,0.36
668,5,1.0,0.0,1.0,1.0,0.0,2.0,6.0,1.0,14.0,13.0,0.36,0.0,73.0,3.0,0.0,19.0,2.0,3.7,0.0,1.0,1.0,1.0,0.0,0.0,2.0,0.0,0.86,0.14
668,6,1.0,0.0,1.0,0.0,0.0,2.0,1.0,0.0,2.0,10.0,0.13,2.0,54.0,3.0,0.0,29.0,1.0,6.3,1.0,1.0,1.0,2.3,0.0,0.0,5.0,2.0,0.64,0.36
668,7,3.0,0.0,1.0,1.0,0.0,0.0,2.0,0.0,6.0,8.0,0.18,2.0,52.0,2.0,0.0,25.0,2.0,5.2,1.0,1.0,1.0,0.9,1.0,0.0,3.0,3.0,0.53,0.47
668,8,0.0,0.0,1.0,0.0,0.0,0.0,3.0,1.0,7.0,20.0,0.29,0.0,61.0,2.0,0.0,9.0,2.0,2.1,0.0,0.0,1.0,0.2,1.0,0.0,1.0,2.0,0.86,0.14
670,0,0.0,0.0,1.0,0.0,0.0,0.0,3.0,1.0,7.0,20.0,0.29,0.0,61.0,2.0,0.0,9.0,2.0,2.1,0.0,0.0,1.0,0.2,1.0,0.0,1.0,2.0,0.86,0.14
670,1,1.0,0.0,1.0,0.0,0.0,1.0,3.0,0.0,4.0,23.0,0.34,1.0,66.0,2.0,0.0,8.0,2.0,2.4,0.0,1.0,1.0,0.4,0.7,0.0,6.0,4.0,0.58,0.42
670,2,1.0,1.0,1.0,2.0,0.0,0.0,5.0,0.0,10.0,10.0,0.12,1.0,58.0,3.0,2.0,14.0,1.0,3.7,1.0,0.0,1.0,1.1,0.0,0.0,1.0,0.0,0.63,0.37
670,3,0.0,0.0,1.0,3.0,0.0,0.0,5.0,0.0,5.0,15.0,0.2,1.0,55.0,2.0,0.0,16.0,2.0,1.9,0.0,1.0,1.0,0.5,1.0,0.0,2.0,1.0,0.58,0.42
670,4,2.0,0.0,1.0,0.0,0.0,0.0,1.0,0.0,1.0,21.0,0.15,1.0,52.0,3.0,0.0,28.0,1.0,1.7,0.0,1.0,1.0,0.3,0.0,0.0,3.0,4.0,0.6,0.4
670,5,3.0,0.0,1.0,0.0,0.0,0.0,1.0,0.0,2.0,13.0,0.19,0.0,75.0,2.0,0.0,20.0,1.0,2.1,0.0,2.0,1.0,0.3,1.0,0.0,2.0,1.0,0.73,0.27
675,0,0.0,0.0,1.0,0.0,0.0,4.0,1.0,0.0,0.0,30.0,1.37,0.0,0.0,2.0,1.0,26.0,1.0,5.4,0.0,2.0,1.0,0.1,0.5,0.0,2.0,0.0,0.62,0.38
675,1,0.0,0.0,1.0,0.0,0.0,0.0,1.0,0.0,0.0,51.0,0.13,0.0,0.0,4.0,1.0,11.0,1.0,0.5,0.0,1.0,1.0,0.0,0.0,0.0,1.0,1.0,0.95,0.05
675,2,2.0,0.0,1.0,0.0,0.0,5.0,1.0,0.0,0.0,5.0,0.34,2.0,0.0,3.0,0.0,23.0,1.0,3.6,0.0,2.0,1.0,1.1,0.0,0.0,4.0,6.0,0.66,0.34
675,3,4.0,0.0,1.0,0.0,0.0,1.0,1.0,2.0,0.0,13.0,0.46,0.0,0.0,4.0,0.0,15.0,1.0,3.5,0.0,1.0,1.0,0.5,1.0,0.0,1.0,0.0,0.94,0.06
675,4,2.0,0.0,1.0,0.0,0.0,5.0,1.0,0.0,0.0,5.0,0.34,2.0,0.0,3.0,0.0,23.0,1.0,3.6,0.0,2.0,1.0,1.1,0.0,0.0,4.0,6.0,0.66,0.34
675,5,0.0,0.0,1.0,0.0,1.0,1.0,4.0,0.0,0.0,9.0,0.31,1.0,0.0,3.0,0.0,16.0,1.0,1.6,1.0,1.0,1.0,0.9,0.0,0.0,2.0,4.0,0.62,0.38
675,6,2.0,0.0,1.0,0.0,0.0,5.0,1.0,0.0,0.0,5.0,0.34,2.0,0.0,3.0,0.0,23.0,1.0,3.6,0.0,2.0,1.0,1.1,0.0,0.0,4.0,6.0,0.66,0.34
676,0,5.0,0.0,1.0,0.0,0.0,0.0,2.0,1.0,2.0,10.0,0.1,0.0,90.0,2.0,0.0,18.0,2.0,3.8,1.0,1.0,1.0,0.8,1.0,0.0,1.0,2.0,0.67,0.33
676,1,0.0,0.0,1.0,1.0,0.0,1.0,4.0,2.0,4.0,32.0,0.17,0.0,94.0,3.0,0.0,18.0,1.0,2.0,0.0,1.0,1.0,0.5,0.0,0.0,1.0,2.0,0.86,0.14
676,2,2.0,0.0,1.0,1.0,0.0,0.0,1.0,2.0,5.0,16.0,0.17,0.0,89.0,2.0,0.0,18.0,1.0,2.4,0.0,2.0,1.0,0.4,1.0,0.0,1.0,1.0,0.86,0.14
676,3,0.0,0.0,1.0,1.0,0.0,1.0,4.0,2.0,4.0,32.0,0.17,0.0,94.0,3.0,0.0,18.0,1.0,2.0,0.0,1.0,1.0,0.5,0.0,0.0,1.0,2.0,0.86,0.14
677,0,0.0,0.0,1.0,0.0,5.0,3.0,1.0,1.0,2.0,56.0,0.76,0.0,40.0,2.0,1.0,4.0,3.0,3.8,0.0,1.0,1.0,0.5,0.5,0.0,2.0,2.0,0.64,0.36
677,1,1.0,0.0,1.0,0.0,1.0,0.0,1.0,0.0,10.0,46.0,0.09,0.0,98.0,2.0,0.0,4.0,1.0,1.3,0.0,1.0,1.0,0.1,0.0,0.0,3.0,1.0,0.89,0.11
677,2,5.0,2.0,1.0,10.0,1.0,5.0,3.0,1.0,14.0,37.0,1.1,0.0,94.0,2.0,0.0,24.0,1.0,2.9,1.0,1.0,1.0,0.7,0.3,0.0,1.0,3.0,0.6,0.4
677,3,5.0,2.0,1.0,10.0,1.0,5.0,3.0,1.0,14.0,37.0,1.1,0.0,94.0,2.0,0.0,24.0,1.0,2.9,1.0,1.0,1.0,0.7,0.3,0.0,1.0,3.0,0.6,0.4
677,4,11.0,0.0,2.0,11.0,3.0,3.0,4.0,9.0,32.0,33.0,0.26,0.0,100.0,2.0,1.0,28.0,2.0,5.5,0.0,0.0,1.0,1.3,0.0,0.0,1.0,1.0,0.84,0.16
677,5,0.0,0.0,1.0,0.0,1.0,0.0,1.0,0.0,8.0,44.0,0.1,0.0,97.0,2.0,0.0,4.0,1.0,1.2,0.0,1.0,1.0,0.1,0.0,0.0,2.0,1.0,0.93,0.07
677,6,0.0,0.0,1.0,1.0,0.0,1.0,4.0,2.0,4.0,32.0,0.17,0.0,94.0,3.0,0.0,18.0,1.0,2.0,0.0,1.0,1.0,0.5,0.0,0.0,1.0,2.0,0.86,0.14
677,7,1.0,0.0,1.0,0.0,0.0,3.0,3.0,1.0,13.0,28.0,0.65,0.0,66.0,2.0,2.0,9.0,2.0,3.5,0.0,1.0,1.0,0.9,1.0,0.0,1.0,0.0,0.88,0.12
678,0,4.0,0.0,1.0,0.0,0.0,1.0,1.0,2.0,0.0,13.0,0.46,0.0,0.0,4.0,0.0,15.0,1.0,3.5,0.0,1.0,1.0,0.5,1.0,0.0,1.0,0.0,0.94,0.06
678,1,2.0,0.0,1.0,0.0,0.0,5.0,1.0,0.0,0.0,5.0,0.34,2.0,0.0,3.0,0.0,23.0,1.0,3.6,0.0,2.0,1.0,1.1,0.0,0.0,4.0,6.0,0.66,0.34
678,2,0.0,0.0,1.0,0.0,1.0,1.0,4.0,0.0,0.0,9.0,0.31,1.0,0.0,3.0,0.0,16.0,1.0,1.6,1.0,1.0,1.0,0.9,0.0,0.0,2.0,4.0,0.62,0.38
678,3,4.0,0.0,1.0,0.0,0.0,1.0,1.0,2.0,0.0,7.0,0.3,0.0,0.0,4.0,0.0,15.0,1.0,2.8,0.0,1.0,1.0,0.8,1.0,0.0,1.0,0.0,0.88,0.12
678,4,0.0,0.0,1.0,0.0,1.0,1.0,4.0,0.0,0.0,9.0,0.31,1.0,0.0,3.0,0.0,16.0,1.0,1.6,1.0,1.0,1.0,0.9,0.0,0.0,2.0,4.0,0.62,0.38
678,5,0.0,0.0,1.0,0.0,1.0,1.0,4.0,0.0,0.0,9.0,0.31,1.0,0.0,3.0,0.0,16.0,1.0,1.6,1.0,1.0,1.0,0.9,0.0,0.0,2.0,4.0,0.62,0.38
680,0,3.0,0.0,1.0,0.0,0.0,3.0,1.0,0.0,0.0,7.0,0.51,2.0,0.0,3.0,0.0,11.0,1.0,1.7,0.0,3.0,1.0,0.2,0.0,0.0,1.0,0.0,0.75,0.25
680,1,4.0,0.0,1.0,0.0,0.0,1.0,1.0,2.0,0.0,7.0,0.3,0.0,0.0,4.0,0.0,15.0,1.0,2.8,0.0,1.0,1.0,0.8,1.0,0.0,1.0,0.0,0.88,0.12
680,2,3.0,0.0,1.0,0.0,0.0,3.0,1.0,0.0,0.0,7.0,0.51,2.0,0.0,3.0,0.0,11.0,1.0,1.7,0.0,3.0,1.0,0.2,0.0,0.0,1.0,0.0,0.75,0.25
680,3,0.0,0.0,1.0,0.0,1.0,3.0,1.0,0.0,0.0,4.0,2.21,2.0,0.0,2.0,0.0,14.0,1.0,0.8,0.0,1.0,1.0,0.0,0.5,0.0,1.0,1.0,0.55,0.45
680,4,0.0,0.0,1.0,0.0,0.0,0.0,1.0,0.0,0.0,2.0,0.57,4.0,0.0,1.0,0.0,11.0,2.0,2.5,1.0,1.0,1.0,0.8,0.5,0.0,1.0,1.0,0.56,0.44
680,5,0.0,0.0,1.0,0.0,0.0,0.0,1.0,0.0,0.0,2.0,0.81,1.0,0.0,3.0,0.0,14.0,1.0,3.0,1.0,2.0,1.0,0.0,0.0,0.0,4.0,2.0,0.75,0.25
680,6,0.0,0.0,1.0,0.0,0.0,0.0,1.0,0.0,0.0,2.0,0.81,1.0,0.0,3.0,0.0,14.0,1.0,3.0,1.0,2.0,1.0,0.0,0.0,0.0,4.0,2.0,0.75,0.25
680,7,0.0,0.0,1.0,0.0,0.0,3.0,1.0,0.0,0.0,2.0,0.43,3.0,0.0,3.0,0.0,16.0,1.0,3.0,1.0,2.0,1.0,1.5,0.0,0.0,4.0,2.0,0.74,0.26
1264,0,1.0,0.0,1.0,0.0,0.0,1.0,3.0,0.0,4.0,23.0,0.34,1.0,66.0,2.0,0.0,8.0,2.0,2.4,0.0,1.0,1.0,0.4,0.7,0.0,6.0,4.0,0.58,0.42
1264,1,1.0,0.0,1.0,0.0,0.0,3.0,3.0,1.0,13.0,28.0,0.65,0.0,66.0,2.0,2.0,9.0,2.0,3.5,0.0,1.0,1.0,0.9,1.0,0.0,1.0,0.0,0.88,0.12
1264,2,1.0,0.0,1.0,1.0,0.0,2.0,6.0,1.0,14.0,13.0,0.36,0.0,73.0,3.0,0.0,19.0,2.0,3.7,0.0,1.0,1.0,1.0,0.0,0.0,2.0,0.0,0.86,0.14
1264,3,1.0,0.0,1.0,1.0,0.0,2.0,6.0,1.0,14.0,13.0,0.36,0.0,73.0,3.0,0.0,19.0,2.0,3.7,0.0,1.0,1.0,1.0,0.0,0.0,2.0,0.0,0.86,0.14
1264,4,1.0,0.0,1.0,1.0,0.0,4.0,3.0,0.0,11.0,16.0,0.53,1.0,82.0,2.0,0.0,20.0,2.0,2.9,0.0,1.0,1.0,1.2,0.0,0.0,1.0,1.0,0.96,0.04
1267,0,0.0,0.0,1.0,0.0,0.0,9.0,1.0,0.0,0.0,1.0,0.48,10.0,0.0,3.0,0.0,16.0,1.0,5.0,5.0,13.0,2.0,1.0,0.0,0.0,2.0,1.0,0.64,0.36
1267,1,1.0,0.0,1.0,0.0,0.0,6.0,1.0,0.0,0.0,3.0,0.21,6.0,0.0,3.0,0.0,15.0,1.0,5.0,3.0,4.0,1.0,0.5,0.0,0.0,4.0,2.0,0.67,0.33
1267,2,2.0,0.0,1.0,0.0,0.0,2.0,1.0,0.0,0.0,1.0,0.31,4.0,0.0,3.0,0.0,10.0,1.0,3.7,1.0,9.0,2.0,1.6,0.0,0.0,1.0,1.0,0.71,0.29
1267,3,0.0,0.0,1.0,0.0,0.0,0.0,1.0,0.0,0.0,1.0,1.12,3.0,0.0,1.0,0.0,5.0,2.0,1.0,1.0,7.0,1.0,0.0,1.0,0.0,2.0,0.0,0.56,0.44
1267,4,2.0,0.0,1.0,0.0,0.0,2.0,1.0,0.0,0.0,1.0,0.31,4.0,0.0,3.0,0.0,10.0,1.0,3.7,1.0,9.0,2.0,1.6,0.0,0.0,1.0,1.0,0.71,0.29
1267,5,0.0,0.0,1.0,0.0,0.0,4.0,1.0,0.0,0.0,1.0,0.61,1.0,0.0,2.0,0.0,13.0,1.0,2.0,2.0,15.0,1.0,0.0,0.0,0.0,2.0,0.0,0.93,0.07
1267,6,0.0,0.0,1.0,0.0,0.0,0.0,1.0,0.0,0.0,1.0,0.7,1.0,0.0,2.0,0.0,10.0,1.0,6.0,6.0,9.0,1.0,0.0,1.0,0.0,1.0,0.0,0.9,0.1
690,0,0.0,0.0,2.0,0.0,0.0,0.0,3.0,3.0,6.0,13.0,0.27,0.0,57.0,4.0,0.0,8.0,1.0,3.9,1.0,2.0,1.0,0.9,1.0,0.0,2.0,1.0,0.58,0.42
690,1,1.0,1.0,1.0,2.0,0.0,0.0,5.0,0.0,10.0,10.0,0.12,1.0,58.0,3.0,2.0,14.0,1.0,3.7,1.0,0.0,1.0,1.1,0.0,0.0,1.0,0.0,0.63,0.37
690,2,0.0,0.0,1.0,3.0,0.0,0.0,5.0,0.0,5.0,15.0,0.2,1.0,55.0,2.0,0.0,16.0,2.0,1.9,0.0,1.0,1.0,0.5,1.0,0.0,2.0,1.0,0.58,0.42
690,3,0.0,0.0,1.0,0.0,0.0,0.0,1.0,0.0,2.0,11.0,0.31,0.0,40.0,3.0,0.0,13.0,2.0,1.6,0.0,1.0,1.0,0.3,0.0,0.0,1.0,1.0,0.86,0.14
690,4,0.0,0.0,1.0,1.0,0.0,3.0,1.0,0.0,4.0,3.0,0.66,1.0,46.0,2.0,0.0,8.0,1.0,2.0,1.0,1.0,1.0,0.0,0.5,0.0,2.0,1.0,0.58,0.42
690,5,1.0,0.0,1.0,0.0,0.0,0.0,1.0,1.0,3.0,4.0,0.22,0.0,50.0,2.0,0.0,16.0,1.0,4.0,0.0,3.0,1.0,0.0,1.0,0.0,2.0,0.0,0.68,0.32
690,6,2.0,0.0,1.0,0.0,0.0,1.0,2.0,0.0,7.0,7.0,0.23,2.0,66.0,3.0,0.0,13.0,2.0,3.2,1.0,2.0,1.0,1.7,0.0,0.0,2.0,3.0,0.64,0.36
690,7,1.0,0.0,1.0,0.0,0.0,0.0,1.0,1.0,3.0,4.0,0.22,0.0,50.0,2.0,0.0,16.0,1.0,4.0,0.0,3.0,1.0,0.0,1.0,0.0,2.0,0.0,0.68,0.32
696,0,2.0,0.0,1.0,0.0,0.0,1.0,2.0,0.0,7.0,7.0,0.23,2.0,66.0,3.0,0.0,13.0,2.0,3.2,1.0,2.0,1.0,1.7,0.0,0.0,2.0,3.0,0.64,0.36
696,1,2.0,0.0,1.0,0.0,0.0,1.0,2.0,0.0,7.0,7.0,0.23,2.0,66.0,3.0,0.0,13.0,2.0,3.2,1.0,2.0,1.0,1.7,0.0,0.0,2.0,3.0,0.64,0.36
696,2,2.0,0.0,1.0,0.0,0.0,1.0,2.0,0.0,7.0,7.0,0.23,2.0,66.0,3.0,0.0,13.0,2.0,3.2,1.0,2.0,1.0,1.7,0.0,0.0,2.0,3.0,0.64,0.36
1268,0,3.0,0.0,1.0,0.0,0.0,0.0,1.0,0.0,2.0,13.0,0.19,0.0,75.0,2.0,0.0,20.0,1.0,2.1,0.0,2.0,1.0,0.3,1.0,0.0,2.0,1.0,0.73,0.27
1268,1,1.0,0.0,1.0,1.0,0.0,4.0,3.0,0.0,11.0,16.0,0.53,1.0,82.0,2.0,0.0,20.0,2.0,2.9,0.0,1.0,1.0,1.2,0.0,0.0,1.0,1.0,0.96,0.04
699,0,1.0,0.0,1.0,1.0,0.0,2.0,6.0,1.0,14.0,13.0,0.36,0.0,73.0,3.0,0.0,19.0,2.0,3.7,0.0,1.0,1.0,1.0,0.0,0.0,2.0,0.0,0.86,0.14
699,1,1.0,0.0,1.0,1.0,0.0,2.0,6.0,1.0,14.0,13.0,0.36,0.0,73.0,3.0,0.0,19.0,2.0,3.7,0.0,1.0,1.0,1.0,0.0,0.0,2.0,0.0,0.86,0.14
699,2,1.0,0.0,1.0,1.0,0.0,4.0,3.0,0.0,11.0,16.0,0.53,1.0,82.0,2.0,0.0,20.0,2.0,2.9,0.0,1.0,1.0,1.2,0.0,0.0,1.0,1.0,0.96,0.04
699,3,1.0,0.0,1.0,0.0,0.0,1.0,3.0,0.0,4.0,23.0,0.34,1.0,66.0,2.0,0.0,8.0,2.0,2.4,0.0,1.0,1.0,0.4,0.7,0.0,6.0,4.0,0.58,0.42
699,4,0.0,4.0,1.0,0.0,0.0,1.0,3.0,0.0,9.0,4.0,0.29,0.0,75.0,3.0,0.0,12.0,2.0,4.1,1.0,2.0,1.0,1.8,0.0,0.0,2.0,1.0,0.62,0.38
1269,0,1.0,0.0,1.0,1.0,0.0,1.0,1.0,2.0,4.0,5.0,0.19,0.0,40.0,2.0,0.0,15.0,1.0,4.2,2.0,3.0,1.0,1.1,1.0,0.0,1.0,0.0,0.86,0.14
1269,1,0.0,0.0,1.0,0.0,0.0,0.0,1.0,0.0,2.0,11.0,0.31,0.0,40.0,3.0,0.0,13.0,2.0,1.6,0.0,1.0,1.0,0.3,0.0,0.0,1.0,1.0,0.86,0.14
1269,2,0.0,0.0,1.0,1.0,0.0,0.0,2.0,0.0,1.0,10.0,0.44,0.0,44.0,3.0,0.0,9.0,1.0,2.6,0.0,1.0,1.0,0.5,1.0,0.0,1.0,0.0,0.57,0.43
1269,3,1.0,0.0,1.0,1.0,0.0,1.0,1.0,2.0,4.0,5.0,0.19,0.0,40.0,2.0,0.0,15.0,1.0,4.2,2.0,3.0,1.0,1.1,0.0,0.0,1.0,1.0,0.97,0.03
703,0,0.0,0.0,1.0,2.0,0.0,7.0,6.0,0.0,2.0,17.0,3.24,0.0,100.0,1.0,2.0,8.0,1.0,1.4,1.0,1.0,1.0,0.0,0.0,0.0,3.0,1.0,0.92,0.08
703,1,3.0,3.0,1.0,3.0,0.0,2.0,3.0,0.0,8.0,15.0,0.53,0.0,90.0,2.0,0.0,3.0,2.0,3.5,0.0,1.0,1.0,0.6,0.7,0.0,2.0,1.0,0.65,0.35
703,2,0.0,0.0,1.0,0.0,0.0,2.0,1.0,0.0,5.0,15.0,0.49,0.0,89.0,2.0,0.0,7.0,1.0,1.9,0.0,1.0,1.0,0.9,0.0,0.0,1.0,2.0,1.0,0.0
704,0,3.0,0.0,1.0,1.0,0.0,0.0,2.0,0.0,6.0,8.0,0.18,2.0,52.0,2.0,0.0,25.0,2.0,5.2,1.0,1.0,1.0,0.9,1.0,0.0,3.0,3.0,0.53,0.47
704,1,0.0,0.0,1.0,3.0,0.0,0.0,5.0,0.0,5.0,15.0,0.2,1.0,55.0,2.0,0.0,16.0,2.0,1.9,0.0,1.0,1.0,0.5,1.0,0.0,2.0,1.0,0.58,0.42
704,2,1.0,0.0,1.0,0.0,0.0,2.0,1.0,0.0,2.0,10.0,0.13,2.0,54.0,3.0,0.0,29.0,1.0,6.3,1.0,1.0,1.0,2.3,0.0,0.0,5.0,2.0,0.64,0.36
704,3,2.0,0.0,1.0,0.0,0.0,0.0,1.0,0.0,1.0,21.0,0.15,1.0,52.0,3.0,0.0,28.0,1.0,1.7,0.0,1.0,1.0,0.3,0.0,0.0,3.0,4.0,0.6,0.4
704,4,0.0,0.0,1.0,3.0,0.0,0.0,5.0,0.0,5.0,15.0,0.2,1.0,55.0,2.0,0.0,16.0,2.0,1.9,0.0,1.0,1.0,0.5,1.0,0.0,2.0,1.0,0.58,0.42
704,5,1.0,0.0,1.0,0.0,0.0,0.0,1.0,1.0,3.0,4.0,0.22,0.0,50.0,2.0,0.0,16.0,1.0,4.0,0.0,3.0,1.0,0.0,1.0,0.0,2.0,0.0,0.68,0.32
704,6,0.0,0.0,1.0,1.0,0.0,0.0,2.0,0.0,1.0,10.0,0.44,0.0,44.0,3.0,0.0,9.0,1.0,2.6,0.0,1.0,1.0,0.5,1.0,0.0,1.0,0.0,0.57,0.43
705,0,0.0,0.0,1.0,1.0,0.0,1.0,4.0,2.0,4.0,32.0,0.17,0.0,94.0,3.0,0.0,18.0,1.0,2.0,0.0,1.0,1.0,0.5,0.0,0.0,1.0,2.0,0.86,0.14
705,1,0.0,0.0,1.0,0.0,1.0,0.0,1.0,0.0,8.0,44.0,0.1,0.0,97.0,2.0,0.0,4.0,1.0,1.2,0.0,1.0,1.0,0.1,0.0,0.0,2.0,1.0,0.93,0.07
705,2,5.0,2.0,1.0,10.0,1.0,5.0,3.0,1.0,14.0,37.0,1.1,0.0,94.0,2.0,0.0,24.0,1.0,2.9,1.0,1.0,1.0,0.7,0.3,0.0,1.0,3.0,0.6,0.4
705,3,0.0,0.0,1.0,1.0,0.0,1.0,4.0,2.0,4.0,32.0,0.17,0.0,94.0,3.0,0.0,18.0,1.0,2.0,0.0,1.0,1.0,0.5,0.0,0.0,1.0,2.0,0.86,0.14
705,4,0.0,0.0,1.0,1.0,0.0,1.0,4.0,2.0,4.0,32.0,0.17,0.0,94.0,3.0,0.0,18.0,1.0,2.0,0.0,1.0,1.0,0.5,0.0,0.0,1.0,2.0,0.86,0.14
710,0,4.0,0.0,1.0,0.0,0.0,1.0,1.0,2.0,0.0,7.0,0.3,0.0,0.0,4.0,0.0,15.0,1.0,2.8,0.0,1.0,1.0,0.8,1.0,0.0,1.0,0.0,0.88,0.12
710,1,0.0,0.0,1.0,0.0,1.0,1.0,4.0,0.0,0.0,9.0,0.31,1.0,0.0,3.0,0.0,16.0,1.0,1.6,1.0,1.0,1.0,0.9,0.0,0.0,2.0,4.0,0.62,0.38
710,2,0.0,0.0,1.0,0.0,1.0,1.0,4.0,0.0,0.0,9.0,0.31,1.0,0.0,3.0,0.0,16.0,1.0,1.6,1.0,1.0,1.0,0.9,0.0,0.0,2.0,4.0,0.62,0.38
710,3,3.0,0.0,1.0,0.0,0.0,3.0,1.0,0.0,0.0,7.0,0.51,2.0,0.0,3.0,0.0,11.0,1.0,1.7,0.0,3.0,1.0,0.2,0.0,0.0,1.0,0.0,0.75,0.25
710,4,3.0,0.0,1.0,0.0,0.0,3.0,1.0,0.0,0.0,7.0,0.51,2.0,0.0,3.0,0.0,11.0,1.0,1.7,0.0,3.0,1.0,0.2,0.0,0.0,1.0,0.0,0.75,0.25
710,5,4.0,0.0,1.0,0.0,0.0,1.0,1.0,2.0,0.0,13.0,0.46,0.0,0.0,4.0,0.0,15.0,1.0,3.5,0.0,1.0,1.0,0.5,1.0,0.0,1.0,0.0,0.94,0.06
1273,0,0.0,1.0,1.0,0.0,0.0,1.0,2.0,0.0,1.0,9.0,1.12,0.0,33.0,3.0,0.0,4.0,2.0,1.8,0.0,1.0,1.0,0.5,0.5,0.0,2.0,1.0,0.8,0.2
1277,0,1.0,0.0,1.0,1.0,0.0,4.0,3.0,0.0,11.0,16.0,0.53,1.0,82.0,2.0,0.0,20.0,2.0,2.9,0.0,1.0,1.0,1.2,0.0,0.0,1.0,1.0,0.96,0.04
1277,1,3.0,0.0,1.0,0.0,0.0,0.0,1.0,0.0,2.0,13.0,0.19,0.0,75.0,2.0,0.0,20.0,1.0,2.1,0.0,2.0,1.0,0.3,1.0,0.0,2.0,1.0,0.73,0.27
1277,2,3.0,0.0,1.0,0.0,0.0,0.0,1.0,0.0,2.0,13.0,0.19,0.0,75.0,2.0,0.0,20.0,1.0,2.1,0.0,2.0,1.0,0.3,1.0,0.0,2.0,1.0,0.73,0.27
1277,3,3.0,0.0,1.0,4.0,2.0,2.0,1.0,0.0,0.0,10.0,0.55,0.0,82.0,2.0,0.0,15.0,1.0,2.2,0.0,1.0,1.0,0.9,1.0,0.0,1.0,0.0,0.85,0.15
720,0,3.0,0.0,1.0,0.0,0.0,0.0,1.0,0.0,2.0,13.0,0.19,0.0,75.0,2.0,0.0,20.0,1.0,2.1,0.0,2.0,1.0,0.3,1.0,0.0,2.0,1.0,0.73,0.27
720,1,3.0,0.0,1.0,0.0,0.0,0.0,1.0,0.0,2.0,8.0,0.24,0.0,72.0,2.0,0.0,16.0,1.0,2.1,0.0,2.0,1.0,0.3,0.0,0.0,2.0,0.0,0.98,0.02
720,2,3.0,0.0,1.0,0.0,0.0,0.0,1.0,0.0,2.0,13.0,0.19,0.0,75.0,2.0,0.0,20.0,1.0,2.1,0.0,2.0,1.0,0.3,1.0,0.0,2.0,1.0,0.73,0.27
720,3,1.0,0.0,1.0,1.0,0.0,4.0,3.0,0.0,11.0,16.0,0.53,1.0,82.0,2.0,0.0,20.0,2.0,2.9,0.0,1.0,1.0,1.2,0.0,0.0,1.0,1.0,0.96,0.04
720,4,3.0,0.0,1.0,4.0,2.0,2.0,1.0,0.0,0.0,10.0,0.55,0.0,82.0,2.0,0.0,15.0,1.0,2.2,0.0,1.0,1.0,0.9,1.0,0.0,1.0,0.0,0.85,0.15
720,5,3.0,0.0,1.0,0.0,0.0,0.0,1.0,0.0,2.0,13.0,0.19,0.0,75.0,2.0,0.0,20.0,1.0,2.1,0.0,2.0,1.0,0.3,1.0,0.0,2.0,1.0,0.73,0.27
726,0,3.0,0.0,1.0,0.0,0.0,0.0,1.0,0.0,2.0,13.0,0.19,0.0,75.0,2.0,0.0,20.0,1.0,2.1,0.0,2.0,1.0,0.3,1.0,0.0,2.0,1.0,0.73,0.27
726,1,1.0,0.0,1.0,1.0,0.0,4.0,3.0,0.0,11.0,16.0,0.53,1.0,82.0,2.0,0.0,20.0,2.0,2.9,0.0,1.0,1.0,1.2,0.0,0.0,1.0,1.0,0.96,0.04
726,2,3.0,0.0,1.0,0.0,0.0,0.0,1.0,0.0,2.0,13.0,0.19,0.0,75.0,2.0,0.0,20.0,1.0,2.1,0.0,2.0,1.0,0.3,1.0,0.0,2.0,1.0,0.73,0.27
726,3,3.0,0.0,1.0,4.0,2.0,2.0,1.0,0.0,0.0,10.0,0.55,0.0,82.0,2.0,0.0,15.0,1.0,2.2,0.0,1.0,1.0,0.9,1.0,0.0,1.0,0.0,0.85,0.15
726,4,2.0,0.0,1.0,1.0,0.0,0.0,1.0,2.0,5.0,16.0,0.17,0.0,89.0,2.0,0.0,18.0,1.0,2.4,0.0,2.0,1.0,0.4,1.0,0.0,1.0,1.0,0.86,0.14
727,0,2.0,0.0,1.0,1.0,0.0,0.0,1.0,2.0,5.0,16.0,0.17,0.0,89.0,2.0,0.0,18.0,1.0,2.4,0.0,2.0,1.0,0.4,1.0,0.0,1.0,1.0,0.86,0.14
727,1,3.0,0.0,1.0,0.0,0.0,0.0,1.0,0.0,2.0,13.0,0.19,0.0,75.0,2.0,0.0,20.0,1.0,2.1,0.0,2.0,1.0,0.3,1.0,0.0,2.0,1.0,0.73,0.27
727,2,1.0,0.0,1.0,1.0,0.0,4.0,3.0,0.0,11.0,16.0,0.53,1.0,82.0,2.0,0.0,20.0,2.0,2.9,0.0,1.0,1.0,1.2,0.0,0.0,1.0,1.0,0.96,0.04
727,3,0.0,0.0,1.0,1.0,0.0,1.0,4.0,2.0,4.0,32.0,0.17,0.0,94.0,3.0,0.0,18.0,1.0,2.0,0.0,1.0,1.0,0.5,0.0,0.0,1.0,2.0,0.86,0.14
727,4,3.0,0.0,1.0,4.0,2.0,2.0,1.0,0.0,0.0,10.0,0.55,0.0,82.0,2.0,0.0,15.0,1.0,2.2,0.0,1.0,1.0,0.9,1.0,0.0,1.0,0.0,0.85,0.15
738,0,0.0,0.0,1.0,1.0,0.0,0.0,1.0,1.0,1.0,2.0,0.33,0.0,33.0,3.0,0.0,11.0,1.0,2.7,1.0,2.0,1.0,0.8,1.0,0.0,1.0,0.0,0.77,0.23
738,1,1.0,0.0,1.0,1.0,0.0,1.0,1.0,2.0,4.0,5.0,0.19,0.0,40.0,2.0,0.0,15.0,1.0,4.2,2.0,3.0,1.0,1.1,0.0,0.0,1.0,1.0,0.97,0.03
738,2,1.0,0.0,1.0,1.0,0.0,1.0,1.0,2.0,4.0,5.0,0.19,0.0,40.0,2.0,0.0,15.0,1.0,4.2,2.0,3.0,1.0,1.1,1.0,0.0,1.0,0.0,0.86,0.14
738,3,0.0,3.0,1.0,0.0,0.0,0.0,1.0,0.0,2.0,4.0,0.33,1.0,21.0,2.0,0.0,8.0,1.0,3.0,1.0,2.0,1.0,0.7,0.0,0.0,2.0,0.0,0.94,0.06
1283,0,2.0,0.0,1.0,0.0,0.0,1.0,2.0,0.0,7.0,7.0,0.23,2.0,66.0,3.0,0.0,13.0,2.0,3.2,1.0,2.0,1.0,1.7,0.0,0.0,2.0,3.0,0.64,0.36
1283,1,3.0,0.0,1.0,0.0,0.0,0.0,1.0,0.0,2.0,13.0,0.19,0.0,75.0,2.0,0.0,20.0,1.0,2.1,0.0,2.0,1.0,0.3,1.0,0.0,2.0,1.0,0.73,0.27
1283,2,1.0,1.0,1.0,2.0,0.0,0.0,5.0,0.0,10.0,10.0,0.12,1.0,58.0,3.0,2.0,14.0,1.0,3.7,1.0,0.0,1.0,1.1,0.0,0.0,1.0,0.0,0.63,0.37
1283,3,1.0,0.0,1.0,0.0,0.0,2.0,1.0,0.0,2.0,10.0,0.13,2.0,54.0,3.0,0.0,29.0,1.0,6.3,1.0,1.0,1.0,2.3,0.0,0.0,5.0,2.0,0.64,0.36
1283,4,2.0,0.0,1.0,0.0,0.0,1.0,2.0,0.0,7.0,7.0,0.23,2.0,66.0,3.0,0.0,13.0,2.0,3.2,1.0,2.0,1.0,1.7,0.0,0.0,2.0,3.0,0.64,0.36
1283,5,3.0,0.0,1.0,1.0,0.0,0.0,2.0,0.0,6.0,8.0,0.18,2.0,52.0,2.0,0.0,25.0,2.0,5.2,1.0,1.0,1.0,0.9,1.0,0.0,3.0,3.0,0.53,0.47
1283,6,0.0,0.0,1.0,3.0,0.0,0.0,5.0,0.0,5.0,15.0,0.2,1.0,55.0,2.0,0.0,16.0,2.0,1.9,0.0,1.0,1.0,0.5,1.0,0.0,2.0,1.0,0.58,0.42
741,0,0.0,0.0,1.0,1.0,0.0,1.0,4.0,2.0,4.0,32.0,0.17,0.0,94.0,3.0,0.0,18.0,1.0,2.0,0.0,1.0,1.0,0.5,0.0,0.0,1.0,2.0,0.86,0.14
741,1,2.0,0.0,1.0,1.0,0.0,0.0,1.0,2.0,5.0,16.0,0.17,0.0,89.0,2.0,0.0,18.0,1.0,2.4,0.0,2.0,1.0,0.4,1.0,0.0,1.0,1.0,0.86,0.14
741,2,3.0,0.0,1.0,0.0,0.0,0.0,1.0,0.0,2.0,13.0,0.19,0.0,75.0,2.0,0.0,20.0,1.0,2.1,0.0,2.0,1.0,0.3,1.0,0.0,2.0,1.0,0.73,0.27
741,3,0.0,0.0,1.0,2.0,11.0,3.0,4.0,1.0,4.0,24.0,0.39,0.0,90.0,3.0,0.0,10.0,2.0,4.7,1.0,1.0,1.0,1.0,0.5,0.0,4.0,4.0,0.74,0.26
745,0,0.0,0.0,1.0,2.0,1.0,7.0,1.0,5.0,2.0,1.0,0.93,1.0,62.0,3.0,1.0,21.0,1.0,5.8,1.0,1.0,1.0,0.8,0.0,0.0,2.0,1.0,0.74,0.26
745,1,2.0,0.0,1.0,0.0,0.0,0.0,1.0,2.0,6.0,3.0,0.46,1.0,71.0,2.0,0.0,14.0,1.0,3.3,0.0,1.0,1.0,0.3,1.0,0.0,2.0,0.0,0.55,0.45
745,2,0.0,1.0,1.0,0.0,0.0,0.0,2.0,0.0,5.0,6.0,0.33,0.0,60.0,2.0,0.0,11.0,1.0,2.1,0.0,1.0,1.0,1.5,1.0,0.0,1.0,0.0,0.69,0.31
745,3,2.0,0.0,1.0,0.0,0.0,1.0,2.0,0.0,7.0,7.0,0.23,2.0,66.0,3.0,0.0,13.0,2.0,3.2,1.0,2.0,1.0,1.7,0.0,0.0,2.0,3.0,0.64,0.36
745,4,0.0,0.0,1.0,0.0,0.0,1.0,1.0,0.0,7.0,7.0,0.27,2.0,61.0,1.0,1.0,10.0,2.0,3.6,1.0,1.0,1.0,0.7,0.0,0.0,3.0,3.0,0.92,0.08
747,0,2.0,0.0,1.0,0.0,0.0,5.0,1.0,0.0,0.0,5.0,0.34,2.0,0.0,3.0,0.0,23.0,1.0,3.6,0.0,2.0,1.0,1.1,0.0,0.0,4.0,6.0,0.66,0.34
747,1,2.0,0.0,1.0,0.0,0.0,5.0,1.0,0.0,0.0,5.0,0.34,2.0,0.0,3.0,0.0,23.0,1.0,3.6,0.0,2.0,1.0,1.1,0.0,0.0,4.0,6.0,0.66,0.34
747,2,4.0,0.0,1.0,0.0,0.0,1.0,1.0,2.0,0.0,13.0,0.46,0.0,0.0,4.0,0.0,15.0,1.0,3.5,0.0,1.0,1.0,0.5,1.0,0.0,1.0,0.0,0.94,0.06
747,3,2.0,0.0,1.0,0.0,0.0,5.0,1.0,0.0,0.0,5.0,0.34,2.0,0.0,3.0,0.0,23.0,1.0,3.6,0.0,2.0,1.0,1.1,0.0,0.0,4.0,6.0,0.66,0.34
747,4,2.0,0.0,1.0,0.0,0.0,5.0,1.0,0.0,0.0,5.0,0.34,2.0,0.0,3.0,0.0,23.0,1.0,3.6,0.0,2.0,1.0,1.1,0.0,0.0,4.0,6.0,0.66,0.34
747,5,0.0,0.0,1.0,0.0,1.0,1.0,4.0,0.0,0.0,9.0,0.31,1.0,0.0,3.0,0.0,16.0,1.0,1.6,1.0,1.0,1.0,0.9,0.0,0.0,2.0,4.0,0.62,0.38
747,6,0.0,0.0,1.0,0.0,1.0,1.0,4.0,0.0,0.0,9.0,0.31,1.0,0.0,3.0,0.0,16.0,1.0,1.6,1.0,1.0,1.0,0.9,0.0,0.0,2.0,4.0,0.62,0.38
747,7,0.0,0.0,1.0,0.0,0.0,3.0,1.0,0.0,0.0,2.0,0.43,3.0,0.0,3.0,0.0,16.0,1.0,3.0,1.0,2.0,1.0,1.5,0.0,0.0,4.0,2.0,0.74,0.26
1288,0,2.0,0.0,1.0,1.0,0.0,0.0,1.0,2.0,5.0,16.0,0.17,0.0,89.0,2.0,0.0,18.0,1.0,2.4,0.0,2.0,1.0,0.4,1.0,0.0,1.0,1.0,0.86,0.14
1288,1,3.0,0.0,1.0,0.0,0.0,0.0,1.0,0.0,2.0,13.0,0.19,0.0,75.0,2.0,0.0,20.0,1.0,2.1,0.0,2.0,1.0,0.3,1.0,0.0,2.0,1.0,0.73,0.27
1288,2,0.0,0.0,1.0,1.0,0.0,1.0,4.0,2.0,4.0,32.0,0.17,0.0,94.0,3.0,0.0,18.0,1.0,2.0,0.0,1.0,1.0,0.5,0.0,0.0,1.0,2.0,0.86,0.14
1288,3,1.0,0.0,1.0,1.0,0.0,4.0,3.0,0.0,11.0,16.0,0.53,1.0,82.0,2.0,0.0,20.0,2.0,2.9,0.0,1.0,1.0,1.2,0.0,0.0,1.0,1.0,0.96,0.04
753,0,0.0,0.0,1.0,3.0,0.0,0.0,5.0,0.0,5.0,15.0,0.2,1.0,55.0,2.0,0.0,16.0,2.0,1.9,0.0,1.0,1.0,0.5,1.0,0.0,2.0,1.0,0.58,0.42
753,1,3.0,0.0,1.0,0.0,0.0,0.0,1.0,0.0,2.0,13.0,0.19,0.0,75.0,2.0,0.0,20.0,1.0,2.1,0.0,2.0,1.0,0.3,1.0,0.0,2.0,1.0,0.73,0.27
753,2,2.0,0.0,1.0,0.0,0.0,0.0,1.0,0.0,1.0,21.0,0.15,1.0,52.0,3.0,0.0,28.0,1.0,1.7,0.0,1.0,1.0,0.3,0.0,0.0,3.0,4.0,0.6,0.4
753,3,1.0,1.0,1.0,2.0,0.0,0.0,5.0,0.0,10.0,10.0,0.12,1.0,58.0,3.0,2.0,14.0,1.0,3.7,1.0,0.0,1.0,1.1,0.0,0.0,1.0,0.0,0.63,0.37
753,4,0.0,0.0,1.0,0.0,0.0,0.0,3.0,1.0,7.0,20.0,0.29,0.0,61.0,2.0,0.0,9.0,2.0,2.1,0.0,0.0,1.0,0.2,1.0,0.0,1.0,2.0,0.86,0.14
753,5,0.0,0.0,1.0,3.0,0.0,0.0,5.0,0.0,5.0,15.0,0.2,1.0,55.0,2.0,0.0,16.0,2.0,1.9,0.0,1.0,1.0,0.5,1.0,0.0,2.0,1.0,0.58,0.42
753,6,3.0,0.0,1.0,1.0,0.0,0.0,2.0,0.0,6.0,8.0,0.18,2.0,52.0,2.0,0.0,25.0,2.0,5.2,1.0,1.0,1.0,0.9,1.0,0.0,3.0,3.0,0.53,0.47
753,7,1.0,0.0,1.0,0.0,0.0,1.0,3.0,0.0,4.0,23.0,0.34,1.0,66.0,2.0,0.0,8.0,2.0,2.4,0.0,1.0,1.0,0.4,0.7,0.0,6.0,4.0,0.58,0.42
753,8,1.0,0.0,1.0,0.0,0.0,2.0,1.0,0.0,2.0,10.0,0.13,2.0,54.0,3.0,0.0,29.0,1.0,6.3,1.0,1.0,1.0,2.3,0.0,0.0,5.0,2.0,0.64,0.36
754,0,0.0,3.0,1.0,0.0,0.0,0.0,1.0,0.0,2.0,4.0,0.33,1.0,21.0,2.0,0.0,8.0,1.0,3.0,1.0,2.0,1.0,0.7,0.0,0.0,2.0,0.0,0.94,0.06
754,1,0.0,0.0,1.0,1.0,0.0,0.0,1.0,1.0,1.0,2.0,0.33,0.0,33.0,3.0,0.0,11.0,1.0,2.7,1.0,2.0,1.0,0.8,1.0,0.0,1.0,0.0,0.77,0.23
754,2,0.0,0.0,1.0,0.0,0.0,0.0,1.0,0.0,2.0,11.0,0.31,0.0,40.0,3.0,0.0,13.0,2.0,1.6,0.0,1.0,1.0,0.3,0.0,0.0,1.0,1.0,0.86,0.14
754,3,0.0,0.0,1.0,0.0,0.0,0.0,1.0,0.0,1.0,11.0,0.27,0.0,9.0,4.0,0.0,4.0,1.0,1.7,0.0,2.0,1.0,0.4,0.2,0.0,3.0,0.0,0.52,0.48
754,4,1.0,0.0,1.0,1.0,0.0,1.0,1.0,2.0,4.0,5.0,0.19,0.0,40.0,2.0,0.0,15.0,1.0,4.2,2.0,3.0,1.0,1.1,1.0,0.0,1.0,0.0,0.86,0.14
1292,0,0.0,0.0,1.0,0.0,0.0,4.0,1.0,0.0,0.0,1.0,0.61,1.0,0.0,2.0,0.0,13.0,1.0,2.0,2.0,15.0,1.0,0.0,0.0,0.0,2.0,0.0,0.93,0.07
1292,1,0.0,0.0,1.0,0.0,0.0,0.0,1.0,0.0,0.0,1.0,0.45,10.0,0.0,3.0,0.0,16.0,1.0,3.0,3.0,22.0,2.0,1.0,0.0,0.0,3.0,0.0,0.67,0.33
1292,2,0.0,0.0,1.0,0.0,0.0,9.0,1.0,0.0,0.0,1.0,0.48,10.0,0.0,3.0,0.0,16.0,1.0,5.0,5.0,13.0,2.0,1.0,0.0,0.0,2.0,1.0,0.64,0.36
1292,3,0.0,0.0,1.0,0.0,0.0,9.0,1.0,0.0,0.0,1.0,0.48,10.0,0.0,3.0,0.0,16.0,1.0,5.0,5.0,13.0,2.0,1.0,0.0,0.0,2.0,1.0,0.64,0.36
1292,4,2.0,0.0,1.0,0.0,0.0,2.0,1.0,0.0,0.0,1.0,0.31,4.0,0.0,3.0,0.0,10.0,1.0,3.7,1.0,9.0,2.0,1.6,0.0,0.0,1.0,1.0,0.71,0.29
1292,5,0.0,0.0,1.0,0.0,0.0,0.0,1.0,0.0,0.0,1.0,0.7,1.0,0.0,2.0,0.0,10.0,1.0,6.0,6.0,9.0,1.0,0.0,1.0,0.0,1.0,0.0,0.9,0.1
766,0,0.0,0.0,1.0,0.0,0.0,0.0,1.0,0.0,0.0,51.0,0.13,0.0,0.0,4.0,1.0,11.0,1.0,0.5,0.0,1.0,1.0,0.0,0.0,0.0,1.0,1.0,0.95,0.05
766,1,0.0,0.0,1.0,0.0,0.0,4.0,1.0,0.0,0.0,30.0,1.37,0.0,0.0,2.0,1.0,26.0,1.0,5.4,0.0,2.0,1.0,0.1,0.5,0.0,2.0,0.0,0.62,0.38
766,2,0.0,0.0,1.0,0.0,0.0,0.0,1.0,0.0,2.0,19.0,0.25,0.0,21.0,1.0,0.0,1.0,1.0,3.9,1.0,1.0,1.0,0.1,0.5,0.0,2.0,1.0,0.64,0.36
766,3,4.0,0.0,1.0,0.0,0.0,1.0,1.0,2.0,0.0,13.0,0.46,0.0,0.0,4.0,0.0,15.0,1.0,3.5,0.0,1.0,1.0,0.5,1.0,0.0,1.0,0.0,0.94,0.06
766,4,0.0,0.0,1.0,0.0,1.0,1.0,4.0,0.0,0.0,9.0,0.31,1.0,0.0,3.0,0.0,16.0,1.0,1.6,1.0,1.0,1.0,0.9,0.0,0.0,2.0,4.0,0.62,0.38
766,5,2.0,0.0,1.0,0.0,0.0,5.0,1.0,0.0,0.0,5.0,0.34,2.0,0.0,3.0,0.0,23.0,1.0,3.6,0.0,2.0,1.0,1.1,0.0,0.0,4.0,6.0,0.66,0.34
1297,0,0.0,0.0,1.0,3.0,0.0,0.0,5.0,0.0,5.0,15.0,0.2,1.0,55.0,2.0,0.0,16.0,2.0,1.9,0.0,1.0,1.0,0.5,1.0,0.0,2.0,1.0,0.58,0.42
1297,1,0.0,0.0,1.0,3.0,0.0,0.0,5.0,0.0,5.0,15.0,0.2,1.0,55.0,2.0,0.0,16.0,2.0,1.9,0.0,1.0,1.0,0.5,1.0,0.0,2.0,1.0,0.58,0.42
1297,2,0.0,0.0,1.0,0.0,0.0,0.0,3.0,1.0,7.0,20.0,0.29,0.0,61.0,2.0,0.0,9.0,2.0,2.1,0.0,0.0,1.0,0.2,1.0,0.0,1.0,2.0,0.86,0.14
1297,3,1.0,1.0,1.0,2.0,0.0,0.0,5.0,0.0,10.0,10.0,0.12,1.0,58.0,3.0,2.0,14.0,1.0,3.7,1.0,0.0,1.0,1.1,0.0,0.0,1.0,0.0,0.63,0.37
1297,4,3.0,0.0,1.0,1.0,0.0,0.0,2.0,0.0,6.0,8.0,0.18,2.0,52.0,2.0,0.0,25.0,2.0,5.2,1.0,1.0,1.0,0.9,1.0,0.0,3.0,3.0,0.53,0.47
1297,5,1.0,0.0,1.0,0.0,0.0,0.0,1.0,1.0,3.0,4.0,0.22,0.0,50.0,2.0,0.0,16.0,1.0,4.0,0.0,3.0,1.0,0.0,1.0,0.0,2.0,0.0,0.68,0.32
1297,6,2.0,0.0,1.0,0.0,0.0,1.0,2.0,0.0,7.0,7.0,0.23,2.0,66.0,3.0,0.0,13.0,2.0,3.2,1.0,2.0,1.0,1.7,0.0,0.0,2.0,3.0,0.64,0.36
1297,7,2.0,0.0,1.0,0.0,0.0,0.0,1.0,0.0,1.0,21.0,0.15,1.0,52.0,3.0,0.0,28.0,1.0,1.7,0.0,1.0,1.0,0.3,0.0,0.0,3.0,4.0,0.6,0.4
1299,0,4.0,0.0,1.0,0.0,0.0,1.0,1.0,1.0,4.0,7.0,0.41,0.0,85.0,3.0,0.0,18.0,1.0,2.3,0.0,1.0,1.0,0.4,0.0,0.0,4.0,0.0,0.74,0.26
1299,1,8.0,4.0,1.0,1.0,0.0,3.0,5.0,1.0,14.0,17.0,0.56,0.0,80.0,2.0,0.0,12.0,2.0,2.8,0.0,1.0,1.0,0.7,1.0,0.0,4.0,3.0,0.77,0.23
1299,2,3.0,0.0,1.0,0.0,0.0,0.0,1.0,0.0,2.0,13.0,0.19,0.0,75.0,2.0,0.0,20.0,1.0,2.1,0.0,2.0,1.0,0.3,1.0,0.0,2.0,1.0,0.73,0.27
1299,3,3.0,0.0,1.0,4.0,2.0,2.0,1.0,0.0,0.0,10.0,0.55,0.0,82.0,2.0,0.0,15.0,1.0,2.2,0.0,1.0,1.0,0.9,1.0,0.0,1.0,0.0,0.85,0.15
776,0,0.0,0.0,1.0,0.0,0.0,0.0,1.0,0.0,8.0,19.0,0.29,0.0,81.0,2.0,0.0,5.0,1.0,1.9,1.0,1.0,1.0,0.1,0.0,0.0,2.0,0.0,0.96,0.04
776,1,0.0,0.0,1.0,2.0,11.0,3.0,4.0,1.0,4.0,24.0,0.39,0.0,90.0,3.0,0.0,10.0,2.0,4.7,1.0,1.0,1.0,1.0,0.5,0.0,4.0,4.0,0.74,0.26
776,2,3.0,3.0,1.0,3.0,0.0,2.0,3.0,0.0,8.0,15.0,0.53,0.0,90.0,2.0,0.0,3.0,2.0,3.5,0.0,1.0,1.0,0.6,0.7,0.0,2.0,1.0,0.65,0.35
1302,0,3.0,0.0,1.0,0.0,0.0,3.0,1.0,0.0,0.0,7.0,0.51,2.0,0.0,3.0,0.0,11.0,1.0,1.7,0.0,3.0,1.0,0.2,0.0,0.0,1.0,0.0,0.75,0.25
1302,1,0.0,0.0,1.0,0.0,1.0,3.0,1.0,0.0,0.0,4.0,2.21,2.0,0.0,2.0,0.0,14.0,1.0,0.8,0.0,1.0,1.0,0.0,0.5,0.0,1.0,1.0,0.55,0.45
1302,2,4.0,0.0,1.0,0.0,0.0,1.0,1.0,2.0,0.0,7.0,0.3,0.0,0.0,4.0,0.0,15.0,1.0,2.8,0.0,1.0,1.0,0.8,1.0,0.0,1.0,0.0,0.88,0.12
1302,3,0.0,0.0,1.0,0.0,0.0,0.0,1.0,0.0,0.0,2.0,0.57,4.0,0.0,1.0,0.0,11.0,2.0,2.5,1.0,1.0,1.0,0.8,0.5,0.0,1.0,1.0,0.56,0.44
1302,4,0.0,0.0,1.0,0.0,0.0,0.0,1.0,0.0,0.0,2.0,0.81,1.0,0.0,3.0,0.0,14.0,1.0,3.0,1.0,2.0,1.0,0.0,0.0,0.0,4.0,2.0,0.75,0.25
1302,5,0.0,0.0,1.0,0.0,0.0,0.0,1.0,0.0,0.0,2.0,0.81,1.0,0.0,3.0,0.0,14.0,1.0,3.0,1.0,2.0,1.0,0.0,0.0,0.0,4.0,2.0,0.75,0.25
1302,6,0.0,0.0,1.0,0.0,0.0,0.0,1.0,0.0,0.0,2.0,0.81,1.0,0.0,3.0,0.0,14.0,1.0,3.0,1.0,2.0,1.0,0.0,0.0,0.0,4.0,2.0,0.75,0.25
1302,7,0.0,0.0,1.0,0.0,1.0,1.0,4.0,0.0,0.0,9.0,0.31,1.0,0.0,3.0,0.0,16.0,1.0,1.6,1.0,1.0,1.0,0.9,0.0,0.0,2.0,4.0,0.62,0.38
782,0,1.0,0.0,1.0,0.0,0.0,1.0,3.0,0.0,4.0,23.0,0.34,1.0,66.0,2.0,0.0,8.0,2.0,2.4,0.0,1.0,1.0,0.4,0.7,0.0,6.0,4.0,0.58,0.42
782,1,1.0,1.0,1.0,2.0,0.0,0.0,5.0,0.0,10.0,10.0,0.12,1.0,58.0,3.0,2.0,14.0,1.0,3.7,1.0,0.0,1.0,1.1,0.0,0.0,1.0,0.0,0.63,0.37
782,2,0.0,0.0,1.0,0.0,0.0,0.0,3.0,1.0,7.0,20.0,0.29,0.0,61.0,2.0,0.0,9.0,2.0,2.1,0.0,0.0,1.0,0.2,1.0,0.0,1.0,2.0,0.86,0.14
782,3,1.0,0.0,1.0,1.0,0.0,2.0,6.0,1.0,14.0,13.0,0.36,0.0,73.0,3.0,0.0,19.0,2.0,3.7,0.0,1.0,1.0,1.0,0.0,0.0,2.0,0.0,0.86,0.14
782,4,3.0,0.0,1.0,0.0,0.0,0.0,1.0,0.0,2.0,13.0,0.19,0.0,75.0,2.0,0.0,20.0,1.0,2.1,0.0,2.0,1.0,0.3,1.0,0.0,2.0,1.0,0.73,0.27
782,5,1.0,0.0,1.0,1.0,0.0,2.0,6.0,1.0,14.0,13.0,0.36,0.0,73.0,3.0,0.0,19.0,2.0,3.7,0.0,1.0,1.0,1.0,0.0,0.0,2.0,0.0,0.86,0.14
786,0,0.0,0.0,1.0,0.0,0.0,4.0,1.0,0.0,0.0,1.0,0.61,1.0,0.0,2.0,0.0,13.0,1.0,2.0,2.0,15.0,1.0,0.0,0.0,0.0,2.0,0.0,0.93,0.07
786,1,0.0,0.0,1.0,0.0,0.0,9.0,1.0,0.0,0.0,1.0,0.48,10.0,0.0,3.0,0.0,16.0,1.0,5.0,5.0,13.0,2.0,1.0,0.0,0.0,2.0,1.0,0.64,0.36
786,2,2.0,0.0,1.0,0.0,0.0,2.0,1.0,0.0,0.0,1.0,0.31,4.0,0.0,3.0,0.0,10.0,1.0,3.7,1.0,9.0,2.0,1.6,0.0,0.0,1.0,1.0,0.71,0.29
786,3,0.0,0.0,1.0,0.0,0.0,0.0,1.0,0.0,0.0,1.0,0.45,10.0,0.0,3.0,0.0,16.0,1.0,3.0,3.0,22.0,2.0,1.0,0.0,0.0,3.0,0.0,0.67,0.33
786,4,0.0,0.0,1.0,0.0,0.0,0.0,1.0,0.0,0.0,1.0,0.7,1.0,0.0,2.0,0.0,10.0,1.0,6.0,6.0,9.0,1.0,0.0,1.0,0.0,1.0,0.0,0.9,0.1
786,5,0.0,0.0,1.0,0.0,0.0,9.0,1.0,0.0,0.0,1.0,0.48,10.0,0.0,3.0,0.0,16.0,1.0,5.0,5.0,13.0,2.0,1.0,0.0,0.0,2.0,1.0,0.64,0.36
790,0,2.0,0.0,1.0,0.0,0.0,4.0,1.0,0.0,2.0,7.0,0.3,2.0,88.0,3.0,0.0,17.0,1.0,4.2,0.0,2.0,1.0,0.8,0.0,0.0,5.0,3.0,0.69,0.31
790,1,4.0,0.0,1.0,0.0,0.0,1.0,1.0,1.0,4.0,7.0,0.41,0.0,85.0,3.0,0.0,18.0,1.0,2.3,0.0,1.0,1.0,0.4,0.0,0.0,4.0,0.0,0.74,0.26
790,2,0.0,3.0,1.0,1.0,0.0,2.0,1.0,0.0,1.0,3.0,0.34,4.0,75.0,2.0,0.0,12.0,1.0,3.2,0.0,0.0,1.0,2.2,0.0,0.0,1.0,0.0,0.86,0.14
790,3,5.0,0.0,1.0,0.0,0.0,0.0,1.0,1.0,2.0,7.0,0.12,1.0,84.0,3.0,0.0,24.0,1.0,3.1,0.0,4.0,1.0,0.3,0.0,0.0,5.0,1.0,0.66,0.34
790,4,1.0,0.0,1.0,6.0,0.0,0.0,2.0,0.0,0.0,5.0,0.22,0.0,80.0,3.0,0.0,13.0,2.0,3.7,0.0,1.0,1.0,1.9,0.0,0.0,2.0,0.0,0.68,0.32
790,5,3.0,0.0,1.0,4.0,2.0,2.0,1.0,0.0,0.0,10.0,0.55,0.0,82.0,2.0,0.0,15.0,1.0,2.2,0.0,1.0,1.0,0.9,1.0,0.0,1.0,0.0,0.85,0.15
790,6,3.0,0.0,1.0,5.0,1.0,2.0,1.0,0.0,0.0,2.0,0.36,3.0,76.0,3.0,0.0,16.0,1.0,5.2,0.0,1.0,1.0,1.3,0.0,0.0,3.0,4.0,0.71,0.29
790,7,0.0,4.0,1.0,0.0,0.0,1.0,3.0,0.0,9.0,4.0,0.29,0.0,75.0,3.0,0.0,12.0,2.0,4.1,1.0,2.0,1.0,1.8,0.0,0.0,2.0,1.0,0.62,0.38
1307,0,0.0,0.0,1.0,0.0,0.0,0.0,1.0,0.0,0.0,1.0,1.12,3.0,0.0,1.0,0.0,5.0,2.0,1.0,1.0,7.0,1.0,0.0,1.0,0.0,2.0,0.0,0.56,0.44
1307,1,2.0,0.0,1.0,0.0,0.0,2.0,1.0,0.0,0.0,1.0,0.31,4.0,0.0,3.0,0.0,10.0,1.0,3.7,1.0,9.0,2.0,1.6,0.0,0.0,1.0,1.0,0.71,0.29
1307,2,0.0,0.0,1.0,0.0,0.0,0.0,1.0,0.0,0.0,1.0,0.7,1.0,0.0,2.0,0.0,10.0,1.0,6.0,6.0,9.0,1.0,0.0,1.0,0.0,1.0,0.0,0.9,0.1
1307,3,0.0,0.0,1.0,0.0,0.0,0.0,1.0,0.0,0.0,1.0,1.43,2.0,0.0,1.0,0.0,5.0,2.0,1.0,1.0,5.0,1.0,0.0,0.5,0.0,1.0,1.0,0.64,0.36
1307,4,2.0,0.0,1.0,0.0,0.0,2.0,1.0,0.0,0.0,1.0,0.31,4.0,0.0,3.0,0.0,10.0,1.0,3.7,1.0,9.0,2.0,1.6,0.0,0.0,1.0,1.0,0.71,0.29
1307,5,0.0,0.0,1.0,0.0,0.0,0.0,1.0,0.0,0.0,1.0,1.23,0.0,0.0,2.0,0.0,3.0,1.0,0.0,0.0,4.0,1.0,0.0,1.0,0.0,1.0,0.0,0.81,0.19
1312,0,0.0,0.0,1.0,0.0,0.0,0.0,1.0,0.0,5.0,2.0,0.41,1.0,40.0,1.0,0.0,5.0,2.0,4.0,2.0,2.0,1.0,0.8,0.0,0.0,1.0,0.0,1.0,0.0
