test_idx,candidate_id,CountDeclMethodPrivate,CountDeclMethodDefault,AvgEssential,CountDeclClassVariable,CountDeclClassMethod,AvgLineComment,CountLineComment,CountDeclClass,CountDeclMethodProtected,CountDeclInstanceVariable,RatioCommentToCode,AvgLineBlank,PercentLackOfCohesion,MaxInheritanceTree,CountClassDerived,CountClassCoupled,CountClassBase,CountInput_Mean,CountInput_Min,CountOutput_Mean,CountOutput_Min,CountPath_Min,MaxNesting_Mean,MaxNesting_Min,OWN_COMMIT,MINOR_COMMIT,MINOR_LINE,MAJOR_LINE,proba0,proba1
476,0,6.0,0.0,1.0,0.0,0.0,8.0,1130.0,1.0,0.0,5.0,2.15,0.0,83.0,1.0,1.0,41.0,0.0,9.36283185840708,0.0,2.99115044247788,1.0,1.0,0.216,0.0,0.504424778761062,0.0,3.0,4.0,0.5961665070087117,0.4038334929912883
476,1,6.0,0.0,1.0,0.0,0.0,8.0,1130.0,1.0,0.0,44.0,2.15,0.0,83.0,1.0,1.0,41.0,2.0,9.36283185840708,27.0,2.99115044247788,1.0,1.0,0.216,0.0,0.504424778761062,0.0,1.0,4.0,0.5529187166488159,0.44708128335118413
476,2,6.0,0.0,1.0,0.0,0.0,8.0,1130.0,1.0,0.0,5.0,2.15,0.0,83.0,1.0,1.0,41.0,2.0,9.36283185840708,2.0,2.99115044247788,1.0,1.0,0.216,0.0,0.504424778761062,0.0,1.0,4.0,0.6388464516147031,0.3611535483852969
476,3,6.0,12.0,1.0,0.0,0.0,8.0,1130.0,1.0,0.0,5.0,2.15,0.0,83.0,1.0,1.0,41.0,2.0,9.36283185840708,0.0,5.7,1.0,1.0,0.216,0.0,0.504424778761062,0.0,1.0,4.0,0.5785453055226699,0.4214546944773301
476,4,6.0,47.0,1.0,0.0,0.0,8.0,1130.0,1.0,0.0,5.0,2.15,0.0,83.0,1.0,1.0,41.0,2.0,9.36283185840708,0.0,2.99115044247788,1.0,59.0,0.216,0.0,0.504424778761062,0.0,1.0,4.0,0.5358450573963487,0.46415494260365137
476,5,6.0,0.0,1.0,0.0,0.0,8.0,1130.0,1.0,0.0,5.0,2.15,0.0,83.0,1.0,1.0,41.0,2.0,9.36283185840708,30.0,7.6,1.0,1.0,0.216,0.0,0.504424778761062,0.0,1.0,4.0,0.5418270590720735,0.45817294092792654
476,6,6.0,0.0,1.0,0.0,0.0,8.0,1130.0,1.0,0.0,5.0,2.15,0.0,88.0,1.0,1.0,122.0,2.0,9.36283185840708,0.0,2.99115044247788,1.0,1.0,0.216,0.0,0.504424778761062,0.0,1.0,4.0,0.5228375906214691,0.477162409378531
476,7,6.0,0.0,1.0,0.0,0.0,8.0,1130.0,1.0,0.0,5.0,2.15,0.0,42.0,1.0,1.0,41.0,2.0,9.36283185840708,0.0,2.99115044247788,1.0,1.0,0.216,0.0,0.504424778761062,0.0,1.0,4.0,0.5101239627356591,0.4898760372643409
476,8,6.0,0.0,1.0,0.0,0.0,8.0,1130.0,1.0,0.0,5.0,2.15,0.0,83.0,1.0,1.0,151.0,2.0,9.36283185840708,0.0,2.99115044247788,1.0,1.0,0.216,0.0,0.504424778761062,0.0,1.0,4.0,0.5883833832358016,0.4116166167641984
476,9,6.0,10.0,1.0,0.0,0.0,8.0,1130.0,1.0,0.0,5.0,2.15,0.0,83.0,1.0,1.0,41.0,2.0,9.36283185840708,0.0,6.1,1.0,1.0,0.216,0.0,0.504424778761062,0.0,1.0,4.0,0.5435857031898754,0.4564142968101245
1349,0,3.0,0.0,1.0,8.0,8.0,2.0,55.0,1.0,0.0,10.0,0.19,4.0,94.0,1.0,0.0,13.0,2.0,4.44444444444444,1.0,8.0,2.0,1.0,0.916666666666667,0.0,0.8,0.0,5.0,10.0,0.5316143573298855,0.46838564267011457
1349,1,3.0,0.0,1.0,71.0,8.0,2.0,55.0,1.0,0.0,0.0,0.19,4.0,94.0,1.0,0.0,13.0,2.0,4.44444444444444,1.0,8.0,2.0,1.0,0.916666666666667,0.0,0.8,0.0,5.0,10.0,0.502113722287529,0.49788627771247096
1349,2,3.0,0.0,1.0,5.0,8.0,2.0,55.0,1.0,0.0,93.0,0.19,4.0,94.0,1.0,0.0,13.0,2.0,4.44444444444444,1.0,8.0,2.0,1.0,0.916666666666667,0.0,0.8,0.0,5.0,10.0,0.564620867915155,0.43537913208484497
1349,3,3.0,50.0,1.0,8.0,8.0,2.0,55.0,1.0,0.0,0.0,0.19,4.0,15.0,1.0,0.0,13.0,2.0,4.44444444444444,1.0,8.0,2.0,1.0,0.916666666666667,0.0,0.8,0.0,5.0,10.0,0.521389227347542,0.47861077265245794
1349,4,3.0,0.0,1.0,8.0,8.0,2.0,55.0,1.0,0.0,177.0,0.19,4.0,94.0,1.0,0.0,13.0,2.0,4.44444444444444,1.0,8.0,2.0,1.0,0.916666666666667,0.0,0.8,0.0,5.0,10.0,0.5240523318000825,0.47594766819991746
1349,5,3.0,0.0,1.0,8.0,8.0,2.0,55.0,1.0,0.0,0.0,0.19,4.0,94.0,1.0,68.0,13.0,2.0,4.44444444444444,1.0,8.0,2.0,1.0,0.916666666666667,0.0,0.8,0.0,5.0,10.0,0.6590753874683708,0.3409246125316292
1349,6,3.0,0.0,1.0,8.0,8.0,2.0,55.0,102.0,0.0,0.0,0.19,4.0,94.0,1.0,0.0,13.0,2.0,4.44444444444444,1.0,8.0,2.0,1.0,0.916666666666667,0.0,0.8,0.0,5.0,4.0,0.5341594428574683,0.46584055714253175
1349,7,3.0,0.0,1.0,8.0,8.0,2.0,55.0,1.0,0.0,167.0,0.19,4.0,94.0,1.0,0.0,13.0,2.0,4.44444444444444,1.0,8.0,2.0,1.0,0.916666666666667,0.0,0.8,0.0,5.0,10.0,0.5240523318000825,0.47594766819991746
1349,8,120.0,0.0,1.0,8.0,8.0,2.0,55.0,1.0,0.0,0.0,0.19,4.0,94.0,1.0,0.0,13.0,2.0,4.44444444444444,1.0,8.0,2.0,1.0,0.916666666666667,4.0,0.8,0.0,5.0,10.0,0.5032845739488836,0.49671542605111646
1349,9,3.0,0.0,1.0,8.0,8.0,2.0,55.0,1.0,0.0,0.0,0.19,4.0,94.0,1.0,20.0,13.0,2.0,4.44444444444444,1.0,8.0,2.0,68.0,0.916666666666667,0.0,0.8,0.0,5.0,10.0,0.6520095109087689,0.3479904890912311
575,0,5.0,0.0,1.0,4.0,37.0,0.0,55.0,6.0,1.0,4.0,0.13,0.0,94.0,2.0,29.0,15.0,2.0,3.16666666666667,1.0,6.52380952380952,1.0,1.0,0.73469387755102,0.0,0.888888888888889,0.0,3.0,6.0,0.5632561538480401,0.43674384615195994
575,1,13.0,0.0,1.0,4.0,37.0,0.0,55.0,6.0,1.0,4.0,0.13,0.0,94.0,2.0,41.0,15.0,2.0,3.16666666666667,1.0,6.52380952380952,1.0,1.0,0.73469387755102,0.0,0.888888888888889,0.0,3.0,6.0,0.6000961753043385,0.39990382469566155
575,2,1.0,0.0,1.0,126.0,37.0,0.0,55.0,6.0,1.0,4.0,0.13,0.0,94.0,2.0,0.0,15.0,1.0,3.16666666666667,1.0,6.52380952380952,1.0,1.0,0.73469387755102,0.0,0.888888888888889,0.0,3.0,6.0,0.5324972222802721,0.4675027777197279
575,3,1.0,0.0,1.0,48.0,37.0,0.0,55.0,6.0,1.0,4.0,0.13,0.0,94.0,2.0,56.0,15.0,2.0,3.16666666666667,1.0,6.52380952380952,1.0,1.0,0.73469387755102,0.0,0.888888888888889,0.0,3.0,6.0,0.5413671938492581,0.45863280615074187
575,4,1.0,0.0,1.0,88.0,37.0,0.0,954.0,6.0,1.0,4.0,0.13,0.0,94.0,2.0,0.0,15.0,2.0,3.16666666666667,1.0,6.52380952380952,1.0,1.0,0.73469387755102,0.0,0.888888888888889,0.0,3.0,6.0,0.5535726596852057,0.4464273403147942
575,5,1.0,0.0,1.0,102.0,37.0,0.0,914.0,6.0,1.0,4.0,0.13,0.0,94.0,2.0,0.0,15.0,2.0,3.16666666666667,1.0,6.52380952380952,1.0,1.0,0.73469387755102,0.0,0.888888888888889,0.0,3.0,6.0,0.5806909773686715,0.41930902263132847
575,6,1.0,0.0,1.0,4.0,37.0,0.0,55.0,6.0,1.0,4.0,0.13,0.0,94.0,2.0,0.0,15.0,2.0,3.16666666666667,1.0,6.52380952380952,1.0,1.0,0.73469387755102,0.0,0.888888888888889,0.0,3.0,0.0,0.517659409997802,0.48234059000219803
575,7,1.0,0.0,1.0,98.0,37.0,0.0,55.0,6.0,1.0,4.0,0.13,0.0,94.0,2.0,0.0,15.0,2.0,3.16666666666667,1.0,6.52380952380952,1.0,1.0,0.73469387755102,0.0,0.2,0.0,3.0,6.0,0.540792570327771,0.459207429672229
575,8,1.0,0.0,1.0,27.0,37.0,0.0,1051.0,6.0,1.0,4.0,0.13,0.0,94.0,2.0,0.0,15.0,2.0,3.16666666666667,1.0,6.52380952380952,1.0,1.0,0.73469387755102,0.0,0.888888888888889,0.0,3.0,6.0,0.5230607402239542,0.47693925977604573
575,9,1.0,0.0,1.0,74.0,37.0,0.0,55.0,6.0,1.0,4.0,0.13,0.0,94.0,2.0,0.0,15.0,0.0,3.16666666666667,1.0,6.52380952380952,1.0,1.0,0.73469387755102,0.0,0.888888888888889,0.0,3.0,6.0,0.5049193886594812,0.4950806113405189
578,0,9.0,1.0,1.0,9.0,15.0,7.0,45.0,2.0,7.0,3.0,0.11,2.0,94.0,5.0,1.0,14.0,2.0,4.25641025641026,1.0,3.87179487179487,1.0,1.0,0.666666666666667,0.0,0.933333333333333,0.0,6.0,8.0,0.5253601403349379,0.4746398596650621
578,1,9.0,1.0,1.0,9.0,15.0,0.0,45.0,2.0,7.0,3.0,0.11,2.0,94.0,5.0,1.0,14.0,2.0,4.25641025641026,1.0,22.4,1.0,1.0,0.666666666666667,0.0,0.933333333333333,0.0,4.0,8.0,0.5743092904933041,0.42569070950669585
578,2,9.0,1.0,1.0,9.0,15.0,0.0,45.0,2.0,7.0,3.0,0.11,2.0,94.0,5.0,25.0,14.0,2.0,4.25641025641026,1.0,3.87179487179487,1.0,1.0,0.666666666666667,0.0,0.933333333333333,0.0,2.0,8.0,0.5759339956979945,0.42406600430200553
578,3,9.0,1.0,1.0,9.0,15.0,0.0,45.0,2.0,7.0,3.0,0.11,2.0,94.0,5.0,1.0,14.0,2.0,4.25641025641026,1.0,10.3,1.0,1.0,0.666666666666667,0.0,0.933333333333333,0.0,2.0,8.0,0.5547016382166936,0.44529836178330645
578,4,9.0,1.0,1.0,9.0,15.0,0.0,45.0,2.0,7.0,3.0,0.11,2.0,94.0,8.0,71.0,14.0,2.0,4.25641025641026,1.0,3.87179487179487,1.0,1.0,0.666666666666667,0.0,0.933333333333333,0.0,2.0,8.0,0.5792919785465761,0.4207080214534239
578,5,9.0,1.0,1.0,9.0,15.0,0.0,45.0,2.0,7.0,3.0,0.11,2.0,94.0,5.0,1.0,14.0,2.0,4.25641025641026,1.0,3.87179487179487,1.0,1.0,0.666666666666667,0.0,0.4,2.0,2.0,8.0,0.5316062341925318,0.4683937658074681
578,6,9.0,1.0,1.0,9.0,15.0,0.0,45.0,2.0,7.0,3.0,0.11,2.0,94.0,5.0,1.0,14.0,0.0,4.25641025641026,1.0,3.87179487179487,1.0,1.0,0.666666666666667,0.0,0.7,0.0,2.0,8.0,0.545075886834254,0.454924113165746
578,7,9.0,1.0,1.0,9.0,15.0,0.0,45.0,2.0,7.0,3.0,7.2,2.0,94.0,5.0,1.0,14.0,2.0,4.25641025641026,1.0,3.87179487179487,1.0,1.0,2.7,0.0,0.933333333333333,0.0,2.0,8.0,0.5490994911617484,0.45090050883825156
578,8,9.0,1.0,1.0,9.0,15.0,0.0,45.0,2.0,7.0,3.0,10.8,6.0,94.0,5.0,1.0,14.0,2.0,4.25641025641026,1.0,3.87179487179487,1.0,1.0,0.666666666666667,0.0,0.933333333333333,0.0,2.0,8.0,0.5766235560726762,0.4233764439273237
578,9,9.0,1.0,1.0,9.0,15.0,0.0,45.0,2.0,7.0,3.0,0.11,2.0,94.0,5.0,38.0,14.0,2.0,4.25641025641026,1.0,3.87179487179487,1.0,1.0,0.666666666666667,0.0,0.933333333333333,0.0,2.0,8.0,0.5759339956979945,0.42406600430200553
1367,0,27.0,15.0,1.0,11.0,37.0,0.0,125.0,27.0,25.0,29.0,0.07,0.0,1.0,4.0,7.0,26.0,2.0,3.2020725388601,0.0,4.9740932642487,0.0,1.0,0.617117117117117,0.0,0.5,0.0,6.0,3.0,0.51294745967855,0.48705254032144996
1367,1,27.0,15.0,1.0,11.0,37.0,0.0,125.0,27.0,25.0,29.0,0.07,0.0,95.0,4.0,38.0,26.0,2.0,3.2020725388601,0.0,4.9740932642487,0.0,1.0,0.617117117117117,3.0,0.416296296296296,0.0,6.0,3.0,0.5438602204413514,0.45613977955864865
1367,2,27.0,15.0,1.0,11.0,37.0,0.0,125.0,27.0,25.0,29.0,0.07,0.0,95.0,4.0,78.0,26.0,2.0,3.2020725388601,0.0,4.9740932642487,0.0,1.0,0.617117117117117,2.0,0.416296296296296,0.0,6.0,3.0,0.5675705431166733,0.4324294568833266
1367,3,27.0,15.0,1.0,11.0,37.0,0.0,125.0,27.0,25.0,29.0,1.5,0.0,95.0,4.0,7.0,26.0,2.0,3.2020725388601,0.0,4.9740932642487,0.0,1.0,0.617117117117117,0.0,0.2,0.0,6.0,3.0,0.6513375239081658,0.34866247609183426
1367,4,27.0,15.0,1.0,121.0,37.0,0.0,125.0,27.0,25.0,29.0,0.07,0.0,95.0,4.0,7.0,26.0,2.0,3.2020725388601,0.0,4.9740932642487,0.0,1.0,0.617117117117117,0.0,0.416296296296296,0.0,6.0,3.0,0.7456181104833853,0.25438188951661467
1367,5,27.0,15.0,1.0,115.0,37.0,0.0,125.0,27.0,25.0,29.0,0.07,0.0,95.0,4.0,7.0,26.0,2.0,3.2020725388601,0.0,4.9740932642487,0.0,1.0,0.617117117117117,3.0,0.416296296296296,0.0,6.0,3.0,0.7279243577730563,0.27207564222694375
1367,6,27.0,15.0,1.0,11.0,37.0,0.0,125.0,27.0,20.0,29.0,8.3,0.0,95.0,4.0,7.0,26.0,2.0,3.2020725388601,0.0,4.9740932642487,0.0,1.0,0.617117117117117,0.0,0.416296296296296,0.0,6.0,3.0,0.5223543825601635,0.4776456174398365
1367,7,27.0,15.0,1.0,11.0,37.0,0.0,125.0,27.0,25.0,29.0,0.07,10.0,43.0,4.0,7.0,26.0,2.0,3.2020725388601,0.0,4.9740932642487,0.0,1.0,0.617117117117117,0.0,0.416296296296296,0.0,6.0,3.0,0.5703470249712617,0.42965297502873834
1367,8,27.0,15.0,1.0,11.0,37.0,0.0,125.0,27.0,25.0,29.0,0.07,0.0,95.0,4.0,7.0,26.0,2.0,3.2020725388601,0.0,1.8,0.0,1.0,0.617117117117117,0.0,0.416296296296296,0.0,6.0,3.0,0.5631585402496486,0.43684145975035144
1367,9,27.0,15.0,3.0,11.0,37.0,0.0,125.0,27.0,25.0,29.0,5.7,0.0,95.0,4.0,7.0,26.0,2.0,3.2020725388601,0.0,4.9740932642487,0.0,1.0,0.617117117117117,0.0,0.416296296296296,0.0,6.0,3.0,0.5421854435171751,0.4578145564828248
633,0,21.0,0.0,2.0,9.0,28.0,0.0,33.0,11.0,0.0,0.0,10.5,0.0,59.0,1.0,4.0,20.0,2.0,4.57894736842105,1.0,3.63157894736842,1.0,1.0,0.941176470588235,0.0,1.0,0.0,1.0,0.0,0.5929095869679296,0.4070904130320704
633,1,21.0,0.0,2.0,78.0,28.0,0.0,33.0,11.0,0.0,0.0,0.09,0.0,95.0,1.0,4.0,20.0,2.0,4.57894736842105,1.0,3.63157894736842,1.0,1.0,0.941176470588235,0.0,1.0,0.0,1.0,0.0,0.5160841592712969,0.4839158407287031
633,2,21.0,0.0,2.0,9.0,28.0,0.0,185.0,11.0,0.0,0.0,0.09,0.0,95.0,1.0,4.0,20.0,0.0,4.57894736842105,1.0,3.63157894736842,1.0,1.0,0.941176470588235,0.0,1.0,0.0,1.0,0.0,0.5010496313183724,0.49895036868162757
633,3,21.0,0.0,2.0,71.0,28.0,0.0,33.0,11.0,0.0,0.0,0.09,0.0,95.0,1.0,4.0,20.0,2.0,4.57894736842105,1.0,3.63157894736842,1.0,1.0,0.941176470588235,0.0,1.0,0.0,1.0,0.0,0.5160841592712969,0.4839158407287031
633,4,21.0,0.0,2.0,24.0,28.0,0.0,33.0,11.0,0.0,0.0,0.09,0.0,42.0,1.0,4.0,20.0,2.0,4.57894736842105,1.0,3.63157894736842,1.0,1.0,0.941176470588235,0.0,1.0,0.0,1.0,0.0,0.5165921317995225,0.48340786820047754
633,5,21.0,0.0,2.0,24.0,28.0,0.0,33.0,11.0,0.0,0.0,0.09,0.0,95.0,1.0,4.0,20.0,2.0,4.57894736842105,1.0,3.63157894736842,1.0,1.0,2.2,0.0,1.0,0.0,1.0,0.0,0.509121217600802,0.490878782399198
633,6,21.0,0.0,2.0,77.0,28.0,10.0,33.0,11.0,0.0,0.0,0.09,0.0,95.0,1.0,4.0,20.0,2.0,4.57894736842105,1.0,3.63157894736842,1.0,1.0,0.941176470588235,0.0,1.0,0.0,1.0,0.0,0.5796372178156772,0.4203627821843227
633,7,5.0,0.0,2.0,9.0,28.0,0.0,33.0,11.0,0.0,0.0,0.09,0.0,95.0,1.0,29.0,20.0,2.0,4.57894736842105,1.0,3.63157894736842,1.0,1.0,0.941176470588235,0.0,1.0,0.0,1.0,0.0,0.509339748985278,0.490660251014722
633,8,21.0,0.0,2.0,63.0,28.0,0.0,33.0,11.0,0.0,0.0,0.09,0.0,95.0,4.0,4.0,20.0,2.0,4.57894736842105,1.0,3.63157894736842,1.0,1.0,0.941176470588235,0.0,1.0,0.0,1.0,0.0,0.5809608746151271,0.4190391253848728
633,9,21.0,0.0,2.0,9.0,28.0,0.0,33.0,11.0,0.0,0.0,0.09,0.0,95.0,1.0,4.0,20.0,2.0,4.57894736842105,1.0,5.9,1.0,1.0,0.941176470588235,0.0,0.3,0.0,1.0,0.0,0.5012284546293069,0.49877154537069307
658,0,32.0,40.0,1.0,18.0,22.0,0.0,198.0,76.0,0.0,47.0,0.12,0.0,98.0,4.0,25.0,53.0,2.0,3.2817679558011,0.0,5.27624309392265,0.0,0.0,0.760975609756098,0.0,0.699822380106572,0.0,4.0,13.0,0.5335431647580484,0.4664568352419516
658,1,32.0,40.0,1.0,18.0,22.0,0.0,198.0,23.0,0.0,47.0,0.12,0.0,98.0,4.0,68.0,53.0,2.0,3.2817679558011,63.0,5.27624309392265,0.0,0.0,0.760975609756098,0.0,0.699822380106572,0.0,4.0,13.0,0.5602681713908745,0.4397318286091255
658,2,32.0,40.0,1.0,18.0,22.0,0.0,198.0,23.0,0.0,47.0,7.2,0.0,98.0,4.0,83.0,53.0,2.0,3.2817679558011,0.0,5.27624309392265,0.0,0.0,0.760975609756098,0.0,0.699822380106572,0.0,4.0,13.0,0.5362112379329358,0.4637887620670642
658,3,32.0,40.0,1.0,18.0,22.0,0.0,198.0,23.0,0.0,47.0,9.0,0.0,98.0,4.0,15.0,53.0,2.0,3.2817679558011,0.0,5.27624309392265,0.0,0.0,0.760975609756098,0.0,0.699822380106572,0.0,4.0,13.0,0.5362112379329358,0.4637887620670642
658,4,32.0,40.0,1.0,18.0,22.0,0.0,198.0,23.0,0.0,47.0,5.0,7.0,98.0,4.0,4.0,53.0,2.0,3.2817679558011,0.0,5.27624309392265,0.0,0.0,0.760975609756098,0.0,0.699822380106572,0.0,4.0,13.0,0.5121660655953025,0.48783393440469747
658,5,32.0,40.0,1.0,18.0,22.0,0.0,198.0,23.0,0.0,47.0,10.8,6.0,98.0,4.0,4.0,53.0,2.0,3.2817679558011,0.0,5.27624309392265,0.0,0.0,0.760975609756098,0.0,0.699822380106572,0.0,4.0,13.0,0.5121660655953025,0.48783393440469747
658,6,32.0,40.0,1.0,18.0,22.0,0.0,198.0,23.0,0.0,47.0,3.6,0.0,98.0,4.0,60.0,53.0,2.0,3.2817679558011,0.0,5.27624309392265,0.0,0.0,0.760975609756098,0.0,0.699822380106572,0.0,4.0,13.0,0.5362112379329358,0.4637887620670642
658,7,32.0,40.0,1.0,18.0,22.0,0.0,198.0,23.0,0.0,47.0,9.4,0.0,98.0,4.0,64.0,53.0,2.0,3.2817679558011,0.0,5.27624309392265,0.0,0.0,0.760975609756098,0.0,0.699822380106572,0.0,4.0,13.0,0.5362112379329358,0.4637887620670642
658,8,32.0,40.0,1.0,18.0,22.0,0.0,198.0,23.0,0.0,47.0,0.12,11.0,98.0,4.0,72.0,53.0,2.0,3.2817679558011,0.0,5.27624309392265,0.0,0.0,0.760975609756098,0.0,0.699822380106572,0.0,4.0,13.0,0.5271101874906654,0.47288981250933465
658,9,32.0,40.0,1.0,18.0,22.0,0.0,198.0,23.0,0.0,47.0,8.7,0.0,98.0,4.0,47.0,53.0,2.0,3.2817679558011,0.0,5.27624309392265,0.0,0.0,0.760975609756098,0.0,0.699822380106572,0.0,4.0,13.0,0.5362112379329358,0.4637887620670642
678,0,20.0,0.0,1.0,2.0,15.0,0.0,99.0,2.0,0.0,2.0,6.2,0.0,100.0,2.0,20.0,89.0,1.0,5.8,0.0,3.8625,1.0,1.0,0.507739938080495,0.0,0.763048016701461,0.0,1.0,13.0,0.5301496630543929,0.4698503369456071
678,1,20.0,0.0,1.0,2.0,317.0,0.0,99.0,2.0,0.0,2.0,0.05,0.0,100.0,2.0,75.0,89.0,1.0,5.8,64.0,3.8625,1.0,1.0,0.507739938080495,0.0,0.2,0.0,1.0,13.0,0.5662627650610659,0.4337372349389341
678,2,20.0,0.0,1.0,104.0,317.0,0.0,99.0,2.0,0.0,2.0,0.05,0.0,100.0,2.0,0.0,89.0,1.0,5.8,37.0,3.8625,1.0,1.0,0.507739938080495,0.0,0.763048016701461,0.0,1.0,13.0,0.5056351239474319,0.4943648760525681
678,3,20.0,0.0,1.0,97.0,317.0,0.0,99.0,2.0,0.0,2.0,0.05,3.0,100.0,2.0,0.0,89.0,1.0,5.8,24.0,3.8625,1.0,1.0,0.507739938080495,0.0,0.763048016701461,0.0,1.0,13.0,0.5599824866489218,0.4400175133510782
678,4,20.0,0.0,1.0,2.0,317.0,0.0,99.0,2.0,0.0,2.0,0.05,0.0,100.0,2.0,0.0,89.0,1.0,3.5,9.0,3.8625,1.0,1.0,0.507739938080495,0.0,0.1,0.0,1.0,13.0,0.5825273934465875,0.4174726065534124
678,5,20.0,0.0,1.0,104.0,317.0,14.0,99.0,2.0,0.0,2.0,0.05,0.0,100.0,2.0,0.0,89.0,1.0,5.8,37.0,3.8625,1.0,1.0,0.507739938080495,0.0,0.763048016701461,0.0,1.0,13.0,0.5837393758688216,0.41626062413117837
678,6,20.0,0.0,1.0,2.0,317.0,12.0,99.0,2.0,0.0,2.0,0.05,0.0,29.0,2.0,74.0,89.0,1.0,5.8,0.0,3.8625,1.0,1.0,0.507739938080495,0.0,0.763048016701461,0.0,1.0,13.0,0.542888375595624,0.45711162440437597
678,7,20.0,0.0,1.0,2.0,317.0,0.0,99.0,2.0,0.0,8.0,0.05,0.0,64.0,2.0,22.0,89.0,1.0,5.8,0.0,3.8625,1.0,1.0,0.507739938080495,0.0,0.763048016701461,0.0,1.0,13.0,0.5346231437232476,0.46537685627675235
678,8,20.0,0.0,1.0,131.0,317.0,0.0,99.0,2.0,0.0,2.0,0.05,0.0,100.0,2.0,0.0,89.0,1.0,5.8,20.0,3.8625,1.0,1.0,0.507739938080495,0.0,0.763048016701461,0.0,1.0,13.0,0.5056351239474319,0.4943648760525681
678,9,20.0,0.0,1.0,2.0,317.0,0.0,99.0,2.0,0.0,2.0,10.6,0.0,100.0,2.0,66.0,89.0,1.0,5.8,0.0,3.8625,1.0,106.0,0.507739938080495,0.0,0.763048016701461,0.0,1.0,13.0,0.5235795418159526,0.4764204581840474
748,0,63.0,53.0,1.0,8.0,14.0,1.0,747.0,74.0,0.0,206.0,0.25,0.0,100.0,2.0,43.0,159.0,2.0,1.2,0.0,2.90520446096654,0.0,1.0,0.254545454545455,0.0,0.821696252465483,5.0,4.0,21.0,0.5127476134266047,0.4872523865733953
748,1,3.0,53.0,1.0,8.0,14.0,14.0,747.0,76.0,0.0,25.0,0.25,0.0,100.0,2.0,10.0,25.0,2.0,57.5,0.0,2.90520446096654,0.0,1.0,0.254545454545455,0.0,0.821696252465483,5.0,4.0,21.0,0.6208106110020475,0.37918938899795246
748,2,26.0,39.0,1.0,102.0,14.0,1.0,914.0,9.0,0.0,206.0,7.6,9.0,100.0,2.0,53.0,159.0,2.0,15.0836431226766,0.0,2.90520446096654,0.0,1.0,0.254545454545455,0.0,0.8,5.0,4.0,21.0,0.5068549702996334,0.4931450297003665
748,3,63.0,53.0,1.0,8.0,14.0,1.0,747.0,74.0,0.0,206.0,0.25,0.0,100.0,2.0,43.0,159.0,2.0,1.2,34.0,2.90520446096654,0.0,1.0,0.254545454545455,0.0,0.821696252465483,3.0,4.0,21.0,0.5880508880045366,0.41194911199546336
748,4,3.0,53.0,1.0,8.0,14.0,14.0,747.0,9.0,0.0,25.0,0.25,0.0,100.0,2.0,10.0,25.0,2.0,57.5,0.0,2.90520446096654,0.0,1.0,0.254545454545455,0.0,0.821696252465483,5.0,4.0,21.0,0.5112159548134436,0.4887840451865564
748,5,86.0,53.0,6.0,67.0,14.0,1.0,747.0,9.0,0.0,206.0,0.25,0.0,38.0,2.0,77.0,159.0,2.0,15.0836431226766,52.0,2.90520446096654,0.0,1.0,0.254545454545455,0.0,0.821696252465483,5.0,4.0,4.0,0.5412402330002968,0.45875976699970317
748,6,26.0,17.0,1.0,112.0,14.0,1.0,670.0,9.0,0.0,206.0,0.25,0.0,100.0,2.0,67.0,159.0,2.0,15.0836431226766,23.0,2.90520446096654,5.0,146.0,0.254545454545455,0.0,0.821696252465483,5.0,4.0,21.0,0.5141594350858509,0.48584056491414906
748,7,26.0,53.0,1.0,68.0,14.0,1.0,747.0,9.0,0.0,206.0,0.25,5.0,100.0,2.0,3.0,33.0,2.0,15.0836431226766,0.0,2.90520446096654,0.0,1.0,0.254545454545455,0.0,0.821696252465483,5.0,2.0,0.0,0.5032324037754417,0.4967675962245584
748,8,26.0,53.0,2.0,110.0,14.0,1.0,747.0,112.0,0.0,206.0,0.25,0.0,100.0,2.0,54.0,159.0,2.0,15.0836431226766,46.0,1.6,0.0,1.0,0.254545454545455,0.0,0.821696252465483,5.0,3.0,21.0,0.6246665062694707,0.37533349373052927
748,9,26.0,53.0,1.0,95.0,14.0,1.0,747.0,52.0,0.0,206.0,2.5,0.0,100.0,2.0,63.0,159.0,2.0,14.4,0.0,2.90520446096654,0.0,1.0,0.254545454545455,0.0,0.821696252465483,5.0,4.0,12.0,0.5286441159376936,0.4713558840623065
750,0,78.0,0.0,2.0,126.0,174.0,1.0,518.0,12.0,1.0,6.0,0.16,2.0,87.0,3.0,1.0,40.0,1.0,6.62099125364431,0.0,5.21865889212828,1.0,230.0,0.896067415730337,0.0,0.401880141010576,4.0,6.0,0.0,0.5407125682150398,0.4592874317849602
750,1,78.0,0.0,2.0,21.0,34.0,1.0,518.0,12.0,1.0,6.0,0.16,1.0,50.0,3.0,13.0,40.0,0.0,6.62099125364431,0.0,1.5,1.0,1.0,0.896067415730337,0.0,0.401880141010576,0.0,6.0,1.0,0.6342836339298155,0.3657163660701845
750,2,78.0,0.0,2.0,126.0,174.0,1.0,518.0,12.0,1.0,6.0,0.16,1.0,87.0,3.0,1.0,40.0,1.0,6.62099125364431,0.0,5.21865889212828,1.0,230.0,0.896067415730337,0.0,0.401880141010576,4.0,6.0,0.0,0.5105468454067,0.48945315459329997
750,3,78.0,0.0,2.0,110.0,34.0,1.0,518.0,112.0,1.0,6.0,0.16,1.0,87.0,3.0,54.0,40.0,3.0,6.62099125364431,46.0,1.6,1.0,1.0,0.896067415730337,0.0,0.401880141010576,0.0,3.0,19.0,0.5618336604213454,0.43816633957865464
750,4,78.0,0.0,0.0,96.0,34.0,1.0,333.0,12.0,1.0,6.0,9.4,1.0,54.0,3.0,64.0,40.0,3.0,6.62099125364431,59.0,5.21865889212828,1.0,1.0,0.896067415730337,0.0,0.401880141010576,0.0,1.0,19.0,0.5049265955771358,0.4950734044228642
750,5,78.0,0.0,2.0,71.0,34.0,1.0,626.0,12.0,1.0,6.0,0.16,0.0,87.0,3.0,1.0,40.0,1.0,6.62099125364431,0.0,9.1,1.0,1.0,0.896067415730337,2.0,0.401880141010576,0.0,6.0,0.0,0.5117367841028104,0.48826321589718963
750,6,78.0,0.0,2.0,110.0,34.0,1.0,518.0,112.0,1.0,6.0,0.16,1.0,87.0,3.0,54.0,40.0,3.0,6.62099125364431,46.0,1.6,1.0,1.0,0.3,0.0,0.401880141010576,0.0,3.0,19.0,0.5846850796540107,0.41531492034598927
750,7,78.0,0.0,2.0,21.0,34.0,1.0,518.0,12.0,1.0,6.0,0.16,1.0,50.0,3.0,13.0,40.0,0.0,4.2,0.0,1.5,1.0,1.0,0.896067415730337,0.0,0.401880141010576,0.0,6.0,1.0,0.7583211046647882,0.24167889533521186
750,8,78.0,0.0,2.0,6.0,34.0,10.0,518.0,82.0,1.0,6.0,0.16,1.0,87.0,3.0,1.0,38.0,2.0,3.5,9.0,1.2,1.0,1.0,0.896067415730337,0.0,0.1,0.0,6.0,19.0,0.625479340595787,0.3745206594042129
750,9,78.0,0.0,0.0,106.0,34.0,1.0,518.0,12.0,1.0,6.0,0.16,1.0,97.0,3.0,84.0,40.0,6.0,6.62099125364431,2.0,5.21865889212828,1.0,1.0,0.896067415730337,0.0,0.401880141010576,0.0,1.0,19.0,0.5485884692645284,0.4514115307354716
769,0,24.0,1.0,2.0,15.0,15.0,2.0,282.0,45.0,5.0,2.0,6.2,1.0,96.0,4.0,20.0,40.0,2.0,4.67708333333333,0.0,7.90625,0.0,1.0,1.11881188118812,0.0,0.445103857566766,0.0,4.0,2.0,0.6281566134794094,0.3718433865205906
769,1,24.0,1.0,2.0,131.0,55.0,2.0,360.0,4.0,5.0,2.0,0.2,1.0,96.0,4.0,1.0,40.0,2.0,4.67708333333333,20.0,7.90625,0.0,1.0,1.11881188118812,0.0,0.445103857566766,0.0,4.0,5.0,0.5034396475753261,0.4965603524246739
769,2,24.0,0.0,2.0,15.0,55.0,2.0,333.0,4.0,5.0,2.0,9.4,1.0,96.0,4.0,64.0,40.0,2.0,4.67708333333333,0.0,7.90625,0.0,1.0,1.11881188118812,0.0,0.445103857566766,0.0,1.0,15.0,0.5120648929335799,0.48793510706642007
769,3,24.0,1.0,2.0,15.0,55.0,2.0,282.0,4.0,5.0,33.0,0.2,1.0,96.0,4.0,77.0,40.0,2.0,4.67708333333333,57.0,7.90625,0.0,1.0,1.11881188118812,0.0,0.445103857566766,0.0,4.0,15.0,0.5442952480567013,0.45570475194329874
769,4,24.0,1.0,2.0,100.0,55.0,2.0,282.0,4.0,5.0,44.0,8.6,1.0,96.0,4.0,1.0,40.0,2.0,4.67708333333333,27.0,7.90625,0.0,1.0,1.11881188118812,0.0,0.445103857566766,0.0,4.0,15.0,0.5360196936103132,0.4639803063896868
769,5,24.0,1.0,2.0,40.0,55.0,2.0,282.0,4.0,5.0,2.0,0.2,1.0,96.0,4.0,1.0,155.0,2.0,4.67708333333333,33.0,7.90625,0.0,1.0,1.11881188118812,0.0,0.5,0.0,4.0,0.0,0.6450534703864308,0.3549465296135692
769,6,24.0,1.0,2.0,84.0,55.0,2.0,282.0,4.0,5.0,21.0,0.2,1.0,96.0,4.0,15.0,40.0,2.0,58.4,5.0,7.90625,0.0,1.0,1.11881188118812,0.0,0.445103857566766,0.0,4.0,15.0,0.5647207712741553,0.4352792287258447
769,7,0.0,1.0,2.0,15.0,55.0,2.0,282.0,4.0,5.0,2.0,0.2,1.0,96.0,0.0,64.0,40.0,2.0,4.67708333333333,38.0,7.90625,0.0,1.0,1.11881188118812,0.0,0.445103857566766,0.0,4.0,8.0,0.5908147484430533,0.4091852515569468
769,8,24.0,1.0,4.0,15.0,55.0,2.0,282.0,4.0,5.0,2.0,8.6,1.0,96.0,4.0,65.0,40.0,8.0,4.67708333333333,47.0,7.90625,0.0,1.0,1.11881188118812,0.0,0.445103857566766,0.0,4.0,15.0,0.5285999048374156,0.4714000951625844
769,9,24.0,1.0,2.0,15.0,55.0,2.0,282.0,4.0,5.0,2.0,9.4,1.0,96.0,4.0,64.0,40.0,2.0,4.67708333333333,0.0,7.90625,0.0,1.0,1.11881188118812,0.0,0.445103857566766,0.0,1.0,15.0,0.5039117558433277,0.49608824415667224
775,0,52.0,0.0,1.0,0.0,2.0,0.0,91.0,26.0,2.0,3.0,0.14,0.0,80.0,5.0,2.0,48.0,2.0,2.98648648648649,26.0,4.67567567567568,2.0,1.0,0.346534653465347,0.0,0.539617486338798,0.0,3.0,12.0,0.5069072677068913,0.49309273229310874
775,1,3.0,0.0,1.0,0.0,2.0,0.0,91.0,26.0,2.0,3.0,0.14,0.0,80.0,5.0,2.0,99.0,2.0,2.98648648648649,0.0,4.67567567567568,2.0,1.0,0.346534653465347,0.0,0.539617486338798,0.0,3.0,2.0,0.6897461364311865,0.31025386356881346
775,2,3.0,0.0,1.0,0.0,2.0,0.0,91.0,26.0,2.0,3.0,0.14,0.0,80.0,5.0,2.0,48.0,2.0,2.98648648648649,0.0,4.67567567567568,2.0,1.0,0.346534653465347,0.0,0.539617486338798,0.0,3.0,3.0,0.6419316291383066,0.3580683708616934
775,3,3.0,0.0,1.0,0.0,2.0,0.0,91.0,26.0,2.0,3.0,0.14,0.0,80.0,5.0,2.0,48.0,2.0,2.98648648648649,0.0,4.67567567567568,2.0,1.0,0.346534653465347,0.0,0.539617486338798,0.0,3.0,1.0,0.6602252436173666,0.33977475638263344
775,4,71.0,0.0,1.0,0.0,2.0,0.0,91.0,26.0,2.0,3.0,0.14,0.0,80.0,5.0,23.0,48.0,2.0,2.98648648648649,0.0,4.67567567567568,2.0,1.0,0.346534653465347,0.0,0.539617486338798,0.0,3.0,12.0,0.5088299132239216,0.4911700867760784
775,5,3.0,0.0,1.0,0.0,2.0,0.0,91.0,26.0,2.0,3.0,0.14,0.0,80.0,5.0,2.0,48.0,2.0,2.98648648648649,0.0,4.67567567567568,21.0,1.0,0.346534653465347,0.0,0.539617486338798,0.0,3.0,1.0,0.6189602168837126,0.3810397831162874
775,6,3.0,0.0,1.0,0.0,2.0,0.0,91.0,26.0,2.0,3.0,0.14,3.0,80.0,5.0,2.0,48.0,2.0,2.98648648648649,0.0,4.67567567567568,2.0,1.0,0.346534653465347,0.0,0.539617486338798,0.0,3.0,1.0,0.7299457878479476,0.27005421215205233
775,7,3.0,0.0,1.0,0.0,2.0,0.0,91.0,0.0,2.0,3.0,0.14,0.0,55.0,5.0,2.0,48.0,2.0,2.98648648648649,0.0,4.67567567567568,2.0,1.0,0.346534653465347,0.0,0.539617486338798,0.0,3.0,12.0,0.5014413665203402,0.4985586334796598
775,8,3.0,10.0,1.0,0.0,2.0,0.0,91.0,26.0,2.0,3.0,0.14,0.0,80.0,5.0,2.0,48.0,2.0,2.98648648648649,0.0,4.67567567567568,2.0,1.0,0.346534653465347,0.0,0.539617486338798,0.0,3.0,0.0,0.7380585619006452,0.2619414380993547
775,9,3.0,7.0,1.0,0.0,2.0,0.0,91.0,26.0,2.0,3.0,0.14,0.0,80.0,5.0,2.0,48.0,2.0,2.98648648648649,0.0,4.67567567567568,2.0,1.0,0.346534653465347,0.0,0.539617486338798,0.0,3.0,2.0,0.6886215993557443,0.3113784006442557
780,0,0.0,0.0,2.0,114.0,73.0,1.0,498.0,6.0,17.0,14.0,0.15,2.0,97.0,0.0,64.0,34.0,2.0,4.69918699186992,38.0,7.72357723577236,0.0,1.0,1.12252964426877,1.0,0.87823275862069,2.0,3.0,8.0,0.5376948883018031,0.4623051116981969
780,1,43.0,20.0,2.0,35.0,73.0,1.0,498.0,23.0,1.0,14.0,0.15,2.0,97.0,3.0,35.0,64.0,2.0,4.69918699186992,13.0,7.72357723577236,15.0,1.0,1.12252964426877,0.0,0.87823275862069,2.0,3.0,19.0,0.5812110774622764,0.4187889225377236
780,2,43.0,41.0,2.0,76.0,73.0,1.0,498.0,6.0,17.0,14.0,0.15,2.0,97.0,3.0,84.0,64.0,2.0,4.69918699186992,0.0,7.5,0.0,235.0,1.12252964426877,0.0,0.87823275862069,2.0,5.0,3.0,0.542627211637037,0.4573727883629631
780,3,43.0,0.0,2.0,21.0,73.0,1.0,498.0,6.0,17.0,14.0,0.15,2.0,50.0,3.0,13.0,64.0,0.0,4.69918699186992,0.0,1.5,0.0,1.0,1.12252964426877,0.0,0.87823275862069,2.0,3.0,1.0,0.6225919100161694,0.3774080899838305
780,4,43.0,0.0,2.0,102.0,73.0,1.0,71.0,6.0,17.0,14.0,0.15,11.0,97.0,3.0,14.0,64.0,2.0,4.69918699186992,0.0,0.7,4.0,1.0,1.12252964426877,0.0,0.0,0.0,3.0,19.0,0.5517485204007174,0.4482514795992826
780,5,43.0,0.0,2.0,104.0,73.0,14.0,498.0,81.0,0.0,14.0,3.8,9.0,97.0,3.0,86.0,64.0,2.0,22.4,37.0,7.72357723577236,0.0,1.0,1.12252964426877,0.0,0.87823275862069,2.0,3.0,19.0,0.5114669981586897,0.4885330018413103
780,6,43.0,41.0,2.0,76.0,73.0,1.0,498.0,6.0,17.0,14.0,0.15,2.0,97.0,3.0,84.0,64.0,2.0,4.69918699186992,0.0,7.5,0.0,235.0,1.12252964426877,3.0,0.87823275862069,2.0,5.0,3.0,0.5526431357745084,0.4473568642254916
780,7,43.0,0.0,2.0,21.0,73.0,1.0,498.0,6.0,17.0,14.0,0.15,2.0,50.0,3.0,13.0,64.0,0.0,4.2,0.0,1.5,0.0,1.0,1.12252964426877,0.0,0.87823275862069,2.0,3.0,1.0,0.665287273698453,0.3347127263015471
780,8,43.0,0.0,2.0,110.0,73.0,1.0,498.0,112.0,17.0,14.0,0.15,2.0,97.0,3.0,54.0,64.0,2.0,4.69918699186992,46.0,1.6,0.0,1.0,0.3,0.0,0.87823275862069,2.0,3.0,19.0,0.6440952302851835,0.3559047697148165
780,9,43.0,0.0,2.0,83.0,73.0,1.0,498.0,6.0,13.0,14.0,0.15,2.0,97.0,3.0,64.0,64.0,2.0,2.1,38.0,0.7,0.0,1.0,0.1,0.0,0.87823275862069,2.0,3.0,19.0,0.5964686921932867,0.40353130780671326
782,0,14.0,0.0,1.0,5.0,197.0,17.0,156.0,14.0,1.0,0.0,0.1,0.0,99.0,4.0,86.0,65.0,2.0,3.46478873239437,1.0,4.72769953051643,1.0,1.0,0.442982456140351,0.0,0.614654002713704,0.0,4.0,14.0,0.5070300328983038,0.49296996710169616
782,1,14.0,0.0,1.0,5.0,197.0,0.0,156.0,14.0,1.0,0.0,3.6,0.0,99.0,4.0,60.0,65.0,2.0,3.46478873239437,1.0,4.72769953051643,1.0,1.0,0.442982456140351,0.0,0.614654002713704,0.0,4.0,14.0,0.5125164677647049,0.487483532235295
782,2,14.0,0.0,1.0,5.0,197.0,9.0,156.0,14.0,1.0,0.0,0.1,0.0,99.0,4.0,30.0,65.0,2.0,3.46478873239437,1.0,4.72769953051643,1.0,1.0,0.442982456140351,0.0,0.614654002713704,0.0,4.0,14.0,0.5012511093192907,0.49874889068070927
782,3,14.0,0.0,1.0,5.0,197.0,0.0,156.0,14.0,1.0,0.0,9.0,0.0,99.0,4.0,15.0,65.0,2.0,3.46478873239437,1.0,4.72769953051643,1.0,1.0,0.442982456140351,0.0,0.614654002713704,0.0,4.0,14.0,0.5125164677647049,0.487483532235295
782,4,14.0,0.0,1.0,5.0,197.0,0.0,156.0,14.0,1.0,0.0,0.1,0.0,99.0,0.0,48.0,65.0,2.0,3.46478873239437,1.0,4.72769953051643,1.0,1.0,0.442982456140351,0.0,0.614654002713704,0.0,4.0,14.0,0.5122920844704868,0.48770791552951315
782,5,14.0,0.0,1.0,5.0,197.0,0.0,156.0,14.0,1.0,0.0,8.7,0.0,99.0,4.0,47.0,65.0,2.0,3.46478873239437,1.0,4.72769953051643,1.0,1.0,0.442982456140351,0.0,0.614654002713704,0.0,4.0,14.0,0.5125164677647049,0.487483532235295
782,6,136.0,0.0,1.0,5.0,197.0,0.0,156.0,14.0,1.0,0.0,0.1,0.0,99.0,4.0,52.0,65.0,2.0,3.46478873239437,1.0,4.72769953051643,1.0,1.0,0.442982456140351,0.0,0.614654002713704,0.0,4.0,14.0,0.5163597011440002,0.4836402988559998
782,7,14.0,0.0,1.0,5.0,197.0,0.0,156.0,14.0,1.0,0.0,7.2,0.0,99.0,4.0,83.0,65.0,2.0,3.46478873239437,1.0,4.72769953051643,1.0,1.0,0.442982456140351,0.0,0.614654002713704,0.0,4.0,14.0,0.5125164677647049,0.487483532235295
782,8,14.0,12.0,1.0,5.0,197.0,0.0,156.0,14.0,1.0,0.0,0.1,0.0,99.0,4.0,68.0,65.0,2.0,3.46478873239437,1.0,4.72769953051643,1.0,1.0,0.442982456140351,0.0,0.614654002713704,0.0,4.0,14.0,0.5096733828025553,0.4903266171974447
782,9,14.0,0.0,1.0,5.0,197.0,0.0,156.0,14.0,1.0,0.0,6.2,0.0,99.0,4.0,20.0,65.0,2.0,3.46478873239437,1.0,4.72769953051643,1.0,1.0,0.442982456140351,0.0,0.614654002713704,0.0,4.0,14.0,0.5125164677647049,0.487483532235295
788,0,32.0,5.0,1.0,10.0,9.0,1.0,257.0,14.0,23.0,36.0,0.26,0.0,100.0,4.0,20.0,76.0,2.0,7.16666666666667,54.0,19.9,1.0,1.0,0.633053221288515,0.0,0.737628384687208,0.0,5.0,15.0,0.5128216191709526,0.4871783808290474
788,1,32.0,5.0,1.0,10.0,9.0,1.0,654.0,68.0,0.0,36.0,0.26,0.0,100.0,4.0,20.0,76.0,2.0,4.0,0.0,4.2953216374269,1.0,1.0,0.633053221288515,0.0,0.737628384687208,0.0,5.0,15.0,0.5394904718434456,0.46050952815655444
788,2,32.0,5.0,1.0,98.0,9.0,1.0,654.0,14.0,23.0,36.0,3.2,0.0,100.0,4.0,20.0,76.0,2.0,7.16666666666667,5.0,4.2953216374269,1.0,1.0,0.633053221288515,0.0,0.737628384687208,0.0,5.0,15.0,0.5220759691980741,0.47792403080192586
788,3,32.0,5.0,1.0,28.0,9.0,1.0,654.0,14.0,23.0,36.0,2.3,0.0,100.0,4.0,20.0,76.0,2.0,7.16666666666667,24.0,4.2953216374269,1.0,1.0,0.633053221288515,0.0,0.737628384687208,0.0,5.0,15.0,0.5178753508170613,0.4821246491829387
788,4,32.0,5.0,1.0,121.0,9.0,1.0,654.0,37.0,23.0,36.0,0.26,0.0,100.0,4.0,20.0,76.0,2.0,7.16666666666667,0.0,4.2953216374269,1.0,1.0,0.633053221288515,0.0,0.737628384687208,0.0,5.0,15.0,0.5263557958945111,0.47364420410548896
788,5,32.0,5.0,1.0,104.0,9.0,1.0,654.0,14.0,23.0,36.0,0.26,0.0,100.0,4.0,20.0,76.0,2.0,7.16666666666667,37.0,4.2953216374269,1.0,1.0,0.633053221288515,0.0,0.737628384687208,0.0,5.0,15.0,0.5350696206797398,0.4649303793202601
788,6,32.0,5.0,1.0,10.0,9.0,1.0,654.0,93.0,23.0,1.0,0.26,0.0,100.0,4.0,20.0,76.0,2.0,7.16666666666667,0.0,1.3,1.0,1.0,0.633053221288515,0.0,0.737628384687208,0.0,5.0,15.0,0.5227781395220452,0.47722186047795484
788,7,32.0,5.0,1.0,100.0,9.0,1.0,654.0,14.0,23.0,44.0,0.26,0.0,100.0,4.0,20.0,76.0,2.0,7.16666666666667,27.0,4.2953216374269,1.0,1.0,0.633053221288515,0.0,0.737628384687208,0.0,5.0,15.0,0.5350696206797398,0.4649303793202601
788,8,32.0,5.0,1.0,10.0,9.0,1.0,654.0,114.0,23.0,36.0,0.26,0.0,100.0,4.0,20.0,76.0,2.0,7.16666666666667,0.0,0.3,1.0,1.0,0.1,0.0,0.737628384687208,0.0,5.0,15.0,0.5441534811529749,0.45584651884702515
788,9,32.0,5.0,1.0,10.0,9.0,1.0,654.0,14.0,23.0,36.0,0.26,0.0,100.0,4.0,20.0,76.0,2.0,3.5,9.0,4.2953216374269,1.0,1.0,0.633053221288515,0.0,0.1,0.0,5.0,15.0,0.5239812386140544,0.47601876138594557
793,0,10.0,1.0,1.0,6.0,29.0,2.0,270.0,8.0,9.0,0.0,0.45,0.0,100.0,1.0,5.0,31.0,1.0,8.43564356435644,0.0,3.58415841584158,1.0,1.0,0.381818181818182,0.0,0.8,0.0,5.0,3.0,0.5217517950399795,0.4782482049600206
793,1,3.0,1.0,0.0,6.0,29.0,2.0,270.0,77.0,9.0,0.0,0.45,0.0,100.0,3.0,33.0,31.0,2.0,8.43564356435644,0.0,3.58415841584158,1.0,1.0,0.381818181818182,0.0,0.8,0.0,5.0,10.0,0.5224699567986453,0.47753004320135467
793,2,10.0,1.0,1.0,6.0,29.0,2.0,270.0,8.0,28.0,0.0,0.45,0.0,100.0,1.0,5.0,31.0,1.0,8.43564356435644,0.0,3.58415841584158,1.0,1.0,0.381818181818182,0.0,0.8,0.0,5.0,3.0,0.5393597027201549,0.46064029727984507
793,3,10.0,1.0,1.0,6.0,29.0,2.0,270.0,8.0,9.0,0.0,0.45,0.0,100.0,3.0,45.0,31.0,2.0,8.43564356435644,0.0,17.4,1.0,1.0,0.381818181818182,0.0,0.8,0.0,5.0,1.0,0.5366322601686171,0.46336773983138296
793,4,63.0,1.0,1.0,6.0,29.0,2.0,270.0,74.0,9.0,0.0,0.45,0.0,100.0,3.0,43.0,31.0,2.0,1.2,0.0,3.58415841584158,1.0,1.0,0.381818181818182,0.0,0.8,0.0,5.0,10.0,0.5964863798212909,0.4035136201787091
793,5,10.0,1.0,1.0,100.0,29.0,2.0,270.0,8.0,9.0,44.0,0.45,0.0,100.0,3.0,5.0,31.0,2.0,8.43564356435644,27.0,3.58415841584158,1.0,1.0,0.381818181818182,0.0,0.8,0.0,5.0,10.0,0.5104124658944191,0.48958753410558087
793,6,10.0,1.0,1.0,104.0,29.0,14.0,270.0,8.0,9.0,0.0,3.8,0.0,100.0,3.0,5.0,31.0,2.0,8.43564356435644,37.0,3.58415841584158,1.0,1.0,0.381818181818182,0.0,0.8,0.0,5.0,10.0,0.5473989669960142,0.45260103300398574
793,7,10.0,1.0,1.0,100.0,29.0,2.0,270.0,8.0,9.0,44.0,8.6,0.0,100.0,3.0,5.0,31.0,2.0,8.43564356435644,27.0,3.58415841584158,1.0,1.0,0.381818181818182,0.0,0.8,0.0,5.0,10.0,0.5313741684595307,0.46862583154046933
793,8,10.0,1.0,1.0,6.0,29.0,2.0,117.0,8.0,9.0,0.0,0.45,0.0,100.0,3.0,67.0,31.0,2.0,37.3,0.0,3.58415841584158,20.0,1.0,0.381818181818182,0.0,0.8,0.0,5.0,10.0,0.5093458443264116,0.49065415567358833
793,9,10.0,1.0,1.0,60.0,29.0,2.0,270.0,8.0,9.0,0.0,9.0,0.0,100.0,3.0,15.0,31.0,2.0,8.43564356435644,0.0,3.58415841584158,1.0,1.0,0.381818181818182,0.0,0.8,0.0,5.0,10.0,0.5610289726286688,0.43897102737133126
806,0,16.0,16.0,2.0,91.0,57.0,0.0,624.0,9.0,3.0,86.0,0.07,0.0,100.0,3.0,24.0,54.0,2.0,5.80628272251309,43.0,6.14485165794066,1.0,0.0,0.835334476843911,1.0,0.478550295857988,1.0,2.0,20.0,0.5479673052763059,0.4520326947236942
806,1,156.0,16.0,2.0,104.0,57.0,14.0,469.0,9.0,3.0,18.0,3.8,9.0,100.0,3.0,86.0,54.0,2.0,22.4,37.0,6.14485165794066,1.0,0.0,0.835334476843911,0.0,0.478550295857988,4.0,2.0,20.0,0.6090954258725283,0.3909045741274717
806,2,156.0,16.0,2.0,104.0,57.0,14.0,469.0,81.0,3.0,18.0,3.8,9.0,100.0,3.0,86.0,54.0,2.0,22.4,37.0,6.14485165794066,1.0,0.0,0.835334476843911,0.0,0.478550295857988,4.0,2.0,20.0,0.5933803355519531,0.4066196644480468
806,3,63.0,16.0,2.0,12.0,57.0,0.0,469.0,74.0,3.0,18.0,0.07,0.0,100.0,3.0,43.0,54.0,2.0,1.2,34.0,6.14485165794066,1.0,0.0,0.835334476843911,0.0,0.478550295857988,3.0,2.0,20.0,0.5282672594302369,0.47173274056976316
806,4,156.0,16.0,1.0,12.0,203.0,0.0,469.0,133.0,3.0,18.0,0.07,0.0,100.0,3.0,75.0,54.0,2.0,5.80628272251309,64.0,6.14485165794066,1.0,0.0,0.6,0.0,0.2,4.0,2.0,20.0,0.538150225043807,0.461849774956193
806,5,156.0,16.0,2.0,102.0,57.0,0.0,71.0,9.0,3.0,18.0,0.07,11.0,100.0,3.0,14.0,54.0,2.0,5.80628272251309,0.0,0.7,1.0,0.0,0.835334476843911,0.0,0.0,0.0,2.0,20.0,0.5101651902363051,0.4898348097636949
806,6,156.0,16.0,2.0,12.0,57.0,0.0,469.0,68.0,0.0,18.0,0.07,2.0,100.0,3.0,61.0,54.0,2.0,4.0,0.0,6.14485165794066,1.0,54.0,0.835334476843911,0.0,0.478550295857988,4.0,2.0,20.0,0.613487087504102,0.38651291249589803
806,7,16.0,16.0,2.0,91.0,57.0,0.0,624.0,9.0,3.0,18.0,0.07,0.0,100.0,3.0,24.0,54.0,2.0,5.80628272251309,43.0,6.14485165794066,1.0,0.0,0.835334476843911,0.0,0.478550295857988,1.0,2.0,20.0,0.5135611423979578,0.4864388576020422
806,8,156.0,16.0,1.0,12.0,203.0,9.0,469.0,133.0,3.0,18.0,0.07,0.0,100.0,3.0,75.0,54.0,2.0,5.80628272251309,64.0,6.14485165794066,1.0,0.0,0.6,0.0,0.2,4.0,2.0,20.0,0.5336526357224871,0.46634736427751283
806,9,0.0,16.0,2.0,12.0,57.0,0.0,469.0,9.0,3.0,18.0,0.07,0.0,100.0,0.0,64.0,34.0,2.0,5.80628272251309,38.0,6.14485165794066,1.0,0.0,0.835334476843911,0.0,0.478550295857988,4.0,2.0,8.0,0.5093253640468286,0.4906746359531714
816,0,9.0,0.0,1.0,107.0,19.0,0.0,103.0,5.0,2.0,2.0,0.11,1.0,95.0,3.0,0.0,26.0,2.0,3.33707865168539,0.0,5.86516853932584,1.0,1.0,0.568421052631579,0.0,0.66403162055336,0.0,7.0,10.0,0.546473555302124,0.453526444697876
816,1,9.0,0.0,1.0,125.0,19.0,0.0,103.0,5.0,2.0,2.0,0.11,1.0,95.0,3.0,0.0,26.0,2.0,3.33707865168539,0.0,5.86516853932584,1.0,1.0,0.568421052631579,0.0,0.66403162055336,0.0,7.0,10.0,0.546473555302124,0.453526444697876
816,2,9.0,0.0,1.0,95.0,19.0,0.0,103.0,52.0,2.0,2.0,0.11,1.0,95.0,3.0,0.0,26.0,2.0,3.33707865168539,0.0,5.86516853932584,1.0,1.0,0.568421052631579,0.0,0.66403162055336,0.0,7.0,10.0,0.5439896232381565,0.4560103767618435
816,3,9.0,0.0,1.0,57.0,19.0,0.0,103.0,5.0,2.0,5.0,0.11,1.0,95.0,3.0,0.0,26.0,2.0,3.33707865168539,0.0,5.86516853932584,1.0,1.0,0.568421052631579,0.0,0.66403162055336,0.0,7.0,10.0,0.5226408578346167,0.4773591421653833
816,4,9.0,0.0,1.0,19.0,19.0,5.0,103.0,5.0,2.0,2.0,4.7,1.0,95.0,3.0,0.0,26.0,2.0,3.33707865168539,0.0,5.86516853932584,1.0,1.0,0.568421052631579,0.0,0.66403162055336,0.0,7.0,10.0,0.5763369767265881,0.4236630232734119
816,5,9.0,0.0,1.0,19.0,19.0,0.0,103.0,5.0,2.0,2.0,0.11,1.0,95.0,3.0,0.0,26.0,2.0,3.33707865168539,0.0,5.86516853932584,1.0,1.0,0.568421052631579,0.0,0.66403162055336,0.0,1.0,10.0,0.5477839929655419,0.452216007034458
816,6,9.0,0.0,1.0,106.0,19.0,0.0,103.0,5.0,0.0,2.0,0.11,1.0,95.0,3.0,0.0,26.0,2.0,3.33707865168539,0.0,5.86516853932584,1.0,1.0,0.568421052631579,0.0,0.66403162055336,0.0,7.0,10.0,0.5535696823317204,0.4464303176682796
816,7,9.0,0.0,1.0,19.0,19.0,0.0,103.0,5.0,2.0,2.0,0.11,1.0,95.0,3.0,0.0,26.0,2.0,3.33707865168539,35.0,5.86516853932584,1.0,1.0,0.568421052631579,0.0,0.66403162055336,0.0,2.0,10.0,0.5654506664638066,0.43454933353619335
816,8,9.0,0.0,1.0,78.0,19.0,0.0,103.0,5.0,2.0,2.0,0.11,1.0,95.0,3.0,0.0,26.0,2.0,3.33707865168539,0.0,5.86516853932584,1.0,1.0,0.568421052631579,0.0,0.66403162055336,0.0,5.0,10.0,0.6359896316522882,0.3640103683477119
816,9,9.0,0.0,1.0,138.0,19.0,0.0,103.0,5.0,2.0,2.0,0.11,1.0,95.0,3.0,0.0,26.0,2.0,3.33707865168539,0.0,5.86516853932584,1.0,1.0,0.568421052631579,0.0,0.66403162055336,0.0,7.0,10.0,0.546473555302124,0.453526444697876
905,0,9.0,0.0,0.0,7.0,2.0,1.0,264.0,15.0,32.0,23.0,0.25,1.0,100.0,2.0,6.0,10.0,2.0,60.4,0.0,5.48235294117647,0.0,0.0,3.8,0.0,0.41839762611276,0.0,4.0,0.0,0.5910532699621157,0.4089467300378843
905,1,9.0,0.0,2.0,7.0,2.0,1.0,264.0,114.0,32.0,23.0,0.25,1.0,100.0,2.0,6.0,43.0,2.0,4.41176470588235,0.0,0.3,0.0,0.0,0.1,0.0,0.41839762611276,0.0,4.0,14.0,0.5896756748810216,0.41032432511897843
905,2,58.0,0.0,2.0,7.0,2.0,1.0,264.0,97.0,32.0,23.0,0.25,1.0,100.0,2.0,63.0,43.0,2.0,4.41176470588235,0.0,3.9,0.0,0.0,0.7,0.0,0.41839762611276,0.0,4.0,14.0,0.5104825404690928,0.4895174595309072
905,3,9.0,33.0,2.0,7.0,2.0,1.0,264.0,114.0,32.0,23.0,0.25,1.0,100.0,2.0,6.0,43.0,8.0,4.41176470588235,0.0,0.3,0.0,0.0,0.1,0.0,0.41839762611276,0.0,4.0,14.0,0.5348125459941421,0.4651874540058579
905,4,9.0,0.0,2.0,7.0,2.0,1.0,264.0,102.0,15.0,23.0,0.25,1.0,100.0,2.0,43.0,43.0,2.0,4.41176470588235,0.0,5.48235294117647,0.0,0.0,1.08910891089109,0.0,0.41839762611276,0.0,4.0,1.0,0.5280545812600366,0.4719454187399634
905,5,9.0,0.0,4.0,7.0,2.0,1.0,264.0,102.0,15.0,23.0,0.25,1.0,100.0,2.0,43.0,43.0,2.0,4.41176470588235,0.0,5.48235294117647,0.0,0.0,1.08910891089109,0.0,0.41839762611276,0.0,4.0,1.0,0.5320098823493227,0.4679901176506773
905,6,9.0,0.0,6.0,7.0,2.0,1.0,264.0,15.0,32.0,23.0,0.25,1.0,100.0,2.0,77.0,43.0,2.0,4.41176470588235,52.0,5.48235294117647,0.0,0.0,1.08910891089109,0.0,0.41839762611276,0.0,4.0,4.0,0.5633484091953584,0.4366515908046416
905,7,50.0,0.0,2.0,7.0,2.0,1.0,264.0,15.0,32.0,23.0,0.4,1.0,100.0,2.0,6.0,43.0,2.0,2.3,0.0,5.48235294117647,0.0,176.0,0.1,0.0,0.41839762611276,0.0,4.0,14.0,0.5405411981186379,0.4594588018813621
905,8,63.0,0.0,2.0,7.0,2.0,1.0,264.0,74.0,32.0,23.0,0.25,1.0,100.0,2.0,43.0,43.0,2.0,1.2,0.0,5.48235294117647,0.0,0.0,1.08910891089109,0.0,0.41839762611276,3.0,4.0,14.0,0.5510677571455109,0.448932242854489
905,9,9.0,0.0,2.0,7.0,2.0,1.0,264.0,114.0,32.0,23.0,0.25,1.0,100.0,2.0,6.0,43.0,8.0,4.41176470588235,0.0,0.3,0.0,0.0,0.1,0.0,0.41839762611276,0.0,4.0,14.0,0.6173481580289464,0.3826518419710537
956,0,27.0,0.0,2.0,5.0,6.0,2.0,297.0,3.0,0.0,13.0,0.27,1.0,89.0,2.0,0.0,18.0,3.0,3.93333333333333,52.0,5.18888888888889,0.0,1.0,0.3,0.0,1.0,0.0,3.0,5.0,0.5833170949484752,0.4166829050515248
956,1,27.0,0.0,2.0,5.0,6.0,2.0,297.0,3.0,0.0,13.0,0.27,1.0,89.0,2.0,38.0,18.0,1.0,3.93333333333333,0.0,5.18888888888889,0.0,1.0,1.24468085106383,0.0,1.0,0.0,3.0,5.0,0.6841325836570054,0.31586741634299464
956,2,27.0,0.0,2.0,5.0,6.0,2.0,297.0,3.0,0.0,13.0,0.27,1.0,89.0,2.0,43.0,18.0,3.0,3.93333333333333,32.0,5.18888888888889,0.0,1.0,1.24468085106383,0.0,1.0,0.0,3.0,5.0,0.604399527354011,0.395600472645989
956,3,27.0,0.0,2.0,5.0,6.0,2.0,297.0,3.0,0.0,13.0,0.27,1.0,71.0,2.0,0.0,106.0,3.0,3.93333333333333,0.0,5.18888888888889,0.0,1.0,1.24468085106383,0.0,1.0,0.0,3.0,5.0,0.540004817559749,0.45999518244025095
956,4,27.0,0.0,2.0,5.0,6.0,2.0,297.0,141.0,0.0,13.0,0.27,1.0,89.0,2.0,0.0,179.0,3.0,3.93333333333333,0.0,5.18888888888889,0.0,1.0,1.24468085106383,0.0,1.0,0.0,3.0,5.0,0.6144112964860129,0.3855887035139871
956,5,27.0,0.0,2.0,5.0,6.0,2.0,297.0,3.0,0.0,13.0,0.27,1.0,89.0,2.0,13.0,18.0,0.0,3.93333333333333,0.0,5.18888888888889,0.0,1.0,1.24468085106383,0.0,1.0,0.0,3.0,5.0,0.6654483594386653,0.33455164056133463
956,6,27.0,0.0,2.0,118.0,6.0,2.0,297.0,3.0,0.0,13.0,0.27,1.0,89.0,2.0,0.0,173.0,3.0,3.93333333333333,0.0,5.18888888888889,0.0,1.0,1.24468085106383,0.0,1.0,0.0,3.0,5.0,0.5913585624594084,0.4086414375405915
956,7,27.0,0.0,2.0,5.0,6.0,2.0,297.0,3.0,0.0,13.0,0.27,1.0,89.0,2.0,0.0,39.0,3.0,3.93333333333333,8.0,5.18888888888889,0.0,1.0,1.24468085106383,0.0,1.0,0.0,3.0,5.0,0.5859101538815428,0.4140898461184573
956,8,27.0,0.0,2.0,5.0,6.0,2.0,297.0,3.0,0.0,13.0,0.27,1.0,89.0,2.0,0.0,18.0,3.0,58.4,5.0,5.18888888888889,0.0,1.0,1.24468085106383,0.0,1.0,0.0,3.0,5.0,0.5025888614759183,0.4974111385240817
956,9,27.0,0.0,2.0,5.0,6.0,2.0,297.0,3.0,0.0,13.0,0.27,1.0,89.0,2.0,0.0,18.0,3.0,3.5,0.0,5.18888888888889,0.0,1.0,1.24468085106383,0.0,0.1,0.0,3.0,5.0,0.5391330441007642,0.46086695589923576
988,0,37.0,4.0,2.0,12.0,47.0,1.0,168.0,15.0,0.0,54.0,5.0,7.0,100.0,2.0,31.0,19.0,2.0,4.51960784313725,0.0,4.83333333333333,0.0,0.0,1.02542372881356,0.0,0.66798418972332,0.0,3.0,6.0,0.5499113813485352,0.4500886186514647
988,1,37.0,4.0,6.0,12.0,47.0,1.0,168.0,15.0,0.0,54.0,3.6,0.0,100.0,2.0,60.0,19.0,2.0,4.51960784313725,0.0,4.83333333333333,0.0,0.0,1.02542372881356,0.0,0.66798418972332,0.0,3.0,6.0,0.502359176756495,0.49764082324350506
988,2,37.0,4.0,2.0,98.0,47.0,1.0,168.0,15.0,0.0,54.0,3.2,0.0,100.0,2.0,5.0,19.0,2.0,4.51960784313725,5.0,4.83333333333333,0.0,0.0,1.02542372881356,0.0,0.66798418972332,0.0,3.0,6.0,0.5731971723174023,0.42680282768259775
988,3,37.0,4.0,2.0,28.0,47.0,1.0,168.0,15.0,0.0,54.0,2.3,0.0,100.0,2.0,5.0,19.0,2.0,4.51960784313725,24.0,4.83333333333333,0.0,0.0,1.02542372881356,0.0,0.66798418972332,0.0,3.0,6.0,0.5928137030176439,0.4071862969823561
988,4,37.0,4.0,2.0,131.0,47.0,1.0,168.0,15.0,0.0,54.0,0.14,0.0,100.0,2.0,5.0,19.0,2.0,4.51960784313725,20.0,4.83333333333333,0.0,0.0,1.02542372881356,0.0,0.66798418972332,0.0,3.0,6.0,0.5034163032660788,0.49658369673392116
988,5,37.0,4.0,2.0,104.0,47.0,1.0,168.0,15.0,0.0,54.0,0.14,0.0,100.0,2.0,5.0,19.0,2.0,4.51960784313725,37.0,4.83333333333333,0.0,0.0,1.02542372881356,0.0,0.66798418972332,0.0,3.0,6.0,0.5034163032660788,0.49658369673392116
988,6,37.0,4.0,2.0,12.0,47.0,1.0,168.0,15.0,0.0,54.0,0.14,0.0,100.0,2.0,32.0,19.0,2.0,4.51960784313725,0.0,6.4,0.0,0.0,1.02542372881356,0.0,0.3,0.0,3.0,6.0,0.525985087666007,0.47401491233399295
988,7,37.0,4.0,2.0,12.0,47.0,1.0,168.0,15.0,0.0,54.0,9.4,0.0,100.0,2.0,64.0,19.0,2.0,4.51960784313725,0.0,4.83333333333333,0.0,0.0,1.02542372881356,0.0,0.66798418972332,0.0,1.0,6.0,0.5337895119320439,0.46621048806795606
988,8,37.0,4.0,2.0,60.0,47.0,1.0,168.0,15.0,0.0,54.0,9.0,0.0,100.0,2.0,15.0,19.0,2.0,4.51960784313725,0.0,4.83333333333333,0.0,0.0,1.02542372881356,0.0,0.66798418972332,0.0,3.0,6.0,0.6883767191888979,0.31162328081110213
988,9,37.0,4.0,2.0,12.0,47.0,1.0,168.0,15.0,0.0,54.0,0.14,7.0,100.0,2.0,42.0,19.0,2.0,4.51960784313725,36.0,4.83333333333333,0.0,0.0,1.02542372881356,0.0,0.66798418972332,0.0,3.0,6.0,0.5023430028104002,0.49765699718959977
