test_idx,candidate_id,CountDeclMethodPrivate,CountDeclMethodDefault,AvgEssential,CountDeclClassVariable,CountDeclClassMethod,AvgLineComment,CountDeclClass,CountDeclMethodProtected,CountDeclInstanceVariable,CountDeclMethodPublic,RatioCommentToCode,AvgLineBlank,PercentLackOfCohesion,MaxInheritanceTree,CountClassDerived,CountClassCoupled,CountClassBase,CountInput_Mean,CountInput_Min,CountOutput_Mean,CountOutput_Min,CountPath_Min,MaxNesting_Mean,Added_lines,OWN_COMMIT,MINOR_COMMIT,MINOR_LINE,MAJOR_LINE,proba0,proba1,num_features_changed
0,0,0.0,1.0,1.0,3.0,2.0,5.0,34.0,0.0,4.0,8.0,1.02,0.0,100.0,2.0,0.0,12.0,1.0,3.0,1.0,4.55555555555556,1.0,1.0,0.571428571428571,318.0,0.461538461538462,0.0,5.0,0.0,0.618651515649383,0.38134848435061697,1
6,0,0.0,0.0,1.0,2.0,1.0,5.0,3.0,0.0,5.0,12.0,0.88,0.0,75.0,2.0,0.0,12.0,1.0,2.75,1.0,4.16666666666667,1.0,1.0,0.352941176470588,82.0,0.333333333333333,0.0,5.0,3.0,0.586232487883233,0.41376751211676704,1
9,0,0.0,0.0,1.0,2.0,1.0,6.0,3.0,0.0,4.0,6.0,1.1,0.0,55.0,2.0,0.0,8.0,1.0,3.0,1.0,4.16666666666667,1.0,1.0,1.5,202.0,0.375,0.0,5.0,2.0,0.9041874313026609,0.0958125686973391,1
10,0,1.0,0.0,4.0,6.0,0.0,5.0,1.0,0.0,10.0,7.0,0.61,2.0,80.0,4.0,0.0,4.0,1.0,4.125,1.0,4.875,1.0,1.0,2.1,33.0,0.3,0.0,4.0,3.0,0.7689311234930418,0.2310688765069582,1
13,0,3.0,0.0,2.0,2.0,0.0,0.0,1.0,0.0,9.0,7.0,0.49,1.0,79.0,3.0,0.0,3.0,1.0,3.5,1.0,3.8,1.0,1.0,0.916666666666667,216.0,0.3,0.0,4.0,3.0,0.6802909488197926,0.3197090511802075,1
14,0,1.0,0.0,1.0,3.0,3.0,0.0,1.0,11.0,13.0,3.0,0.27,0.0,82.0,4.0,2.0,8.0,1.0,6.06666666666667,1.0,5.86666666666667,0.0,1.0,0.722222222222222,82.0,0.0,0.0,2.0,3.0,0.5323914885636067,0.4676085114363933,2
26,0,0.0,0.0,1.0,2.0,1.0,5.0,3.0,0.0,4.0,9.0,0.79,0.0,74.0,2.0,0.0,11.0,1.0,3.33333333333333,1.0,4.11111111111111,1.0,1.0,1.5,326.0,0.333333333333333,0.0,4.0,4.0,0.6100748517005716,0.3899251482994284,1
27,0,0.0,0.0,1.0,2.0,1.0,5.0,3.0,0.0,5.0,12.0,1.03,0.0,75.0,2.0,1.0,12.0,1.0,3.08333333333333,1.0,4.16666666666667,1.0,1.0,1.5,346.0,0.384615384615385,0.0,4.0,3.0,0.6017096330104085,0.3982903669895915,1
30,0,0.0,0.0,1.0,2.0,1.0,4.0,3.0,0.0,4.0,7.0,0.83,0.0,71.0,2.0,0.0,9.0,1.0,2.85714285714286,1.0,4.14285714285714,1.0,1.0,1.5,423.0,0.384615384615385,0.0,4.0,1.0,0.7268781362431102,0.27312186375688985,1
33,0,0.0,1.0,1.0,3.0,2.0,6.0,3.0,0.0,4.0,8.0,1.06,0.0,100.0,2.0,0.0,4.0,1.0,3.22222222222222,1.0,4.55555555555556,1.0,1.0,0.5,319.0,0.333333333333333,0.0,3.0,1.0,0.7635502890323522,0.23644971096764777,1
37,0,0.0,0.0,1.0,2.0,1.0,6.0,3.0,0.0,5.0,11.0,0.99,0.0,72.0,2.0,0.0,12.0,1.0,2.72727272727273,1.0,4.09090909090909,1.0,1.0,0.2,33.0,0.357142857142857,0.0,5.0,2.0,0.7707809917258313,0.2292190082741687,1
42,0,3.0,0.0,1.0,0.0,0.0,0.0,1.0,0.0,4.0,9.0,0.25,0.0,76.0,3.0,2.0,8.0,1.0,4.0,1.0,7.16666666666667,1.0,1.0,0.928571428571429,229.0,0.333333333333333,0.0,3.0,2.0,0.6859701891751078,0.31402981082489223,1
44,0,0.0,0.0,2.0,3.0,1.0,1.0,4.0,1.0,10.0,10.0,0.47,0.0,75.0,4.0,2.0,3.0,1.0,3.36363636363636,0.0,3.27272727272727,1.0,0.0,0.882352941176471,33.0,0.375,0.0,4.0,0.0,0.9174649676765284,0.08253503232347162,1
48,0,0.0,0.0,1.0,2.0,1.0,5.0,3.0,0.0,6.0,13.0,0.87,0.0,72.0,2.0,1.0,11.0,1.0,3.69230769230769,1.0,4.0,1.0,1.0,1.5,364.0,0.363636363636364,0.0,6.0,1.0,0.5378806011125266,0.4621193988874735,1
63,0,0.0,0.0,1.0,1.0,0.0,8.0,2.0,0.0,5.0,10.0,0.82,0.0,70.0,2.0,1.0,4.0,1.0,5.2,2.0,6.7,2.0,1.0,1.42857142857143,361.0,0.333333333333333,0.0,3.0,1.0,0.9277330221081911,0.07226697789180894,1
65,0,0.0,0.0,1.0,2.0,0.0,5.0,3.0,0.0,4.0,6.0,0.81,0.0,66.0,2.0,0.0,10.0,1.0,3.5,2.0,2.8,2.0,1.0,0.545454545454545,452.0,0.384615384615385,0.0,4.0,4.0,0.6786762456940081,0.32132375430599186,1
72,0,3.0,0.0,2.0,3.0,0.0,5.0,1.0,0.0,15.0,8.0,0.55,1.0,78.0,4.0,0.0,5.0,1.0,5.81818181818182,2.0,6.36363636363636,1.0,1.0,1.30769230769231,82.0,0.5,0.0,3.0,3.0,0.6561967814378822,0.34380321856211776,1
73,0,7.0,0.0,1.0,7.0,0.0,2.0,10.0,0.0,35.0,58.0,0.6,1.0,86.0,3.0,3.0,14.0,2.0,2.84615384615385,0.0,2.8,0.0,1.0,0.539473684210526,1173.0,0.384615384615385,0.0,1.0,6.0,0.5379729286904249,0.46202707130957504,1
80,0,0.0,0.0,1.0,0.0,0.0,1.0,2.0,0.0,3.0,3.0,0.52,0.0,0.0,2.0,1.0,9.0,1.0,6.33333333333333,4.0,7.33333333333333,3.0,1.0,1.0,113.0,0.444444444444444,0.0,3.0,0.0,0.5407317902326312,0.45926820976736876,1
85,0,2.0,0.0,1.0,0.0,0.0,3.0,1.0,0.0,0.0,5.0,0.39,0.0,0.0,4.0,0.0,3.0,1.0,2.0,0.0,1.85714285714286,1.0,1.0,1.0,192.0,0.428571428571429,0.0,2.0,2.0,0.6927614970144008,0.3072385029855992,1
86,0,0.0,0.0,1.0,0.0,0.0,0.0,2.0,0.0,4.0,14.0,0.12,0.0,0.0,4.0,0.0,10.0,1.0,4.14285714285714,1.0,3.85714285714286,2.0,1.0,1.5,312.0,0.285714285714286,0.0,3.0,1.0,0.7830525423224042,0.21694745767759577,1
89,0,0.0,0.0,1.0,0.0,0.0,0.0,2.0,0.0,2.0,5.0,0.83,0.0,87.0,4.0,0.0,4.0,1.0,1.0,0.0,2.2,1.0,1.0,0.7,124.0,0.428571428571429,0.0,2.0,1.0,0.6231051629098814,0.3768948370901187,1
90,0,2.0,0.0,1.0,0.0,0.0,0.0,2.0,0.0,0.0,6.0,0.5,0.0,0.0,4.0,0.0,4.0,1.0,2.0,0.0,2.75,1.0,1.0,1.0,167.0,0.5,0.0,5.0,1.0,0.6793666264746516,0.32063337352534843,1
92,0,0.0,0.0,1.0,0.0,0.0,13.0,1.0,0.0,0.0,7.0,1.2,0.0,0.0,4.0,0.0,3.0,1.0,1.0,1.0,1.71428571428571,1.0,1.0,0.0,167.0,0.5,0.0,1.0,2.0,0.5797119837632598,0.4202880162367402,1
94,0,1.0,0.0,1.0,0.0,0.0,0.0,1.0,0.0,0.0,1.0,0.54,0.0,0.0,4.0,0.0,4.0,1.0,2.0,1.0,5.5,5.0,1.0,0.75,79.0,0.4,0.0,2.0,2.0,0.9656689464156739,0.03433105358432612,1
95,0,0.0,0.0,1.0,0.0,0.0,4.0,1.0,0.0,0.0,3.0,0.43,5.0,0.0,4.0,0.0,2.0,1.0,1.0,1.0,2.33333333333333,2.0,1.0,0.0,33.0,0.333333333333333,0.0,3.0,3.0,0.9688946327683228,0.03110536723167725,1
101,0,0.0,0.0,1.0,0.0,0.0,0.0,1.0,0.0,1.0,10.0,0.3,0.0,0.0,4.0,0.0,2.0,1.0,1.8,0.0,1.2,1.0,1.0,0.416666666666667,33.0,0.4,0.0,3.0,0.0,0.9135811240455574,0.08641887595444267,1
104,0,1.0,0.0,1.0,0.0,0.0,0.0,2.0,0.0,2.0,7.0,0.27,0.0,91.0,4.0,0.0,4.0,1.0,1.5,0.0,2.125,1.0,1.0,0.0,33.0,0.428571428571429,0.0,3.0,0.0,0.9013978825601998,0.09860211743980021,1
110,0,1.0,0.0,1.0,0.0,0.0,0.0,3.0,2.0,7.0,12.0,0.21,0.0,68.0,4.0,0.0,24.0,1.0,3.13333333333333,1.0,4.46666666666667,2.0,1.0,1.5,252.0,0.333333333333333,0.0,3.0,2.0,0.557471288407402,0.44252871159259793,1
112,0,0.0,0.0,2.0,0.0,0.0,0.0,1.0,1.0,3.0,3.0,0.23,2.0,66.0,4.0,0.0,8.0,1.0,2.0,0.0,6.25,2.0,1.0,1.16666666666667,275.0,0.2,0.0,7.0,0.0,0.5463940003632519,0.453605999636748,1
114,0,0.0,0.0,1.0,0.0,0.0,0.0,3.0,2.0,2.0,13.0,0.3,1.0,75.0,4.0,0.0,30.0,1.0,2.53333333333333,0.0,4.53333333333333,1.0,1.0,1.5,334.0,0.363636363636364,0.0,3.0,2.0,0.5540803626701785,0.4459196373298216,1
115,0,1.0,0.0,1.0,22.0,1.0,0.0,2.0,2.0,6.0,12.0,0.07,0.0,87.0,4.0,0.0,12.0,1.0,4.53333333333333,1.0,3.66666666666667,1.0,1.0,6.0,378.0,0.428571428571429,0.0,4.0,2.0,0.5005599020840286,0.4994400979159715,1
116,0,11.0,0.0,1.0,0.0,1.0,3.0,2.0,0.0,8.0,8.0,0.2,4.0,33.0,4.0,0.0,24.0,1.0,4.05263157894737,0.0,6.78947368421053,1.0,1.0,1.5,829.0,1.0,0.0,3.0,2.0,0.6725835134416245,0.32741648655837546,2
120,0,0.0,0.0,1.0,0.0,0.0,0.0,2.0,0.0,0.0,8.0,0.66,1.0,0.0,4.0,0.0,3.0,1.0,1.125,1.0,2.0,2.0,1.0,0.0,82.0,0.375,0.0,3.0,3.0,0.5695122547253566,0.4304877452746434,1
133,0,1.0,0.0,2.0,1.0,0.0,0.0,1.0,0.0,6.0,6.0,0.38,0.0,75.0,1.0,0.0,5.0,1.0,3.14285714285714,1.0,4.57142857142857,2.0,1.0,1.0,153.0,0.333333333333333,0.0,4.0,2.0,0.6765276837411274,0.3234723162588726,1
134,0,0.0,1.0,1.0,3.0,2.0,4.0,3.0,0.0,4.0,6.0,0.86,0.0,100.0,2.0,0.0,4.0,1.0,5.28571428571429,2.0,4.85714285714286,1.0,1.0,0.818181818181818,263.0,0.333333333333333,0.0,2.0,2.0,0.8207502600734233,0.1792497399265767,1
160,0,2.0,0.0,1.0,1.0,2.0,3.0,1.0,1.0,0.0,0.0,0.33,2.0,66.0,2.0,0.0,15.0,2.0,4.0,3.0,4.6,7.0,1.0,2.0,145.0,0.333333333333333,0.0,1.0,3.0,0.7769945898898477,0.22300541011015226,1
161,0,0.0,0.0,1.0,0.0,0.0,1.0,1.0,1.0,0.0,0.0,0.49,3.0,0.0,2.0,0.0,8.0,2.0,4.0,4.0,4.6,18.0,16.0,6.0,29.0,0.333333333333333,0.0,3.0,2.0,0.8967090064079776,0.10329099359202243,1
265,0,1.0,0.0,1.0,0.0,0.0,4.0,1.0,1.0,4.0,5.0,0.28,3.0,100.0,2.0,4.0,26.0,1.0,11.4285714285714,1.0,11.4285714285714,4.0,1.0,0.888888888888889,23.0,0.0,0.0,2.0,0.0,0.734425638724813,0.26557436127518697,1
291,0,0.0,1.0,2.0,0.0,1.0,2.0,2.0,0.0,6.0,12.0,0.48,0.0,53.0,1.0,0.0,20.0,2.0,10.1538461538462,2.0,3.53846153846154,1.0,1.0,0.7,175.0,0.5,0.0,1.0,2.0,0.6140087209389129,0.38599127906108704,1
297,0,1.0,0.0,1.0,6.0,0.0,1.0,3.0,25.0,23.0,7.0,0.24,0.0,93.0,4.0,7.0,19.0,1.0,5.39393939393939,1.0,3.24242424242424,1.0,1.0,6.0,372.0,0.0,0.0,1.0,3.0,0.6576162985525071,0.3423837014474929,2
324,0,0.0,1.0,1.0,0.0,8.0,5.0,3.0,0.0,4.0,10.0,0.52,0.0,12.0,3.0,0.0,9.0,2.0,4.27272727272727,2.0,4.63636363636364,2.0,1.0,6.0,54.0,0.333333333333333,0.0,4.0,5.0,0.7102226865609107,0.28977731343908936,1
326,0,8.0,1.0,2.0,1.0,0.0,4.0,3.0,0.0,8.0,13.0,0.31,1.0,83.0,3.0,0.0,30.0,1.0,3.22727272727273,1.0,2.8,1.0,1.0,1.33333333333333,406.0,0.608695652173913,2.0,3.0,3.0,0.6885396048097816,0.3114603951902184,1
328,0,7.0,5.0,1.0,5.0,2.0,1.0,34.0,4.0,7.0,90.0,0.12,3.0,84.0,4.0,27.0,52.0,2.0,4.61320754716981,0.0,2.8,0.0,1.0,6.0,783.0,0.392857142857143,2.0,2.0,9.0,0.5810238531090081,0.41897614689099194,3
332,0,0.0,8.0,1.0,1.0,0.0,1.0,1.0,0.0,7.0,12.0,0.25,1.0,86.0,1.0,0.0,4.0,3.0,4.7,2.0,4.9,0.0,1.0,0.863636363636364,19.0,0.5,0.0,2.0,2.0,0.5553864739934529,0.4446135260065472,1
334,0,2.0,0.0,1.0,0.0,0.0,4.0,4.0,1.0,19.0,24.0,0.37,3.0,83.0,2.0,0.0,4.0,2.0,2.77777777777778,0.0,5.62962962962963,0.0,1.0,0.6875,40.0,0.375,0.0,2.0,5.0,0.6397801562760842,0.3602198437239158,2
343,0,4.0,0.0,1.0,0.0,2.0,1.0,4.0,2.0,2.0,6.0,0.15,8.0,25.0,2.0,0.0,4.0,2.0,4.41666666666667,0.0,9.0,2.0,1.0,0.941176470588235,37.0,0.454545454545455,0.0,3.0,3.0,0.6163947193018782,0.3836052806981219,1
347,0,8.0,0.0,2.0,0.0,2.0,1.0,3.0,0.0,9.0,14.0,0.2,0.0,78.0,2.0,0.0,26.0,2.0,4.27272727272727,0.0,2.8,0.0,1.0,1.3448275862069,160.0,0.384615384615385,0.0,5.0,2.0,0.6044296580315864,0.39557034196841356,1
350,0,16.0,0.0,1.0,18.0,12.0,2.0,11.0,5.0,27.0,78.0,0.49,0.0,95.0,2.0,0.0,16.0,2.0,3.19191919191919,0.0,3.23232323232323,0.0,1.0,0.756521739130435,145.0,0.0,0.0,3.0,9.0,0.5039721016828607,0.4960278983171394,1
354,0,10.0,1.0,1.0,2.0,4.0,1.0,3.0,1.0,5.0,7.0,0.51,1.0,88.0,4.0,0.0,4.0,2.0,2.89473684210526,0.0,5.52631578947368,0.0,1.0,1.73913043478261,39.0,0.555555555555556,0.0,3.0,7.0,0.6045309254286655,0.3954690745713345,1
364,0,0.0,0.0,3.0,0.0,0.0,17.0,1.0,4.0,0.0,1.0,0.66,2.0,0.0,2.0,0.0,7.0,1.0,4.0,3.0,4.6,2.0,1.0,2.375,353.0,0.375,0.0,2.0,5.0,0.7629094773814372,0.23709052261856275,1
365,0,2.0,0.0,2.0,0.0,0.0,2.0,2.0,7.0,7.0,7.0,0.35,0.0,62.0,2.0,0.0,4.0,1.0,4.3125,1.0,5.0,1.0,1.0,1.35,433.0,0.8,0.0,1.0,5.0,0.5530833679560645,0.44691663204393556,2
379,0,1.0,0.0,1.0,0.0,0.0,0.0,2.0,0.0,9.0,7.0,0.23,0.0,61.0,2.0,0.0,7.0,1.0,3.25,0.0,4.0,1.0,1.0,1.5,125.0,0.25,0.0,1.0,4.0,0.8992159666555051,0.10078403334449496,1
380,0,2.0,0.0,1.0,0.0,0.0,3.0,2.0,2.0,6.0,2.0,0.35,1.0,55.0,2.0,0.0,4.0,1.0,4.5,0.0,5.33333333333333,1.0,1.0,0.888888888888889,151.0,0.4,0.0,1.0,4.0,0.7420389733739907,0.2579610266260093,1
381,0,1.0,0.0,1.0,1.0,0.0,1.0,4.0,2.0,6.0,33.0,0.16,0.0,95.0,4.0,0.0,19.0,1.0,2.13888888888889,0.0,3.5,1.0,1.0,6.0,615.0,0.666666666666667,0.0,2.0,3.0,0.5326870629330238,0.4673129370669762,1
533,0,0.0,0.0,2.0,1.0,0.0,1.0,34.0,0.0,9.0,10.0,0.36,1.0,100.0,4.0,0.0,6.0,1.0,2.5,0.0,5.6,1.0,1.0,0.7,339.0,1.0,0.0,1.0,3.0,0.5204921281334338,0.4795078718665661,3
534,0,0.0,0.0,2.0,1.0,0.0,1.0,5.0,0.0,9.0,10.0,0.38,1.0,69.0,3.0,0.0,5.0,1.0,2.5,0.0,5.4,1.0,1.0,0.625,333.0,0.4,0.0,1.0,3.0,0.7342105107828606,0.2657894892171394,2
537,0,7.0,0.0,1.0,1.0,1.0,2.0,7.0,3.0,9.0,52.0,0.22,1.0,97.0,4.0,0.0,44.0,1.0,2.74193548387097,0.0,4.5,0.0,1.0,1.5,1293.0,1.0,0.0,2.0,2.0,0.50614827048827,0.49385172951172995,2
538,0,7.0,0.0,1.0,1.0,1.0,2.0,34.0,5.0,6.0,48.0,0.23,1.0,97.0,4.0,0.0,38.0,1.0,2.76666666666667,0.0,4.26666666666667,0.0,1.0,1.5,1208.0,0.0,0.0,1.0,3.0,0.5237860883163143,0.4762139116836857,3
556,0,0.0,0.0,1.0,0.0,0.0,2.0,2.0,0.0,5.0,4.0,0.64,0.0,25.0,2.0,1.0,9.0,1.0,5.75,3.0,7.0,4.0,1.0,1.5,89.0,0.375,0.0,4.0,4.0,0.7253130869575501,0.2746869130424499,1
580,0,0.0,1.0,1.0,0.0,0.0,0.0,3.0,0.0,6.0,7.0,0.22,0.0,0.0,4.0,0.0,14.0,1.0,1.875,0.0,5.0,2.0,1.0,6.0,116.0,0.333333333333333,0.0,6.0,0.0,0.6643524740976966,0.3356475259023034,1
660,0,7.0,0.0,1.0,2.0,0.0,2.0,3.0,0.0,7.0,13.0,0.55,0.0,75.0,2.0,0.0,7.0,2.0,3.9,0.0,3.65,0.0,1.0,0.68,53.0,0.428571428571429,0.0,2.0,4.0,0.5569282880501596,0.44307171194984035,1
661,0,5.0,0.0,1.0,1.0,0.0,3.0,2.0,0.0,6.0,14.0,0.84,0.0,75.0,2.0,0.0,4.0,2.0,4.68421052631579,1.0,4.36842105263158,1.0,1.0,0.818181818181818,35.0,0.375,0.0,2.0,4.0,0.9110695543193587,0.08893044568064136,1
673,0,5.0,0.0,1.0,33.0,0.0,3.0,1.0,0.0,9.0,7.0,0.47,0.0,92.0,4.0,0.0,8.0,1.0,6.0,1.0,4.6,2.0,1.0,1.5,152.0,0.4,0.0,4.0,2.0,0.5043089292537872,0.49569107074621277,2
675,0,1.0,0.0,1.0,1.0,0.0,3.0,1.0,0.0,0.0,6.0,1.23,9.0,71.0,4.0,0.0,4.0,1.0,4.42857142857143,1.0,7.85714285714286,2.0,1.0,0.666666666666667,387.0,0.666666666666667,0.0,2.0,1.0,0.6127852616476377,0.38721473835236236,2
731,0,1.0,0.0,3.0,0.0,3.0,2.0,3.0,0.0,3.0,9.0,0.2,3.0,50.0,3.0,0.0,4.0,2.0,2.7,0.0,4.6,1.0,1.0,1.35714285714286,31.0,0.333333333333333,0.0,3.0,8.0,0.7048899108814519,0.2951100891185481,1
757,0,0.0,0.0,1.0,2.0,0.0,4.0,2.0,0.0,7.0,8.0,1.0,0.0,71.0,2.0,1.0,4.0,1.0,20.25,1.0,4.625,1.0,1.0,0.583333333333333,204.0,0.545454545454545,0.0,5.0,6.0,0.894248953007367,0.10575104699263303,1
759,0,1.0,0.0,1.0,10.0,0.0,3.0,1.0,0.0,7.0,11.0,0.78,0.0,89.0,4.0,0.0,8.0,1.0,5.75,1.0,3.91666666666667,1.0,1.0,6.0,168.0,0.466666666666667,0.0,4.0,3.0,0.6938788819600041,0.3061211180399959,1
761,0,0.0,0.0,1.0,1.0,0.0,2.0,2.0,0.0,5.0,6.0,0.72,0.0,45.0,2.0,0.0,8.0,1.0,4.5,2.0,4.83333333333333,3.0,1.0,6.0,223.0,0.5,0.0,7.0,1.0,0.7788948563040964,0.2211051436959036,1
762,0,0.0,0.0,1.0,0.0,5.0,8.0,1.0,0.0,4.0,10.0,1.5,0.0,75.0,3.0,0.0,4.0,1.0,10.5,1.0,3.3,1.0,1.0,0.833333333333333,148.0,0.5,0.0,8.0,2.0,0.8986437938600865,0.10135620613991346,1
876,0,2.0,0.0,1.0,0.0,0.0,2.0,34.0,6.0,7.0,26.0,0.4,0.0,76.0,2.0,0.0,16.0,2.0,3.67647058823529,0.0,3.14705882352941,1.0,1.0,0.805555555555556,46.0,0.5,0.0,3.0,6.0,0.8087323718591589,0.19126762814084106,1
892,0,3.0,31.0,1.0,0.0,7.0,1.0,5.0,1.0,43.0,40.0,0.24,0.0,90.0,2.0,1.0,35.0,2.0,6.04819277108434,1.0,2.8,1.0,1.0,0.876404494382023,537.0,0.0,1.0,3.0,9.0,0.6190795741950258,0.3809204258049742,3
937,0,1.0,0.0,1.0,0.0,3.0,11.0,1.0,6.0,2.0,5.0,1.01,0.0,66.0,2.0,0.0,4.0,1.0,6.5,2.0,4.83333333333333,2.0,1.0,2.14285714285714,192.0,0.5,0.0,4.0,4.0,0.8531783075034738,0.14682169249652618,1
939,0,14.0,0.0,1.0,10.0,5.0,4.0,4.0,21.0,38.0,44.0,0.38,0.0,100.0,2.0,6.0,7.0,2.0,7.13924050632911,0.0,2.8,0.0,0.0,1.04761904761905,218.0,0.0,0.0,5.0,8.0,0.5609719113377255,0.4390280886622745,3
941,0,28.0,0.0,5.0,10.0,3.0,0.0,1.0,1.0,11.0,7.0,0.01,0.0,88.0,1.0,0.0,3.0,2.0,5.11111111111111,1.0,4.6,1.0,1.0,1.68421052631579,10.0,0.5,0.0,5.0,4.0,0.7747167933307081,0.2252832066692919,1
1009,0,1.0,1.0,1.0,0.0,0.0,2.0,6.0,0.0,6.0,12.0,0.56,0.0,27.0,3.0,2.0,7.0,2.0,3.78571428571429,1.0,3.71428571428571,0.0,1.0,0.458333333333333,171.0,0.642857142857143,0.0,3.0,1.0,0.5044927600931555,0.49550723990684453,1
1012,0,0.0,0.0,2.0,0.0,0.0,0.0,1.0,0.0,0.0,4.0,0.79,0.0,0.0,2.0,0.0,0.0,1.0,1.25,0.0,1.75,1.0,1.0,1.0,59.0,0.5,0.0,3.0,0.0,0.610092532040772,0.3899074679592281,1
1013,0,0.0,0.0,2.0,0.0,0.0,0.0,1.0,0.0,0.0,4.0,0.71,0.0,0.0,2.0,0.0,0.0,1.0,1.25,0.0,1.75,1.0,1.0,1.0,59.0,0.4,0.0,3.0,0.0,0.639297123303013,0.360702876696987,1
1098,0,2.0,0.0,1.0,1.0,0.0,4.0,2.0,0.0,6.0,10.0,0.6,1.0,83.0,3.0,0.0,2.0,1.0,3.58333333333333,1.0,4.6,1.0,1.0,1.73333333333333,61.0,0.6,0.0,3.0,1.0,0.5434831140591347,0.4565168859408652,1
1113,0,3.0,0.0,1.0,3.0,1.0,3.0,5.0,0.0,7.0,24.0,0.46,0.0,100.0,2.0,4.0,4.0,2.0,3.2,0.0,4.0,0.0,1.0,1.22857142857143,426.0,0.769230769230769,0.0,2.0,2.0,0.5242440020426629,0.4757559979573372,1
1128,0,0.0,0.0,1.0,0.0,5.0,3.0,1.0,1.0,2.0,56.0,0.75,0.0,40.0,2.0,1.0,4.0,3.0,3.87719298245614,0.0,1.92982456140351,1.0,1.0,1.5,11.0,0.75,0.0,2.0,2.0,0.8616951251848359,0.1383048748151641,1
1145,0,0.0,0.0,1.0,0.0,20.0,0.0,1.0,0.0,0.0,22.0,0.2,0.0,0.0,3.0,56.0,7.0,1.0,11.4545454545455,0.0,2.04545454545455,1.0,1.0,1.5,240.0,1.0,0.0,1.0,0.0,0.7136881163753025,0.2863118836246975,1
1146,0,0.0,1.0,1.0,0.0,0.0,0.0,34.0,0.0,3.0,11.0,0.2,0.0,33.0,4.0,0.0,13.0,1.0,2.0,0.0,2.58333333333333,0.0,1.0,0.5,29.0,0.714285714285714,0.0,5.0,1.0,0.7240792543947059,0.27592074560529417,1
1153,0,0.0,0.0,1.0,0.0,0.0,0.0,1.0,0.0,2.0,4.0,0.26,1.0,62.0,4.0,0.0,4.0,1.0,3.25,1.0,10.0,8.0,1.0,0.0,7.0,0.8,0.0,5.0,1.0,0.6008013098313091,0.3991986901686909,1
1159,0,0.0,0.0,1.0,0.0,0.0,0.0,1.0,1.0,2.0,4.0,0.24,0.0,70.0,4.0,0.0,4.0,1.0,2.0,1.0,7.6,2.0,1.0,0.857142857142857,35.0,0.666666666666667,0.0,7.0,2.0,0.6156639827553759,0.3843360172446241,1
1161,0,0.0,2.0,1.0,2.0,0.0,0.0,34.0,1.0,8.0,8.0,0.13,0.0,56.0,4.0,0.0,16.0,2.0,3.36363636363636,1.0,4.6,2.0,1.0,1.0,301.0,0.571428571428571,0.0,2.0,1.0,0.686902115521147,0.313097884478853,2
1184,0,0.0,0.0,1.0,0.0,0.0,2.0,5.0,1.0,9.0,13.0,0.17,3.0,60.0,3.0,0.0,4.0,2.0,4.14285714285714,0.0,8.78571428571429,1.0,1.0,0.5,30.0,0.6,0.0,6.0,2.0,0.8104719809158487,0.18952801908415123,1
1195,0,6.0,16.0,1.0,2.0,3.0,1.0,30.0,0.0,4.0,147.0,0.11,3.0,97.0,4.0,2.0,72.0,2.0,3.50887573964497,0.0,2.8,0.0,1.0,1.215,766.0,0.0,1.0,2.0,5.0,0.5633167272076578,0.43668327279234226,3
1212,0,4.0,10.0,1.0,0.0,0.0,2.0,7.0,0.0,19.0,10.0,0.18,2.0,50.0,4.0,0.0,4.0,2.0,4.0,0.0,6.79166666666667,1.0,1.0,1.125,22.0,0.444444444444444,0.0,1.0,2.0,0.5717553522145689,0.42824464778543114,1
1222,0,0.0,0.0,1.0,1.0,0.0,2.0,5.0,1.0,19.0,16.0,0.16,1.0,75.0,3.0,0.0,4.0,2.0,4.52941176470588,0.0,5.76470588235294,0.0,1.0,1.08695652173913,15.0,0.8,0.0,5.0,3.0,0.5172333451851007,0.48276665481489933,1
1229,0,0.0,0.0,1.0,1.0,0.0,1.0,7.0,1.0,10.0,15.0,0.28,1.0,100.0,3.0,0.0,7.0,1.0,2.625,0.0,4.5,1.0,1.0,0.416666666666667,20.0,0.75,0.0,4.0,2.0,0.7490979523932293,0.2509020476067707,1
1230,0,1.0,0.0,1.0,0.0,0.0,1.0,1.0,0.0,1.0,13.0,0.18,2.0,50.0,3.0,0.0,25.0,1.0,2.42857142857143,0.0,5.0,1.0,1.0,0.5,57.0,0.75,0.0,4.0,3.0,0.5254362047884068,0.4745637952115932,1
1231,0,7.0,0.0,1.0,1.0,1.0,1.0,34.0,5.0,6.0,48.0,0.16,1.0,97.0,4.0,0.0,43.0,2.0,2.95,0.0,4.48333333333333,1.0,1.0,1.5,303.0,0.0,0.0,7.0,7.0,0.5959116489012832,0.40408835109871677,3
1238,0,0.0,1.0,1.0,0.0,0.0,1.0,2.0,0.0,1.0,6.0,0.48,1.0,33.0,3.0,0.0,2.0,1.0,1.14285714285714,0.0,3.14285714285714,1.0,1.0,0.0,33.0,0.5,0.0,1.0,2.0,0.952313172572175,0.047686827427825096,1
1254,0,0.0,0.0,1.0,2.0,0.0,0.0,1.0,2.0,2.0,14.0,0.22,0.0,75.0,3.0,0.0,22.0,1.0,3.25,1.0,4.6,1.0,1.0,0.166666666666667,22.0,0.428571428571429,0.0,2.0,3.0,0.774677134379132,0.22532286562086798,1
1272,0,1.0,0.0,1.0,3.0,1.0,4.0,1.0,0.0,0.0,2.0,0.48,3.0,33.0,3.0,0.0,4.0,1.0,6.33333333333333,2.0,8.0,5.0,1.0,0.6,8.0,0.6,0.0,2.0,3.0,0.856305958781713,0.143694041218287,1
1277,0,1.0,0.0,1.0,3.0,2.0,1.0,34.0,0.0,2.0,26.0,0.54,0.0,90.0,3.0,3.0,25.0,1.0,10.6296296296296,0.0,2.77777777777778,0.0,1.0,0.2,36.0,0.5,0.0,1.0,4.0,0.8588231665164071,0.1411768334835929,1
1283,0,1.0,0.0,1.0,0.0,0.0,5.0,1.0,0.0,0.0,4.0,0.18,6.0,0.0,3.0,0.0,22.0,1.0,5.2,3.0,4.6,4.0,1.0,1.0,110.0,0.5,0.0,6.0,1.0,0.6380268155525439,0.3619731844474561,1
1286,0,3.0,0.0,1.0,0.0,2.0,4.0,2.0,1.0,0.0,12.0,0.39,4.0,0.0,3.0,1.0,4.0,2.0,2.5625,0.0,5.75,1.0,1.0,0.421052631578947,47.0,0.571428571428571,0.0,7.0,2.0,0.897891161596698,0.10210883840330197,1
1287,0,4.0,0.0,1.0,0.0,0.0,1.0,1.0,1.0,4.0,7.0,0.4,0.0,85.0,3.0,0.0,15.0,1.0,2.5,0.0,2.66666666666667,1.0,1.0,0.428571428571429,10.0,0.6,0.0,4.0,1.0,0.6295488227564465,0.3704511772435534,1
1291,0,0.0,0.0,1.0,0.0,0.0,0.0,1.0,0.0,0.0,2.0,0.79,1.0,0.0,3.0,0.0,4.0,1.0,3.5,1.0,7.5,2.0,1.0,0.0,3.0,0.5,0.0,4.0,3.0,0.6794793788396091,0.32052062116039093,1
1296,0,0.0,0.0,1.0,1.0,0.0,4.0,2.0,0.0,3.0,19.0,0.27,3.0,60.0,3.0,0.0,26.0,2.0,3.78947368421053,0.0,3.6,1.0,1.0,0.0,16.0,0.6,0.0,7.0,4.0,0.5333493126040914,0.4666506873959086,1
1297,0,0.0,0.0,1.0,0.0,0.0,2.0,6.0,0.0,14.0,9.0,0.17,3.0,25.0,4.0,0.0,28.0,2.0,3.44444444444444,0.0,9.77777777777778,1.0,1.0,0.75,296.0,1.0,0.0,5.0,3.0,0.5810897172594207,0.4189102827405793,1
1308,0,0.0,0.0,1.0,0.0,0.0,0.0,34.0,0.0,0.0,52.0,0.1,0.0,0.0,4.0,1.0,31.0,1.0,0.615384615384615,0.0,3.01923076923077,1.0,1.0,0.0,83.0,0.5,0.0,2.0,3.0,0.8001534034105754,0.1998465965894246,1
1314,0,4.0,0.0,1.0,0.0,0.0,1.0,3.0,0.0,5.0,15.0,0.19,1.0,57.0,4.0,0.0,16.0,1.0,3.57894736842105,0.0,5.26315789473684,1.0,1.0,6.0,417.0,0.833333333333333,0.0,5.0,2.0,0.5810598649807439,0.4189401350192561,1
1322,0,2.0,0.0,1.0,0.0,0.0,5.0,1.0,0.0,0.0,7.0,0.29,3.0,0.0,3.0,0.0,26.0,1.0,4.33333333333333,0.0,3.6,2.0,1.0,0.909090909090909,86.0,0.833333333333333,0.0,5.0,5.0,0.5843630691906609,0.41563693080933906,1
1335,0,0.0,0.0,1.0,0.0,0.0,7.0,1.0,0.0,0.0,1.0,0.69,4.0,0.0,3.0,0.0,4.0,1.0,6.0,6.0,17.0,17.0,2.0,1.0,6.0,0.333333333333333,0.0,5.0,1.0,0.8047471435929465,0.19525285640705342,1
1338,0,1.0,1.0,1.0,0.0,2.0,4.0,1.0,0.0,0.0,2.0,0.38,2.0,0.0,3.0,0.0,4.0,1.0,3.75,0.0,6.75,1.0,1.0,1.0,4.0,0.666666666666667,0.0,4.0,3.0,0.8959333341763365,0.10406666582366354,1
1339,0,3.0,0.0,1.0,5.0,1.0,2.0,1.0,0.0,0.0,2.0,0.31,3.0,76.0,3.0,0.0,4.0,1.0,5.4,0.0,6.2,1.0,1.0,1.28571428571429,6.0,0.666666666666667,0.0,4.0,3.0,0.7198982526239368,0.28010174737606325,1
1347,0,0.0,0.0,1.0,0.0,0.0,1.0,1.0,0.0,0.0,5.0,0.21,2.0,0.0,3.0,0.0,15.0,1.0,1.2,1.0,9.8,3.0,1.0,0.571428571428571,82.0,0.888888888888889,0.0,2.0,0.0,0.6533317564801913,0.34666824351980874,1
