test_idx,candidate_id,CountDeclMethodPrivate,CountDeclMethodDefault,AvgEssential,CountDeclClassVariable,CountDeclClassMethod,AvgLineComment,AvgCyclomaticModified,CountDeclClass,CountDeclMethodProtected,CountDeclInstanceVariable,CountDeclMethodPublic,RatioCommentToCode,AvgLineBlank,PercentLackOfCohesion,MaxInheritanceTree,CountClassDerived,CountClassCoupled,CountClassBase,CountInput_Mean,CountInput_Min,CountOutput_Min,MaxNesting_Min,ADEV,OWN_COMMIT,MINOR_COMMIT,MINOR_LINE,MAJOR_LINE,proba0,proba1,num_features_changed
39,0,6.0,1.0,1.0,5.0,3.0,4.0,2.0,6.0,21.0,5.0,12.0,0.77,0.0,97.0,1.0,2.0,59.0,9.0,4.74534161490683,0.0,0.0,0.0,3.0,0.454545454545455,0.0,3.0,1.0,0.6812960624614708,0.31870393753852916,3
39,1,6.0,1.0,1.0,5.0,3.0,4.0,2.0,6.0,21.0,5.0,0.0,0.77,0.0,97.0,1.0,2.0,59.0,9.0,4.74534161490683,0.0,0.0,0.0,1.0,0.8,0.0,3.0,1.0,0.7906904216435995,0.20930957835640054,4
39,2,0.0,1.0,1.0,5.0,3.0,4.0,2.0,6.0,21.0,5.0,0.0,0.77,0.0,97.0,1.0,2.0,59.0,9.0,4.74534161490683,0.0,0.0,0.0,1.0,0.8,0.0,3.0,1.0,0.8334627108358805,0.16653728916411945,5
39,3,0.0,1.0,1.0,5.0,3.0,4.0,2.0,6.0,21.0,5.0,0.0,0.77,0.0,97.0,1.0,2.0,59.0,9.0,4.74534161490683,0.0,0.0,0.0,3.0,0.8,0.0,3.0,1.0,0.8678119335863388,0.1321880664136612,5
39,4,0.0,1.0,1.0,5.0,3.0,4.0,2.0,6.0,21.0,5.0,12.0,0.77,0.0,97.0,1.0,2.0,59.0,9.0,4.74534161490683,0.0,0.0,0.0,3.0,0.8,0.0,3.0,1.0,0.8945695364911139,0.10543046350888607,5
41,0,1.0,0.0,1.0,6.0,1.0,2.0,1.0,2.0,7.0,30.0,75.0,0.54,0.0,97.0,2.0,3.0,2.0,6.0,7.01204819277108,0.0,1.0,0.0,3.0,1.0,0.0,3.0,2.0,0.6443539187785401,0.35564608122145985,1
41,1,1.0,0.0,1.0,6.0,1.0,2.0,1.0,2.0,7.0,30.0,1.0,0.54,0.0,97.0,2.0,3.0,0.0,6.0,7.01204819277108,0.0,1.0,0.0,3.0,1.0,0.0,3.0,2.0,0.9802892314982807,0.01971076850171926,2
41,2,1.0,0.0,1.0,6.0,1.0,2.0,1.0,2.0,7.0,5.0,12.0,0.54,0.0,97.0,2.0,3.0,18.0,6.0,7.01204819277108,0.0,1.0,0.0,3.0,1.0,0.0,3.0,2.0,0.776195568178965,0.22380443182103504,2
41,3,1.0,0.0,1.0,6.0,1.0,2.0,1.0,2.0,7.0,5.0,1.0,0.54,0.0,97.0,2.0,3.0,0.0,6.0,7.01204819277108,0.0,1.0,0.0,3.0,1.0,0.0,3.0,0.0,0.9975571987153175,0.002442801284682584,4
41,4,1.0,0.0,1.0,6.0,1.0,2.0,1.0,2.0,7.0,30.0,75.0,0.54,0.0,97.0,2.0,3.0,0.0,6.0,7.01204819277108,0.0,1.0,0.0,3.0,1.0,0.0,3.0,2.0,0.8147302916210182,0.18526970837898182,1
46,0,0.0,2.0,1.0,1.0,0.0,4.0,3.0,5.0,10.0,21.0,35.0,0.41,0.0,89.0,1.0,3.0,27.0,4.0,4.82692307692308,0.0,1.0,0.0,5.0,1.0,0.0,3.0,2.0,0.656264782209949,0.34373521779005106,2
46,1,0.0,2.0,1.0,1.0,0.0,4.0,3.0,5.0,10.0,21.0,35.0,0.41,0.0,100.0,1.0,3.0,27.0,4.0,4.82692307692308,0.0,1.0,0.0,5.0,1.0,0.0,3.0,2.0,0.8735965151326561,0.12640348486734387,3
46,2,5.0,2.0,1.0,1.0,0.0,4.0,3.0,5.0,10.0,5.0,35.0,0.41,0.0,100.0,1.0,3.0,27.0,4.0,4.82692307692308,0.0,1.0,0.0,5.0,0.8,0.0,3.0,2.0,0.6170970471545751,0.3829029528454248,3
46,3,5.0,2.0,1.0,1.0,0.0,4.0,3.0,5.0,10.0,5.0,12.0,0.41,0.0,100.0,1.0,3.0,27.0,4.0,4.82692307692308,0.0,1.0,0.0,5.0,0.6,0.0,3.0,2.0,0.6240727650140602,0.37592723498593983,3
46,4,0.0,2.0,1.0,1.0,0.0,0.0,3.0,5.0,10.0,21.0,35.0,0.41,0.0,89.0,1.0,3.0,27.0,4.0,4.82692307692308,0.0,1.0,0.0,5.0,1.0,0.0,3.0,2.0,0.8757623967186781,0.12423760328132193,3
65,0,0.0,0.0,1.0,2.0,0.0,0.0,2.0,1.0,7.0,6.0,16.0,1.14,0.0,86.0,2.0,0.0,27.0,1.0,5.52173913043478,1.0,1.0,0.0,9.0,0.888888888888889,0.0,3.0,1.0,0.6065233768356432,0.39347662316435683,1
65,1,0.0,0.0,1.0,2.0,0.0,0.0,2.0,1.0,7.0,6.0,16.0,1.91,0.0,86.0,2.0,0.0,27.0,1.0,5.52173913043478,1.0,1.0,0.0,9.0,1.0,0.0,3.0,1.0,0.9539357475068582,0.04606425249314183,2
65,2,0.0,0.0,1.0,2.0,0.0,0.0,2.0,1.0,7.0,6.0,16.0,1.91,0.0,86.0,2.0,0.0,0.0,1.0,5.52173913043478,1.0,1.0,0.0,9.0,1.0,0.0,3.0,1.0,0.9939935604214074,0.006006439578592627,3
65,3,0.0,0.0,1.0,2.0,0.0,17.0,2.0,1.0,7.0,6.0,16.0,1.91,0.0,86.0,2.0,0.0,0.0,1.0,5.52173913043478,1.0,1.0,0.0,9.0,1.0,0.0,3.0,1.0,0.9971674881694275,0.002832511830572538,4
65,4,0.0,0.0,1.0,2.0,0.0,0.0,2.0,1.0,7.0,6.0,16.0,1.91,0.0,86.0,2.0,0.0,27.0,1.0,5.52173913043478,1.0,1.0,0.0,9.0,0.888888888888889,0.0,3.0,1.0,0.6591137138280089,0.3408862861719911,1
92,0,1.0,0.0,1.0,5.0,0.0,1.0,2.0,5.0,33.0,64.0,143.0,0.29,0.0,98.0,1.0,2.0,2.0,2.0,6.19774011299435,0.0,0.0,0.0,22.0,1.0,0.0,3.0,2.0,0.5232770947695653,0.47672290523043476,2
92,1,1.0,0.0,1.0,5.0,0.0,1.0,2.0,5.0,33.0,5.0,143.0,0.29,0.0,98.0,1.0,2.0,0.0,2.0,6.19774011299435,0.0,0.0,0.0,22.0,1.0,0.0,3.0,2.0,0.9676026091337554,0.03239739086624455,3
92,2,1.0,0.0,1.0,5.0,0.0,1.0,2.0,5.0,33.0,5.0,4.0,0.29,0.0,98.0,1.0,2.0,0.0,2.0,6.19774011299435,0.0,0.0,0.0,22.0,0.818181818181818,0.0,3.0,2.0,0.5146895235622093,0.4853104764377907,3
92,3,0.0,0.0,1.0,5.0,0.0,1.0,2.0,5.0,33.0,5.0,1.0,0.29,0.0,98.0,1.0,2.0,0.0,2.0,6.19774011299435,0.0,0.0,0.0,22.0,1.0,0.0,3.0,2.0,0.9935812893113722,0.006418710688627765,5
92,4,1.0,0.0,1.0,5.0,0.0,1.0,2.0,5.0,33.0,5.0,143.0,0.29,0.0,98.0,1.0,2.0,63.0,2.0,6.19774011299435,0.0,0.0,0.0,22.0,1.0,0.0,3.0,2.0,0.5319884559864192,0.46801154401358086,2
104,0,0.0,0.0,1.0,1.0,0.0,5.0,1.0,1.0,4.0,2.0,21.0,0.84,0.0,89.0,3.0,0.0,25.0,1.0,3.24,0.0,1.0,0.0,0.0,0.8,0.0,2.0,1.0,0.7617049734263168,0.23829502657368318,1
104,1,0.0,0.0,1.0,1.0,0.0,5.0,1.0,1.0,4.0,2.0,21.0,0.84,0.0,100.0,3.0,0.0,25.0,1.0,3.24,0.0,1.0,0.0,0.0,0.0,0.0,2.0,1.0,0.5879577292528066,0.41204227074719335,1
104,2,0.0,0.0,1.0,1.0,0.0,5.0,1.0,1.0,4.0,2.0,21.0,0.84,0.0,100.0,3.0,0.0,2.0,1.0,3.24,0.0,1.0,0.0,0.0,1.0,0.0,2.0,1.0,0.9991773363439297,0.0008226636560703081,3
104,3,0.0,0.0,1.0,1.0,0.0,5.0,1.0,1.0,4.0,2.0,12.0,0.84,0.0,89.0,3.0,0.0,25.0,1.0,3.24,0.0,1.0,0.0,0.0,0.0,0.0,2.0,1.0,0.8202589612635549,0.17974103873644515,1
104,4,0.0,0.0,1.0,1.0,0.0,5.0,1.0,1.0,4.0,2.0,21.0,0.84,0.0,89.0,3.0,0.0,7.0,1.0,3.24,41.0,1.0,0.0,0.0,0.0,0.0,2.0,1.0,0.528375555105772,0.4716244448942279,2
147,0,0.0,0.0,1.0,1.0,0.0,2.0,2.0,1.0,7.0,12.0,20.0,0.25,0.0,83.0,1.0,3.0,27.0,2.0,4.37037037037037,0.0,0.0,0.0,10.0,1.0,0.0,3.0,1.0,0.799560636187502,0.20043936381249805,1
147,1,0.0,0.0,1.0,1.0,0.0,2.0,2.0,1.0,7.0,12.0,20.0,0.25,0.0,83.0,1.0,3.0,0.0,2.0,4.37037037037037,0.0,0.0,0.0,10.0,0.9,0.0,3.0,1.0,0.617639139926649,0.38236086007335096,1
147,2,0.0,0.0,1.0,1.0,0.0,2.0,2.0,1.0,7.0,12.0,20.0,0.25,0.0,83.0,1.0,3.0,0.0,2.0,1.0,0.0,0.0,0.0,10.0,1.0,0.0,3.0,1.0,0.9880824093816433,0.01191759061835669,3
147,3,0.0,0.0,1.0,1.0,0.0,2.0,2.0,1.0,7.0,12.0,20.0,0.71,0.0,83.0,1.0,3.0,0.0,2.0,1.0,0.0,0.0,0.0,10.0,1.0,0.0,3.0,1.0,0.9944225257463567,0.005577474253643344,4
147,4,0.0,0.0,1.0,1.0,0.0,2.0,2.0,1.0,7.0,12.0,20.0,0.25,0.0,83.0,1.0,3.0,27.0,2.0,3.0,0.0,0.0,0.0,10.0,0.9,0.0,3.0,1.0,0.7716386359163497,0.22836136408365026,1
148,0,1.0,0.0,1.0,1.0,1.0,0.0,1.0,1.0,1.0,7.0,21.0,0.11,0.0,85.0,1.0,2.0,13.0,2.0,2.95652173913043,0.0,0.0,0.0,5.0,1.0,0.0,3.0,1.0,0.7880843292923979,0.21191567070760212,1
148,1,1.0,0.0,1.0,1.0,1.0,0.0,1.0,1.0,1.0,7.0,21.0,0.42,0.0,85.0,1.0,2.0,13.0,2.0,2.95652173913043,0.0,0.0,0.0,5.0,0.8,0.0,3.0,1.0,0.5985924692472576,0.4014075307527424,1
148,2,1.0,0.0,1.0,1.0,1.0,0.0,1.0,1.0,1.0,7.0,21.0,1.91,0.0,100.0,1.0,2.0,13.0,2.0,2.95652173913043,0.0,0.0,0.0,5.0,1.0,0.0,3.0,1.0,0.9902373707470015,0.009762629252998534,3
148,3,1.0,0.0,1.0,1.0,1.0,0.0,1.0,1.0,1.0,7.0,21.0,0.11,0.0,100.0,1.0,2.0,13.0,2.0,2.95652173913043,0.0,0.0,0.0,5.0,0.8,0.0,2.0,1.0,0.6947975436984941,0.30520245630150594,2
148,4,1.0,0.0,1.0,1.0,1.0,0.0,1.0,1.0,1.0,7.0,21.0,0.11,0.0,73.0,1.0,2.0,13.0,2.0,2.95652173913043,41.0,0.0,0.0,5.0,0.8,0.0,3.0,1.0,0.5312990394620571,0.4687009605379428,2
154,0,0.0,0.0,2.0,2.0,0.0,1.0,3.0,1.0,6.0,11.0,21.0,0.22,0.0,87.0,2.0,0.0,13.0,2.0,3.22222222222222,0.0,1.0,0.0,6.0,1.0,0.0,2.0,0.0,0.8363400679893531,0.16365993201064694,1
154,1,0.0,0.0,2.0,2.0,0.0,1.0,3.0,1.0,6.0,11.0,21.0,0.22,0.0,100.0,2.0,0.0,13.0,2.0,3.22222222222222,0.0,1.0,0.0,6.0,1.0,0.0,2.0,0.0,0.943508682723893,0.05649131727610701,2
154,2,0.0,0.0,2.0,2.0,0.0,1.0,3.0,1.0,6.0,11.0,21.0,0.22,0.0,100.0,2.0,0.0,13.0,2.0,3.22222222222222,0.0,1.0,0.0,1.0,1.0,0.0,2.0,0.0,0.9526625076835455,0.047337492316454476,3
154,3,0.0,0.0,2.0,2.0,0.0,17.0,3.0,1.0,6.0,11.0,21.0,0.22,0.0,100.0,2.0,0.0,13.0,2.0,3.22222222222222,0.0,1.0,0.0,3.0,0.666666666666667,0.0,2.0,0.0,0.5338638643669363,0.46613613563306366,3
154,4,0.0,0.0,2.0,2.0,0.0,1.0,3.0,1.0,6.0,11.0,21.0,0.22,0.0,100.0,2.0,2.0,13.0,2.0,3.22222222222222,0.0,1.0,0.0,6.0,1.0,0.0,2.0,0.0,0.9732524722493714,0.026747527750628594,3
203,0,0.0,0.0,1.0,1.0,0.0,1.0,1.0,1.0,0.0,23.0,50.0,0.36,0.0,95.0,2.0,0.0,24.0,1.0,2.6,1.0,1.0,0.0,11.0,1.0,0.0,3.0,1.0,0.9256315625851004,0.0743684374148996,1
203,1,0.0,0.0,1.0,1.0,0.0,1.0,1.0,1.0,0.0,23.0,50.0,0.36,0.0,95.0,2.0,0.0,2.0,1.0,2.6,1.0,1.0,0.0,11.0,0.909090909090909,0.0,3.0,1.0,0.5082584686046756,0.4917415313953244,1
203,2,0.0,0.0,1.0,1.0,0.0,1.0,1.0,1.0,0.0,23.0,50.0,0.36,0.0,95.0,2.0,0.0,0.0,1.0,2.6,1.0,1.0,0.0,3.0,1.0,0.0,3.0,1.0,0.9973726674057014,0.0026273325942986394,3
203,3,0.0,0.0,1.0,1.0,0.0,1.0,1.0,1.0,0.0,23.0,12.0,0.36,0.0,95.0,2.0,0.0,24.0,1.0,2.6,1.0,1.0,0.0,11.0,0.909090909090909,0.0,3.0,1.0,0.8371724620350605,0.1628275379649396,1
203,4,0.0,0.0,1.0,1.0,0.0,1.0,1.0,1.0,0.0,5.0,12.0,0.36,0.0,95.0,2.0,0.0,0.0,1.0,2.6,1.0,1.0,0.0,3.0,1.0,0.0,3.0,1.0,0.9994534867406056,0.0005465132593943693,5
218,0,0.0,1.0,2.0,1.0,0.0,2.0,3.0,4.0,8.0,12.0,30.0,0.24,0.0,89.0,2.0,2.0,25.0,2.0,3.53846153846154,0.0,0.0,0.0,17.0,1.0,0.0,3.0,1.0,0.8120644184610752,0.18793558153892473,1
218,1,0.0,1.0,2.0,1.0,0.0,2.0,3.0,4.0,8.0,12.0,30.0,0.24,0.0,89.0,2.0,2.0,0.0,2.0,3.53846153846154,0.0,0.0,0.0,17.0,1.0,0.0,3.0,1.0,0.988287054121145,0.011712945878854917,2
218,2,0.0,1.0,2.0,1.0,0.0,2.0,3.0,4.0,8.0,12.0,1.0,0.24,0.0,89.0,2.0,2.0,0.0,2.0,3.53846153846154,0.0,0.0,0.0,17.0,1.0,0.0,3.0,1.0,0.9938453350201142,0.006154664979885858,3
218,3,0.0,1.0,2.0,1.0,0.0,2.0,3.0,4.0,8.0,12.0,1.0,0.24,0.0,89.0,2.0,2.0,0.0,2.0,51.5,0.0,0.0,0.0,17.0,1.0,0.0,3.0,1.0,0.9956176301925443,0.004382369807455662,4
218,4,0.0,1.0,2.0,1.0,0.0,2.0,3.0,4.0,8.0,12.0,1.0,0.24,0.0,89.0,2.0,2.0,0.0,2.0,3.53846153846154,1.0,0.0,0.0,17.0,1.0,0.0,3.0,1.0,0.9943673171192602,0.005632682880739836,4
219,0,0.0,4.0,1.0,2.0,0.0,1.0,2.0,12.0,7.0,22.0,58.0,0.17,0.0,94.0,2.0,1.0,50.0,2.0,3.94736842105263,0.0,0.0,0.0,39.0,1.0,0.0,3.0,1.0,0.7903669052987606,0.2096330947012394,2
219,1,0.0,4.0,1.0,2.0,0.0,1.0,2.0,12.0,7.0,22.0,1.0,0.17,0.0,94.0,2.0,1.0,50.0,2.0,3.94736842105263,0.0,0.0,0.0,39.0,1.0,0.0,3.0,1.0,0.9121972588352947,0.08780274116470538,3
219,2,7.0,4.0,1.0,2.0,0.0,17.0,2.0,12.0,7.0,22.0,12.0,0.17,0.0,94.0,2.0,1.0,50.0,2.0,3.94736842105263,0.0,0.0,0.0,39.0,1.0,0.0,3.0,1.0,0.5321325291414278,0.4678674708585722,3
219,3,7.0,4.0,1.0,2.0,0.0,1.0,2.0,12.0,7.0,22.0,2.0,0.17,0.0,94.0,2.0,1.0,50.0,2.0,3.94736842105263,0.0,0.0,0.0,3.0,1.0,0.0,3.0,1.0,0.5205290880057942,0.47947091199420583,3
219,4,7.0,4.0,1.0,2.0,0.0,1.0,2.0,12.0,7.0,22.0,7.0,0.17,0.0,94.0,2.0,1.0,50.0,2.0,3.94736842105263,0.0,0.0,0.0,2.0,1.0,0.0,3.0,1.0,0.5005714842080675,0.4994285157919325,3
1765,0,0.0,0.0,1.0,1.0,0.0,1.0,3.0,1.0,1.0,1.0,5.0,0.4,0.0,58.0,2.0,0.0,10.0,1.0,3.66666666666667,2.0,1.0,0.0,2.0,0.8,0.0,2.0,0.0,0.7105554438426456,0.28944455615735437,1
1765,1,0.0,0.0,1.0,1.0,0.0,1.0,3.0,1.0,1.0,1.0,5.0,0.4,0.0,100.0,2.0,0.0,10.0,1.0,3.66666666666667,2.0,1.0,0.0,2.0,0.5,0.0,2.0,0.0,0.5770093736924027,0.42299062630759726,1
1765,2,0.0,0.0,1.0,1.0,0.0,1.0,0.0,1.0,1.0,1.0,5.0,0.4,0.0,100.0,2.0,0.0,10.0,1.0,3.66666666666667,2.0,1.0,0.0,2.0,1.0,0.0,2.0,0.0,0.9976992105859559,0.0023007894140440847,3
1765,3,0.0,0.0,1.0,1.0,0.0,0.0,0.0,1.0,1.0,1.0,5.0,0.4,0.0,100.0,2.0,0.0,10.0,1.0,3.66666666666667,2.0,1.0,0.0,2.0,1.0,0.0,2.0,0.0,0.9984303372157183,0.001569662784281761,4
1765,4,0.0,0.0,1.0,1.0,0.0,1.0,3.0,1.0,1.0,1.0,5.0,0.4,0.0,58.0,2.0,0.0,10.0,1.0,3.66666666666667,2.0,1.0,0.0,2.0,1.0,0.0,2.0,0.0,0.9587011492183619,0.04129885078163811,1
225,0,0.0,0.0,1.0,2.0,0.0,0.0,2.0,1.0,7.0,19.0,66.0,0.06,0.0,92.0,1.0,1.0,43.0,2.0,3.84931506849315,0.0,0.0,0.0,10.0,1.0,0.0,3.0,1.0,0.5305247446948423,0.46947525530515766,1
225,1,0.0,0.0,1.0,2.0,0.0,0.0,2.0,1.0,7.0,19.0,66.0,1.91,0.0,92.0,1.0,1.0,43.0,2.0,3.84931506849315,0.0,0.0,0.0,10.0,1.0,0.0,3.0,1.0,0.8616848383959501,0.1383151616040499,2
225,2,0.0,0.0,1.0,2.0,0.0,0.0,2.0,1.0,7.0,19.0,66.0,1.91,0.0,92.0,1.0,1.0,43.0,2.0,1.7,0.0,0.0,0.0,10.0,1.0,0.0,3.0,1.0,0.958170125094073,0.04182987490592703,3
225,3,0.0,0.0,1.0,2.0,0.0,0.0,2.0,1.0,7.0,19.0,66.0,1.91,0.0,92.0,1.0,1.0,43.0,0.0,1.7,0.0,0.0,0.0,10.0,1.0,0.0,3.0,1.0,0.9611268031790036,0.038873196820996485,4
225,4,0.0,0.0,1.0,2.0,0.0,0.0,2.0,1.0,7.0,19.0,66.0,1.91,0.0,92.0,1.0,1.0,43.0,0.0,3.0,0.0,0.0,0.0,10.0,1.0,0.0,3.0,1.0,0.9620409065001366,0.037959093499863344,4
230,0,1.0,1.0,1.0,1.0,0.0,1.0,2.0,6.0,3.0,11.0,37.0,0.18,1.0,88.0,2.0,1.0,45.0,2.0,3.02380952380952,0.0,0.0,0.0,18.0,1.0,0.0,3.0,2.0,0.7005219985236864,0.2994780014763136,1
230,1,0.0,1.0,1.0,1.0,0.0,1.0,2.0,6.0,3.0,11.0,37.0,0.18,1.0,88.0,2.0,1.0,45.0,2.0,3.02380952380952,0.0,0.0,0.0,18.0,1.0,0.0,3.0,2.0,0.9560982799315919,0.04390172006840806,2
230,2,0.0,1.0,1.0,1.0,0.0,1.0,2.0,6.0,3.0,11.0,37.0,0.18,1.0,88.0,2.0,1.0,45.0,2.0,3.02380952380952,0.0,0.0,0.0,1.0,1.0,0.0,3.0,2.0,0.9717942224797165,0.028205777520283474,3
230,3,1.0,1.0,1.0,1.0,0.0,1.0,2.0,6.0,3.0,11.0,12.0,0.18,1.0,88.0,2.0,1.0,45.0,2.0,3.02380952380952,0.0,0.0,0.0,3.0,0.777777777777778,0.0,3.0,2.0,0.5719287634400987,0.42807123655990137,2
230,4,1.0,1.0,1.0,1.0,0.0,1.0,2.0,6.0,3.0,11.0,37.0,0.18,1.0,88.0,2.0,1.0,45.0,2.0,3.02380952380952,0.0,0.0,0.0,1.0,1.0,0.0,3.0,2.0,0.7964590106805238,0.20354098931947612,2
246,0,0.0,0.0,1.0,3.0,0.0,1.0,2.0,4.0,13.0,38.0,76.0,0.15,0.0,95.0,1.0,1.0,70.0,4.0,3.09574468085106,0.0,1.0,0.0,17.0,1.0,0.0,3.0,1.0,0.749376370110898,0.2506236298891021,2
246,1,0.0,0.0,1.0,3.0,0.0,1.0,2.0,4.0,13.0,38.0,1.0,0.15,0.0,95.0,1.0,1.0,70.0,4.0,3.09574468085106,0.0,1.0,0.0,17.0,1.0,0.0,3.0,1.0,0.9029607358022201,0.09703926419777986,3
246,2,0.0,0.0,1.0,3.0,0.0,1.0,2.0,4.0,13.0,38.0,12.0,0.15,0.0,95.0,1.0,1.0,70.0,4.0,3.09574468085106,0.0,1.0,0.0,3.0,0.529411764705882,0.0,3.0,1.0,0.683826150217652,0.31617384978234797,3
246,3,0.0,0.0,1.0,3.0,0.0,0.0,2.0,4.0,13.0,38.0,1.0,0.15,0.0,95.0,1.0,1.0,70.0,4.0,3.09574468085106,0.0,1.0,0.0,3.0,1.0,0.0,3.0,1.0,0.9640274603983693,0.03597253960163073,5
246,4,0.0,0.0,1.0,3.0,0.0,0.0,2.0,4.0,13.0,38.0,7.0,0.15,0.0,95.0,1.0,1.0,70.0,4.0,3.09574468085106,0.0,1.0,0.0,3.0,1.0,0.0,3.0,1.0,0.9702632479086845,0.029736752091315564,5
282,0,1.0,0.0,1.0,2.0,0.0,1.0,1.0,1.0,0.0,6.0,17.0,0.41,0.0,87.0,4.0,0.0,3.0,2.0,2.83333333333333,0.0,1.0,0.0,0.0,0.8,0.0,2.0,0.0,0.8572447839920033,0.1427552160079967,1
282,1,1.0,0.0,1.0,2.0,0.0,1.0,1.0,1.0,0.0,6.0,17.0,0.41,0.0,100.0,4.0,0.0,3.0,2.0,2.83333333333333,0.0,1.0,0.0,0.0,0.0,0.0,2.0,0.0,0.7599577268728475,0.2400422731271526,1
282,2,1.0,0.0,1.0,2.0,0.0,1.0,1.0,1.0,0.0,6.0,17.0,0.41,0.0,87.0,4.0,0.0,3.0,2.0,51.5,0.0,1.0,0.0,0.0,0.0,0.0,2.0,0.0,0.7241711754858129,0.27582882451418705,1
282,3,1.0,0.0,1.0,2.0,0.0,1.0,1.0,1.0,0.0,6.0,17.0,0.41,0.0,100.0,2.0,0.0,3.0,2.0,51.5,0.0,1.0,0.0,0.0,1.0,0.0,2.0,0.0,0.9988162746031349,0.0011837253968650266,4
282,4,1.0,0.0,1.0,2.0,0.0,1.0,1.0,1.0,0.0,6.0,17.0,0.41,0.0,87.0,4.0,0.0,3.0,2.0,2.83333333333333,0.0,1.0,0.0,0.0,1.0,0.0,2.0,0.0,0.987228754555984,0.012771245444015953,1
287,0,1.0,0.0,1.0,2.0,0.0,3.0,2.0,1.0,0.0,1.0,9.0,0.7,0.0,76.0,4.0,0.0,7.0,2.0,3.1,0.0,1.0,0.0,0.0,0.8,0.0,2.0,1.0,0.529643233973267,0.47035676602673304,1
287,1,1.0,0.0,1.0,2.0,0.0,3.0,2.0,1.0,0.0,1.0,9.0,0.7,0.0,76.0,4.0,52.0,7.0,2.0,3.1,0.0,1.0,0.0,0.0,0.0,0.0,2.0,1.0,0.5146698277812487,0.48533017221875124,1
287,2,1.0,0.0,1.0,2.0,0.0,3.0,2.0,1.0,0.0,1.0,9.0,0.7,0.0,100.0,4.0,52.0,7.0,2.0,3.1,0.0,1.0,0.0,0.0,0.8,0.0,2.0,1.0,0.9438423089752076,0.0561576910247924,3
287,3,1.0,0.0,1.0,2.0,0.0,3.0,2.0,1.0,0.0,5.0,9.0,0.7,0.0,100.0,4.0,52.0,7.0,2.0,3.1,0.0,1.0,0.0,0.0,0.8,0.0,2.0,1.0,0.964128156270767,0.03587184372923306,4
287,4,0.0,0.0,1.0,2.0,0.0,3.0,2.0,1.0,0.0,1.0,9.0,0.7,0.0,76.0,4.0,52.0,7.0,2.0,3.1,0.0,1.0,0.0,0.0,0.0,0.0,2.0,1.0,0.7168133228566771,0.28318667714332285,2
359,0,2.0,0.0,2.0,1.0,18.0,1.0,2.0,7.0,7.0,1.0,29.0,0.19,0.0,100.0,2.0,5.0,6.0,2.0,2.42105263157895,0.0,0.0,0.0,0.0,1.0,0.0,2.0,2.0,0.7245283031617273,0.27547169683827266,1
359,1,2.0,0.0,2.0,1.0,18.0,1.0,2.0,7.0,7.0,1.0,29.0,1.91,0.0,100.0,2.0,5.0,6.0,2.0,2.42105263157895,0.0,0.0,0.0,0.0,1.0,0.0,2.0,2.0,0.9741750054085729,0.025824994591427015,2
359,2,2.0,0.0,2.0,1.0,18.0,1.0,2.0,7.0,7.0,1.0,12.0,1.91,0.0,100.0,2.0,5.0,6.0,2.0,2.42105263157895,0.0,0.0,0.0,0.0,1.0,0.0,2.0,2.0,0.982562692646666,0.01743730735333403,3
359,3,2.0,0.0,2.0,1.0,18.0,0.0,2.0,7.0,7.0,1.0,12.0,1.91,0.0,100.0,2.0,5.0,6.0,2.0,2.42105263157895,0.0,0.0,0.0,0.0,1.0,0.0,2.0,2.0,0.9877519303849104,0.012248069615089669,4
359,4,2.0,0.0,2.0,1.0,18.0,1.0,2.0,7.0,3.0,1.0,12.0,0.71,0.0,100.0,2.0,5.0,6.0,2.0,2.42105263157895,0.0,0.0,0.0,0.0,0.0,0.0,2.0,2.0,0.5729315362310852,0.4270684637689148,3
379,0,2.0,0.0,2.0,0.0,0.0,0.0,1.0,1.0,0.0,1.0,2.0,0.32,1.0,25.0,1.0,0.0,2.0,2.0,2.0,1.0,2.0,0.0,0.0,0.0,0.0,3.0,0.0,0.8228056578619847,0.17719434213801538,1
379,1,2.0,0.0,2.0,0.0,0.0,0.0,0.0,1.0,0.0,1.0,2.0,0.71,1.0,25.0,1.0,0.0,2.0,2.0,2.0,1.0,2.0,0.0,0.0,0.0,0.0,3.0,0.0,0.9537370679345728,0.04626293206542717,2
379,2,2.0,0.0,2.0,0.0,0.0,0.0,0.0,1.0,0.0,1.0,2.0,0.71,1.0,25.0,1.0,0.0,2.0,2.0,2.0,1.0,2.0,0.0,0.0,1.0,0.0,3.0,0.0,0.9859124694138737,0.014087530586126336,3
379,3,2.0,0.0,2.0,0.0,0.0,0.0,0.0,1.0,0.0,1.0,2.0,0.71,1.0,25.0,1.0,52.0,2.0,2.0,2.0,1.0,2.0,0.0,0.0,1.0,0.0,3.0,0.0,0.9964713655432551,0.003528634456744871,4
379,4,2.0,0.0,2.0,0.0,0.0,0.0,0.0,1.0,0.0,1.0,2.0,1.91,1.0,25.0,1.0,52.0,2.0,2.0,2.0,1.0,2.0,0.0,0.0,1.0,0.0,3.0,0.0,0.998196491561302,0.0018035084386980272,4
389,0,0.0,3.0,1.0,3.0,0.0,0.0,2.0,4.0,5.0,6.0,41.0,0.19,0.0,90.0,2.0,2.0,3.0,3.0,1.36734693877551,0.0,0.0,0.0,0.0,1.0,0.0,2.0,2.0,0.9842262983425704,0.015773701657429626,1
389,1,0.0,3.0,1.0,3.0,0.0,0.0,2.0,4.0,5.0,6.0,41.0,0.71,0.0,90.0,2.0,2.0,3.0,3.0,1.36734693877551,0.0,0.0,0.0,0.0,1.0,0.0,2.0,2.0,0.994332027190472,0.0056679728095280464,2
389,2,0.0,3.0,1.0,3.0,0.0,0.0,2.0,4.0,1.0,6.0,41.0,0.71,0.0,90.0,2.0,2.0,3.0,3.0,1.36734693877551,0.0,0.0,0.0,0.0,1.0,0.0,2.0,2.0,0.9953642487025007,0.004635751297499237,3
389,3,0.0,3.0,1.0,3.0,0.0,0.0,2.0,4.0,1.0,6.0,41.0,0.71,0.0,90.0,2.0,2.0,3.0,3.0,1.4,0.0,0.0,0.0,0.0,1.0,0.0,2.0,2.0,0.9956478547315932,0.004352145268406733,4
389,4,0.0,3.0,1.0,1.0,0.0,0.0,2.0,4.0,5.0,6.0,41.0,0.19,0.0,90.0,2.0,2.0,3.0,3.0,1.36734693877551,0.0,0.0,0.0,0.0,1.0,0.0,2.0,2.0,0.991047337103705,0.008952662896295064,2
393,0,4.0,6.0,1.0,15.0,0.0,0.0,2.0,3.0,3.0,19.0,44.0,0.09,0.0,94.0,1.0,1.0,12.0,2.0,4.49122807017544,0.0,1.0,0.0,6.0,1.0,0.0,2.0,0.0,0.7901280596495301,0.2098719403504698,1
393,1,4.0,6.0,1.0,15.0,0.0,0.0,2.0,3.0,3.0,2.0,44.0,0.09,0.0,94.0,1.0,1.0,12.0,2.0,4.49122807017544,0.0,1.0,0.0,6.0,1.0,0.0,2.0,0.0,0.9579813799673609,0.04201862003263916,2
393,2,4.0,6.0,1.0,15.0,0.0,0.0,2.0,3.0,3.0,2.0,44.0,0.09,0.0,94.0,1.0,1.0,12.0,2.0,4.49122807017544,0.0,1.0,0.0,3.0,1.0,0.0,2.0,0.0,0.9883838996361538,0.01161610036384615,3
393,3,4.0,6.0,1.0,15.0,0.0,0.0,2.0,3.0,3.0,19.0,12.0,0.09,0.0,94.0,1.0,1.0,12.0,2.0,4.49122807017544,0.0,1.0,0.0,3.0,0.5,0.0,2.0,0.0,0.8762668376534547,0.12373316234654531,2
393,4,4.0,6.0,1.0,15.0,0.0,0.0,2.0,3.0,3.0,2.0,7.0,0.09,0.0,94.0,1.0,1.0,12.0,2.0,4.49122807017544,0.0,1.0,0.0,1.0,1.0,0.0,2.0,0.0,0.9931310804345014,0.006868919565498638,4
427,0,9.0,10.0,1.0,5.0,2.0,1.0,2.0,1.0,0.0,22.0,24.0,0.18,0.0,91.0,1.0,0.0,0.0,3.0,4.13953488372093,0.0,1.0,0.0,11.0,1.0,0.0,2.0,0.0,0.7057131087869983,0.2942868912130016,1
427,1,0.0,10.0,1.0,5.0,2.0,1.0,2.0,1.0,0.0,22.0,24.0,0.18,0.0,91.0,1.0,0.0,0.0,3.0,4.13953488372093,0.0,1.0,0.0,11.0,1.0,0.0,2.0,0.0,0.9123263181935947,0.08767368180640533,2
427,2,0.0,10.0,1.0,5.0,2.0,1.0,2.0,1.0,0.0,22.0,24.0,0.18,0.0,100.0,1.0,0.0,0.0,3.0,4.13953488372093,0.0,1.0,0.0,11.0,1.0,0.0,2.0,0.0,0.9665006687949339,0.03349933120506605,3
427,3,0.0,10.0,1.0,5.0,2.0,1.0,2.0,1.0,0.0,0.0,24.0,0.18,0.0,100.0,1.0,0.0,0.0,3.0,4.13953488372093,0.0,1.0,0.0,11.0,1.0,0.0,2.0,0.0,0.9831300015168847,0.01686999848311537,4
427,4,9.0,10.0,1.0,5.0,2.0,1.0,2.0,1.0,0.0,0.0,24.0,0.18,0.0,91.0,1.0,0.0,0.0,3.0,4.13953488372093,0.0,1.0,0.0,11.0,1.0,0.0,2.0,0.0,0.8885311768169694,0.11146882318303065,2
431,0,0.0,10.0,1.0,2.0,0.0,2.0,1.0,1.0,0.0,12.0,12.0,0.6,0.0,83.0,1.0,0.0,3.0,3.0,5.78787878787879,1.0,1.0,0.0,0.0,0.0,0.0,2.0,0.0,0.8249442249642558,0.17505577503574424,1
431,1,0.0,0.0,1.0,2.0,0.0,2.0,1.0,1.0,0.0,12.0,7.0,0.6,0.0,83.0,1.0,0.0,3.0,3.0,5.78787878787879,1.0,1.0,0.0,0.0,0.0,0.0,2.0,0.0,0.9664943059635949,0.03350569403640517,2
431,2,0.0,0.0,1.0,2.0,0.0,2.0,1.0,1.0,0.0,5.0,7.0,0.6,0.0,83.0,1.0,0.0,3.0,3.0,5.78787878787879,1.0,1.0,0.0,0.0,0.0,0.0,2.0,0.0,0.988029637610273,0.011970362389727086,3
431,3,0.0,10.0,1.0,2.0,0.0,2.0,1.0,1.0,0.0,12.0,23.0,0.6,0.0,100.0,1.0,0.0,3.0,3.0,5.78787878787879,1.0,1.0,0.0,0.0,0.0,0.0,2.0,0.0,0.6648766145544953,0.33512338544550463,1
431,4,0.0,0.0,1.0,2.0,0.0,2.0,1.0,1.0,0.0,5.0,7.0,0.6,0.0,100.0,1.0,0.0,3.0,3.0,5.78787878787879,1.0,1.0,0.0,0.0,0.8,0.0,2.0,0.0,0.9968609669634659,0.003139033036534043,5
461,0,0.0,0.0,1.0,0.0,0.0,0.0,2.0,1.0,1.0,2.0,14.0,0.33,0.0,43.0,2.0,0.0,0.0,2.0,6.86666666666667,1.0,1.0,0.0,0.0,0.8,0.0,3.0,0.0,0.8093480033831696,0.19065199661683038,1
461,1,0.0,0.0,1.0,0.0,0.0,0.0,2.0,1.0,1.0,2.0,14.0,0.33,0.0,43.0,2.0,0.0,0.0,2.0,3.0,1.0,1.0,0.0,0.0,0.0,0.0,3.0,0.0,0.5432375294812767,0.4567624705187233,1
461,2,0.0,0.0,1.0,0.0,0.0,0.0,0.0,1.0,1.0,2.0,14.0,0.33,0.0,43.0,2.0,0.0,0.0,2.0,1.0,1.0,1.0,0.0,0.0,1.0,0.0,3.0,0.0,0.9993921036448026,0.0006078963551974691,3
461,3,0.0,0.0,1.0,0.0,0.0,0.0,2.0,1.0,1.0,2.0,7.0,0.33,0.0,43.0,2.0,0.0,0.0,2.0,6.86666666666667,1.0,1.0,0.0,0.0,0.0,0.0,3.0,0.0,0.6221206544171516,0.3778793455828484,1
461,4,0.0,0.0,1.0,0.0,0.0,0.0,2.0,1.0,1.0,2.0,14.0,0.33,0.0,43.0,2.0,0.0,0.0,2.0,6.86666666666667,1.0,1.0,0.0,0.0,1.0,0.0,3.0,0.0,0.9868688608920865,0.013131139107913482,1
500,0,0.0,0.0,1.0,1.0,0.0,3.0,3.0,1.0,3.0,0.0,1.0,0.63,0.0,75.0,3.0,1.0,4.0,1.0,3.75,1.0,2.0,0.0,3.0,1.0,0.0,2.0,0.0,0.5630427883275005,0.43695721167249946,1
500,1,0.0,0.0,1.0,1.0,0.0,3.0,3.0,1.0,3.0,0.0,1.0,0.63,0.0,75.0,3.0,1.0,7.0,1.0,4.3,1.0,2.0,0.0,3.0,1.0,0.0,2.0,0.0,0.5453104602166704,0.4546895397833296,1
500,2,0.0,0.0,1.0,1.0,0.0,1.0,3.0,1.0,3.0,0.0,1.0,0.63,0.0,75.0,3.0,1.0,0.0,1.0,51.5,1.0,2.0,0.0,3.0,1.0,0.0,2.0,0.0,0.9995736331280558,0.0004263668719441634,3
500,3,0.0,0.0,1.0,1.0,0.0,1.0,3.0,1.0,3.0,0.0,1.0,0.63,0.0,75.0,3.0,1.0,0.0,1.0,1.0,1.0,2.0,0.0,3.0,1.0,0.0,2.0,0.0,0.999718408680598,0.0002815913194020235,3
500,4,0.0,0.0,1.0,1.0,0.0,1.0,2.0,1.0,3.0,0.0,1.0,0.63,0.0,75.0,3.0,1.0,0.0,1.0,1.0,1.0,2.0,0.0,3.0,1.0,0.0,2.0,0.0,0.9997867075598216,0.00021329244017842603,4
503,0,2.0,0.0,1.0,2.0,1.0,1.0,3.0,10.0,28.0,36.0,39.0,0.14,0.0,93.0,1.0,2.0,2.0,2.0,4.15942028985507,0.0,0.0,0.0,11.0,1.0,0.0,3.0,0.0,0.5571105967565564,0.44288940324344367,1
503,1,0.0,0.0,1.0,2.0,1.0,1.0,3.0,10.0,28.0,36.0,39.0,0.14,0.0,93.0,1.0,2.0,0.0,2.0,4.15942028985507,0.0,0.0,0.0,11.0,1.0,0.0,3.0,0.0,0.9646992682376668,0.035300731762333164,2
503,2,0.0,0.0,1.0,2.0,1.0,1.0,3.0,10.0,28.0,36.0,39.0,1.91,0.0,93.0,1.0,2.0,0.0,2.0,4.15942028985507,0.0,0.0,0.0,11.0,1.0,0.0,3.0,0.0,0.987479836183827,0.012520163816173088,3
503,3,0.0,0.0,1.0,2.0,1.0,1.0,3.0,10.0,28.0,36.0,39.0,1.91,0.0,93.0,1.0,2.0,0.0,2.0,4.15942028985507,1.0,0.0,0.0,11.0,1.0,0.0,3.0,0.0,0.9885416293140986,0.011458370685901373,4
503,4,0.0,0.0,1.0,2.0,1.0,1.0,3.0,10.0,28.0,36.0,39.0,1.91,0.0,93.0,1.0,2.0,0.0,2.0,4.15942028985507,1.0,0.0,0.0,3.0,1.0,0.0,3.0,0.0,0.990843733987782,0.009156266012217928,5
505,0,0.0,0.0,2.0,1.0,0.0,0.0,2.0,2.0,3.0,2.0,11.0,0.16,0.0,66.0,3.0,0.0,12.0,2.0,3.28571428571429,1.0,1.0,0.0,3.0,1.0,0.0,3.0,0.0,0.9507599123252901,0.04924008767470988,1
505,1,0.0,0.0,2.0,1.0,0.0,0.0,2.0,2.0,0.0,2.0,11.0,0.16,0.0,66.0,3.0,0.0,12.0,2.0,3.28571428571429,1.0,1.0,0.0,3.0,0.666666666666667,0.0,3.0,0.0,0.5112291853968786,0.48877081460312144,1
505,2,0.0,0.0,2.0,1.0,0.0,0.0,2.0,2.0,0.0,2.0,11.0,0.16,0.0,66.0,0.0,0.0,12.0,2.0,3.28571428571429,1.0,1.0,0.0,3.0,1.0,0.0,3.0,0.0,0.9885844964930403,0.011415503506959744,3
505,3,0.0,0.0,2.0,1.0,0.0,0.0,2.0,2.0,0.0,2.0,11.0,0.03,0.0,66.0,0.0,0.0,12.0,2.0,3.28571428571429,1.0,1.0,0.0,3.0,1.0,0.0,3.0,0.0,0.9926326817422204,0.007367318257779602,4
505,4,0.0,0.0,2.0,1.0,0.0,0.0,2.0,2.0,0.0,2.0,11.0,0.16,0.0,66.0,3.0,0.0,12.0,2.0,3.28571428571429,1.0,1.0,0.0,3.0,1.0,0.0,3.0,0.0,0.9777081883415427,0.0222918116584573,2
695,0,0.0,0.0,1.0,0.0,0.0,1.0,2.0,1.0,0.0,1.0,16.0,0.35,0.0,62.0,2.0,0.0,12.0,2.0,2.1875,0.0,0.0,0.0,0.0,0.8,0.0,3.0,1.0,0.9119086219640054,0.08809137803599466,1
695,1,0.0,0.0,1.0,0.0,0.0,1.0,2.0,1.0,0.0,1.0,16.0,0.35,0.0,62.0,2.0,0.0,12.0,2.0,2.1875,1.0,0.0,0.0,0.0,0.0,0.0,3.0,1.0,0.5303916004587965,0.46960839954120354,1
695,2,0.0,0.0,1.0,23.0,0.0,1.0,2.0,1.0,0.0,1.0,16.0,0.35,0.0,62.0,2.0,0.0,12.0,2.0,2.1875,41.0,0.0,0.0,0.0,1.0,0.0,3.0,1.0,0.9937216719089734,0.006278328091026586,3
695,3,0.0,0.0,1.0,23.0,0.0,1.0,2.0,1.0,0.0,1.0,16.0,0.35,0.0,62.0,2.0,0.0,12.0,2.0,2.1875,41.0,2.0,0.0,0.0,1.0,0.0,3.0,1.0,0.9954927467688299,0.004507253231170054,4
695,4,0.0,0.0,1.0,23.0,0.0,1.0,0.0,1.0,0.0,1.0,16.0,0.35,0.0,62.0,2.0,0.0,12.0,2.0,2.1875,41.0,2.0,0.0,0.0,1.0,0.0,3.0,1.0,0.9955014735283353,0.004498526471664692,5
725,0,0.0,4.0,1.0,1.0,0.0,1.0,2.0,5.0,2.0,16.0,26.0,0.16,0.0,83.0,1.0,1.0,21.0,2.0,4.59375,0.0,0.0,0.0,8.0,1.0,0.0,2.0,0.0,0.9687193878288601,0.03128061217113989,1
725,1,0.0,4.0,1.0,1.0,0.0,1.0,2.0,5.0,2.0,16.0,26.0,0.16,0.0,83.0,1.0,1.0,7.0,2.0,4.59375,0.0,0.0,0.0,8.0,0.875,0.0,2.0,0.0,0.5303395218791743,0.4696604781208257,1
725,2,0.0,4.0,1.0,1.0,0.0,1.0,2.0,5.0,2.0,16.0,26.0,0.16,0.0,83.0,1.0,1.0,0.0,2.0,4.59375,0.0,0.0,0.0,3.0,1.0,0.0,2.0,0.0,0.9991801723475272,0.0008198276524727663,3
725,3,0.0,4.0,1.0,1.0,0.0,1.0,2.0,5.0,2.0,16.0,26.0,0.03,0.0,83.0,1.0,1.0,0.0,2.0,4.59375,0.0,0.0,0.0,3.0,1.0,0.0,2.0,0.0,0.9993080096214334,0.000691990378566556,4
725,4,0.0,4.0,1.0,1.0,0.0,1.0,2.0,5.0,2.0,16.0,26.0,0.03,0.0,83.0,1.0,1.0,0.0,2.0,1.0,0.0,0.0,0.0,3.0,1.0,0.0,2.0,0.0,0.9995235854066984,0.0004764145933016572,5
726,0,0.0,1.0,1.0,5.0,0.0,1.0,2.0,4.0,10.0,37.0,12.0,0.15,0.0,95.0,1.0,0.0,39.0,4.0,2.90361445783133,0.0,1.0,0.0,13.0,0.846153846153846,0.0,2.0,1.0,0.5117921579705313,0.48820784202946865,2
726,1,0.0,1.0,1.0,5.0,0.0,1.0,2.0,4.0,10.0,37.0,1.0,0.71,0.0,95.0,1.0,0.0,39.0,4.0,2.90361445783133,0.0,1.0,0.0,13.0,0.846153846153846,0.0,2.0,1.0,0.9223593328660789,0.07764066713392109,3
726,2,0.0,1.0,1.0,5.0,0.0,1.0,2.0,4.0,10.0,0.0,1.0,0.71,0.0,95.0,1.0,0.0,39.0,4.0,2.90361445783133,0.0,1.0,0.0,13.0,0.846153846153846,0.0,2.0,1.0,0.9590843259709821,0.04091567402901783,4
726,3,5.0,1.0,1.0,5.0,0.0,1.0,2.0,4.0,10.0,5.0,12.0,0.15,0.0,95.0,1.0,0.0,39.0,4.0,2.90361445783133,0.0,1.0,0.0,3.0,0.846153846153846,0.0,2.0,1.0,0.7116036079003747,0.28839639209962525,3
726,4,0.0,1.0,1.0,5.0,0.0,1.0,2.0,4.0,10.0,0.0,2.0,0.71,0.0,95.0,1.0,0.0,39.0,4.0,2.90361445783133,0.0,1.0,0.0,3.0,0.846153846153846,0.0,2.0,1.0,0.9817657818843512,0.018234218115648883,5
727,0,0.0,0.0,1.0,0.0,0.0,1.0,1.0,1.0,0.0,9.0,19.0,0.62,0.0,88.0,1.0,0.0,6.0,2.0,1.63157894736842,0.0,1.0,0.0,0.0,0.8,0.0,2.0,0.0,0.8557990959234951,0.1442009040765049,1
727,1,0.0,0.0,1.0,0.0,0.0,1.0,1.0,1.0,0.0,9.0,19.0,0.62,0.0,88.0,1.0,0.0,6.0,2.0,2.4,0.0,1.0,0.0,0.0,0.0,0.0,2.0,0.0,0.5797102980053196,0.4202897019946804,1
727,2,0.0,0.0,1.0,0.0,0.0,1.0,1.0,1.0,0.0,9.0,19.0,0.42,0.0,88.0,1.0,0.0,6.0,2.0,51.5,0.0,1.0,0.0,0.0,1.0,0.0,2.0,0.0,0.9990808030213616,0.0009191969786383651,3
727,3,0.0,0.0,1.0,0.0,0.0,1.0,1.0,1.0,0.0,9.0,19.0,0.62,0.0,88.0,1.0,0.0,6.0,2.0,1.63157894736842,0.0,1.0,0.0,0.0,1.0,0.0,2.0,0.0,0.9948328456407662,0.005167154359233764,1
727,4,0.0,0.0,1.0,0.0,0.0,1.0,1.0,1.0,0.0,9.0,19.0,0.62,0.0,88.0,1.0,0.0,6.0,2.0,51.5,0.0,1.0,0.0,0.0,1.0,0.0,2.0,0.0,0.9985582187133546,0.0014417812866454496,2
729,0,0.0,1.0,1.0,0.0,0.0,2.0,2.0,1.0,0.0,4.0,17.0,0.34,0.0,65.0,1.0,0.0,12.0,2.0,3.55555555555556,0.0,0.0,0.0,0.0,0.8,0.0,2.0,0.0,0.9170445272144485,0.0829554727855515,1
729,1,0.0,1.0,1.0,0.0,0.0,2.0,2.0,1.0,0.0,4.0,17.0,0.34,0.0,65.0,1.0,0.0,12.0,2.0,1.0,0.0,0.0,0.0,0.0,0.0,0.0,2.0,0.0,0.5160114881494405,0.48398851185055947,1
729,2,0.0,1.0,1.0,0.0,0.0,2.0,2.0,1.0,0.0,4.0,17.0,0.34,0.0,100.0,1.0,0.0,12.0,2.0,51.5,0.0,0.0,0.0,0.0,1.0,0.0,2.0,0.0,0.9970324173399174,0.0029675826600825263,3
729,3,0.0,1.0,1.0,0.0,0.0,2.0,0.0,1.0,0.0,4.0,17.0,0.34,0.0,100.0,1.0,0.0,12.0,2.0,51.5,0.0,0.0,0.0,0.0,1.0,0.0,2.0,0.0,0.9978064951310889,0.0021935048689110965,4
729,4,0.0,1.0,1.0,0.0,0.0,2.0,2.0,1.0,0.0,4.0,17.0,0.34,0.0,65.0,1.0,0.0,12.0,2.0,3.55555555555556,0.0,0.0,0.0,0.0,1.0,0.0,2.0,0.0,0.9676505125551705,0.03234948744482948,1
737,0,2.0,0.0,1.0,1.0,2.0,0.0,3.0,1.0,2.0,2.0,30.0,0.12,0.0,62.0,1.0,7.0,8.0,2.0,5.38235294117647,1.0,1.0,0.0,0.0,1.0,0.0,3.0,1.0,0.779503932589267,0.22049606741073305,1
737,1,2.0,0.0,1.0,1.0,2.0,0.0,3.0,1.0,2.0,2.0,30.0,1.91,0.0,62.0,1.0,7.0,8.0,2.0,5.38235294117647,1.0,1.0,0.0,0.0,1.0,0.0,3.0,1.0,0.9936789553523896,0.006321044647610359,2
737,2,2.0,0.0,1.0,1.0,2.0,0.0,3.0,1.0,1.0,2.0,30.0,1.91,0.0,62.0,1.0,7.0,8.0,2.0,5.38235294117647,1.0,1.0,0.0,0.0,1.0,0.0,3.0,1.0,0.9945855441453605,0.005414455854639552,3
737,3,2.0,0.0,1.0,1.0,2.0,0.0,3.0,1.0,1.0,2.0,30.0,1.91,0.0,62.0,1.0,7.0,8.0,2.0,5.38235294117647,1.0,1.0,0.0,0.0,1.0,0.0,1.0,1.0,0.9956379817003934,0.004362018299606624,4
737,4,2.0,0.0,1.0,1.0,2.0,0.0,3.0,1.0,2.0,2.0,12.0,0.42,0.0,62.0,1.0,7.0,8.0,2.0,5.38235294117647,1.0,1.0,0.0,0.0,0.0,0.0,3.0,1.0,0.5035208171681915,0.4964791828318084,2
754,0,1.0,0.0,1.0,2.0,1.0,0.0,2.0,4.0,4.0,13.0,48.0,0.15,0.0,94.0,2.0,0.0,2.0,3.0,2.9622641509434,0.0,0.0,0.0,2.0,1.0,0.0,2.0,2.0,0.612826274359211,0.387173725640789,1
754,1,0.0,0.0,1.0,2.0,1.0,0.0,2.0,4.0,4.0,13.0,48.0,0.15,0.0,94.0,2.0,0.0,0.0,3.0,2.9622641509434,0.0,0.0,0.0,2.0,1.0,0.0,2.0,2.0,0.9813280028452416,0.01867199715475848,2
754,2,1.0,0.0,1.0,2.0,1.0,0.0,2.0,4.0,4.0,13.0,1.0,0.15,0.0,94.0,2.0,0.0,21.0,3.0,2.9622641509434,0.0,0.0,0.0,2.0,1.0,0.0,2.0,2.0,0.5146438612528752,0.48535613874712474,1
754,3,0.0,0.0,1.0,2.0,1.0,0.0,2.0,4.0,4.0,13.0,1.0,0.15,0.0,94.0,2.0,0.0,0.0,3.0,2.9622641509434,0.0,0.0,0.0,2.0,1.0,0.0,2.0,1.0,0.9957130943432082,0.004286905656791838,4
754,4,0.0,0.0,1.0,2.0,1.0,0.0,2.0,4.0,4.0,13.0,1.0,0.15,0.0,94.0,2.0,0.0,0.0,3.0,2.9622641509434,1.0,0.0,0.0,2.0,1.0,0.0,2.0,1.0,0.996345247898252,0.0036547521017480664,5
756,0,0.0,0.0,1.0,0.0,0.0,0.0,1.0,1.0,0.0,40.0,84.0,0.21,0.0,97.0,1.0,0.0,0.0,1.0,2.48809523809524,1.0,1.0,0.0,0.0,0.8,0.0,3.0,0.0,0.6776136917290958,0.32238630827090425,1
756,1,0.0,0.0,1.0,0.0,0.0,0.0,1.0,1.0,0.0,40.0,12.0,0.21,0.0,97.0,1.0,0.0,0.0,1.0,2.48809523809524,1.0,1.0,0.0,0.0,0.0,0.0,3.0,0.0,0.9828528461026679,0.017147153897332117,1
756,2,0.0,0.0,1.0,0.0,0.0,0.0,1.0,1.0,0.0,40.0,1.0,0.71,0.0,97.0,1.0,0.0,0.0,1.0,2.48809523809524,1.0,1.0,0.0,0.0,1.0,0.0,3.0,0.0,0.9993754369690442,0.0006245630309557669,3
756,3,0.0,0.0,1.0,0.0,0.0,0.0,1.0,1.0,0.0,40.0,1.0,0.71,0.0,97.0,1.0,0.0,0.0,1.0,1.0,1.0,1.0,0.0,0.0,1.0,0.0,3.0,0.0,0.9996252107871918,0.0003747892128081524,4
756,4,0.0,0.0,1.0,0.0,0.0,0.0,1.0,1.0,0.0,40.0,1.0,1.14,0.0,97.0,1.0,0.0,0.0,1.0,1.0,1.0,1.0,0.0,0.0,1.0,0.0,3.0,0.0,0.9996723660039633,0.00032763399603678834,4
757,0,1.0,0.0,1.0,1.0,0.0,0.0,3.0,1.0,0.0,6.0,13.0,0.16,0.0,100.0,1.0,0.0,2.0,1.0,7.42857142857143,2.0,1.0,0.0,0.0,0.0,0.0,2.0,2.0,0.7454451513858209,0.2545548486141791,1
757,1,1.0,0.0,1.0,1.0,0.0,0.0,0.0,1.0,0.0,6.0,13.0,0.16,0.0,100.0,1.0,0.0,2.0,1.0,7.42857142857143,2.0,1.0,0.0,0.0,0.0,0.0,2.0,2.0,0.8887413634473517,0.11125863655264831,2
757,2,1.0,0.0,1.0,1.0,0.0,0.0,0.0,1.0,0.0,6.0,13.0,0.71,0.0,100.0,1.0,0.0,2.0,1.0,7.42857142857143,2.0,1.0,0.0,0.0,0.0,0.0,2.0,2.0,0.9691375703615424,0.03086242963845762,3
757,3,1.0,0.0,1.0,1.0,0.0,0.0,0.0,1.0,0.0,6.0,13.0,0.71,15.0,100.0,1.0,0.0,2.0,1.0,7.42857142857143,2.0,1.0,0.0,0.0,0.0,0.0,2.0,2.0,0.985731872865545,0.014268127134455041,4
757,4,1.0,0.0,1.0,1.0,0.0,0.0,0.0,1.0,0.0,6.0,13.0,0.71,15.0,100.0,1.0,0.0,2.0,1.0,3.0,2.0,1.0,0.0,0.0,0.0,0.0,2.0,2.0,0.9913797157868138,0.008620284213186169,5
788,0,0.0,6.0,1.0,0.0,0.0,0.0,1.0,8.0,0.0,5.0,23.0,0.26,0.0,58.0,1.0,1.0,8.0,2.0,2.24137931034483,0.0,0.0,0.0,0.0,0.8,0.0,2.0,1.0,0.7919666990332204,0.2080333009667796,1
788,1,0.0,6.0,1.0,0.0,0.0,0.0,1.0,8.0,0.0,5.0,23.0,0.26,0.0,58.0,1.0,1.0,8.0,2.0,1.0,0.0,0.0,0.0,0.0,1.0,0.0,2.0,1.0,0.9987920561264444,0.0012079438735555768,2
788,2,0.0,6.0,1.0,0.0,0.0,0.0,1.0,8.0,0.0,5.0,12.0,0.26,0.0,58.0,1.0,1.0,8.0,2.0,2.24137931034483,0.0,0.0,0.0,0.0,0.0,0.0,2.0,1.0,0.7735149755468043,0.2264850244531958,1
788,3,0.0,6.0,1.0,0.0,0.0,0.0,1.0,8.0,0.0,5.0,23.0,0.26,0.0,58.0,1.0,1.0,8.0,2.0,2.24137931034483,0.0,0.0,0.0,0.0,1.0,0.0,2.0,1.0,0.9971007573118794,0.002899242688120598,1
788,4,0.0,6.0,1.0,0.0,0.0,0.0,1.0,8.0,0.0,5.0,23.0,0.26,0.0,58.0,1.0,1.0,0.0,2.0,1.0,0.0,0.0,0.0,0.0,1.0,0.0,2.0,1.0,0.9993286660668913,0.0006713339331087164,3
805,0,0.0,1.0,2.0,0.0,0.0,4.0,3.0,2.0,0.0,8.0,5.0,0.53,1.0,50.0,1.0,0.0,1.0,2.0,5.0,0.0,1.0,0.0,2.0,0.8,0.0,3.0,0.0,0.5228503815892367,0.4771496184107633,1
805,1,0.0,1.0,2.0,0.0,0.0,4.0,3.0,2.0,0.0,8.0,5.0,0.71,1.0,50.0,1.0,0.0,1.0,2.0,5.0,0.0,1.0,0.0,2.0,0.5,0.0,3.0,0.0,0.5571026147554967,0.4428973852445033,1
805,2,0.0,1.0,2.0,0.0,0.0,4.0,1.0,2.0,0.0,8.0,5.0,0.53,1.0,50.0,1.0,0.0,1.0,2.0,5.0,0.0,1.0,0.0,2.0,0.5,0.0,3.0,0.0,0.845208590414116,0.15479140958588394,1
805,3,0.0,1.0,4.0,0.0,0.0,4.0,0.0,2.0,0.0,8.0,5.0,0.03,1.0,50.0,1.0,0.0,1.0,2.0,5.0,0.0,1.0,0.0,2.0,1.0,0.0,3.0,0.0,0.9985717229418329,0.0014282770581671008,4
805,4,0.0,1.0,2.0,0.0,0.0,4.0,3.0,2.0,0.0,8.0,5.0,0.53,1.0,50.0,1.0,0.0,1.0,2.0,5.0,0.0,1.0,0.0,2.0,1.0,0.0,3.0,0.0,0.9748800497502174,0.025119950249782665,1
832,0,0.0,3.0,1.0,1.0,0.0,0.0,3.0,4.0,1.0,32.0,50.0,0.1,0.0,93.0,1.0,0.0,16.0,2.0,2.71428571428571,0.0,1.0,0.0,25.0,1.0,0.0,3.0,2.0,0.7566592988441989,0.24334070115580111,2
832,1,2.0,3.0,1.0,1.0,0.0,0.0,3.0,4.0,1.0,32.0,50.0,0.1,0.0,93.0,1.0,0.0,16.0,2.0,2.71428571428571,0.0,1.0,0.0,3.0,1.0,0.0,3.0,2.0,0.6129160228159845,0.3870839771840155,2
832,2,0.0,3.0,1.0,1.0,0.0,0.0,3.0,4.0,1.0,32.0,12.0,0.1,0.0,93.0,1.0,0.0,16.0,2.0,2.71428571428571,0.0,1.0,0.0,3.0,0.76,0.0,3.0,2.0,0.6905701203205041,0.30942987967949587,3
832,3,0.0,3.0,1.0,1.0,0.0,0.0,3.0,4.0,1.0,32.0,1.0,0.1,0.0,93.0,1.0,0.0,16.0,2.0,2.71428571428571,0.0,1.0,0.0,1.0,1.0,0.0,3.0,2.0,0.9726774732118638,0.027322526788136174,4
832,4,0.0,3.0,1.0,1.0,0.0,0.0,3.0,4.0,1.0,32.0,50.0,0.1,0.0,93.0,1.0,0.0,16.0,2.0,2.71428571428571,0.0,1.0,0.0,3.0,1.0,0.0,3.0,2.0,0.9434639981330809,0.05653600186691912,3
834,0,0.0,1.0,2.0,1.0,0.0,0.0,3.0,4.0,2.0,26.0,35.0,0.1,1.0,90.0,2.0,0.0,18.0,2.0,2.875,0.0,1.0,0.0,2.0,1.0,0.0,2.0,3.0,0.9379262367183437,0.06207376328165626,1
834,1,2.0,1.0,2.0,1.0,0.0,0.0,3.0,4.0,2.0,26.0,35.0,0.1,1.0,90.0,2.0,0.0,7.0,2.0,2.875,0.0,1.0,0.0,2.0,1.0,0.0,2.0,3.0,0.5234805005592216,0.4765194994407784,1
834,2,0.0,1.0,2.0,1.0,0.0,0.0,3.0,4.0,2.0,26.0,35.0,0.1,1.0,100.0,2.0,0.0,0.0,2.0,2.875,0.0,1.0,0.0,2.0,1.0,0.0,2.0,3.0,0.9985523343393018,0.0014476656606982122,3
834,3,2.0,1.0,2.0,1.0,0.0,0.0,3.0,4.0,2.0,5.0,35.0,0.1,1.0,90.0,2.0,0.0,18.0,2.0,2.875,0.0,1.0,0.0,2.0,1.0,0.0,2.0,3.0,0.8143027075873003,0.18569729241269972,1
834,4,0.0,1.0,2.0,1.0,0.0,0.0,3.0,4.0,2.0,5.0,35.0,0.1,1.0,100.0,2.0,0.0,0.0,2.0,2.875,0.0,1.0,0.0,2.0,1.0,0.0,2.0,1.0,0.9993809914134285,0.0006190085865714953,5
884,0,0.0,0.0,1.0,2.0,0.0,1.0,2.0,3.0,9.0,23.0,37.0,0.4,0.0,93.0,4.0,3.0,6.0,4.0,2.39130434782609,1.0,1.0,0.0,3.0,1.0,0.0,3.0,1.0,0.6785549989202302,0.3214450010797698,1
884,1,0.0,0.0,1.0,2.0,0.0,1.0,2.0,3.0,9.0,23.0,37.0,0.4,0.0,93.0,4.0,3.0,6.0,4.0,51.5,1.0,1.0,0.0,3.0,1.0,0.0,3.0,1.0,0.870366498900106,0.129633501099894,2
884,2,0.0,0.0,1.0,2.0,0.0,17.0,2.0,3.0,9.0,23.0,37.0,0.4,0.0,93.0,4.0,3.0,6.0,4.0,51.5,1.0,1.0,0.0,3.0,1.0,0.0,3.0,1.0,0.9218310738008672,0.07816892619913288,3
884,3,0.0,0.0,1.0,2.0,0.0,1.0,2.0,3.0,9.0,1.0,37.0,0.4,0.0,93.0,4.0,3.0,6.0,4.0,2.39130434782609,1.0,1.0,0.0,3.0,1.0,0.0,3.0,1.0,0.8575503296204021,0.14244967037959788,2
884,4,0.0,0.0,1.0,2.0,0.0,1.0,2.0,3.0,1.0,1.0,37.0,0.4,0.0,93.0,4.0,3.0,6.0,4.0,2.39130434782609,1.0,1.0,0.0,3.0,1.0,0.0,3.0,1.0,0.9052541914244823,0.09474580857551773,3
886,0,0.0,0.0,1.0,1.0,0.0,1.0,2.0,2.0,5.0,14.0,22.0,0.39,0.0,90.0,4.0,3.0,13.0,2.0,2.37037037037037,0.0,0.0,0.0,2.0,1.0,0.0,3.0,1.0,0.7829557740647486,0.2170442259352514,1
886,1,0.0,0.0,1.0,1.0,0.0,1.0,2.0,2.0,5.0,14.0,22.0,0.39,0.0,90.0,4.0,3.0,13.0,2.0,2.37037037037037,41.0,0.0,0.0,2.0,1.0,0.0,3.0,1.0,0.8911642445831488,0.10883575541685117,2
886,2,0.0,0.0,1.0,1.0,0.0,1.0,2.0,2.0,5.0,14.0,1.0,0.39,0.0,90.0,4.0,3.0,13.0,2.0,2.37037037037037,41.0,0.0,0.0,2.0,1.0,0.0,3.0,1.0,0.9355156669065074,0.06448433309349252,3
886,3,0.0,0.0,1.0,1.0,0.0,1.0,2.0,2.0,5.0,14.0,1.0,0.39,0.0,86.0,4.0,3.0,13.0,2.0,2.37037037037037,41.0,0.0,0.0,2.0,1.0,0.0,3.0,1.0,0.9549607675328132,0.045039232467186774,4
886,4,0.0,0.0,1.0,1.0,0.0,1.0,2.0,2.0,5.0,14.0,1.0,0.39,0.0,86.0,4.0,3.0,13.0,2.0,1.7,41.0,0.0,0.0,2.0,1.0,0.0,3.0,1.0,0.9677957027052877,0.03220429729471232,5
913,0,1.0,0.0,1.0,3.0,0.0,0.0,2.0,1.0,1.0,15.0,12.0,0.18,0.0,89.0,1.0,1.0,8.0,3.0,2.46428571428571,0.0,0.0,0.0,5.0,0.6,0.0,3.0,0.0,0.8414007375864072,0.15859926241359285,1
913,1,1.0,0.0,1.0,3.0,0.0,0.0,2.0,1.0,1.0,15.0,12.0,0.18,0.0,89.0,1.0,1.0,8.0,3.0,2.46428571428571,0.0,0.0,0.0,5.0,0.8,0.0,3.0,0.0,0.9306596665995548,0.06934033340044526,2
913,2,1.0,0.0,1.0,3.0,0.0,0.0,2.0,1.0,1.0,15.0,12.0,0.71,0.0,89.0,1.0,1.0,8.0,3.0,2.46428571428571,0.0,0.0,0.0,5.0,0.8,0.0,3.0,0.0,0.9745297028004654,0.025470297199534607,3
913,3,1.0,0.0,1.0,3.0,0.0,0.0,2.0,1.0,1.0,15.0,12.0,0.71,0.0,89.0,1.0,1.0,8.0,3.0,2.46428571428571,41.0,0.0,0.0,5.0,0.8,0.0,3.0,0.0,0.9863216568199348,0.013678343180065248,4
913,4,1.0,0.0,1.0,3.0,0.0,0.0,2.0,1.0,1.0,15.0,12.0,0.71,0.0,89.0,1.0,1.0,8.0,3.0,3.0,41.0,0.0,0.0,5.0,0.8,0.0,3.0,0.0,0.9895054810094981,0.010494518990501947,5
914,0,2.0,0.0,1.0,4.0,2.0,1.0,4.0,1.0,0.0,1.0,7.0,0.18,0.0,57.0,2.0,1.0,16.0,1.0,4.44444444444444,1.0,1.0,0.0,2.0,0.8,0.0,3.0,1.0,0.6273915577391027,0.37260844226089723,1
914,1,2.0,0.0,1.0,4.0,2.0,1.0,4.0,1.0,0.0,1.0,7.0,0.18,0.0,57.0,2.0,1.0,0.0,1.0,4.44444444444444,1.0,1.0,0.0,2.0,0.5,0.0,3.0,1.0,0.5373389873720942,0.4626610126279058,1
914,2,2.0,0.0,1.0,4.0,2.0,1.0,0.0,1.0,0.0,1.0,7.0,0.18,0.0,57.0,2.0,1.0,0.0,1.0,4.44444444444444,1.0,1.0,0.0,2.0,1.0,0.0,3.0,1.0,0.9974295616435712,0.0025704383564287676,3
914,3,2.0,0.0,1.0,4.0,2.0,17.0,0.0,1.0,0.0,1.0,7.0,0.18,0.0,57.0,2.0,1.0,0.0,1.0,4.44444444444444,1.0,1.0,0.0,2.0,1.0,0.0,3.0,1.0,0.9985242098454011,0.0014757901545988429,4
914,4,2.0,0.0,1.0,4.0,2.0,17.0,0.0,1.0,0.0,1.0,7.0,0.18,0.0,50.0,2.0,1.0,0.0,1.0,4.44444444444444,1.0,1.0,0.0,2.0,1.0,0.0,3.0,1.0,0.9986027187374892,0.0013972812625108208,5
991,0,0.0,0.0,1.0,0.0,0.0,1.0,1.0,1.0,6.0,4.0,0.0,0.46,0.0,70.0,5.0,0.0,3.0,1.0,1.83333333333333,1.0,2.0,0.0,0.0,1.0,0.0,2.0,0.0,0.8851997757132067,0.11480022428679329,1
991,1,0.0,0.0,1.0,0.0,0.0,1.0,1.0,1.0,6.0,4.0,0.0,0.46,0.0,70.0,5.0,0.0,3.0,1.0,51.5,1.0,2.0,0.0,0.0,1.0,0.0,2.0,0.0,0.9827596942530573,0.017240305746942713,2
991,2,0.0,0.0,1.0,0.0,0.0,1.0,1.0,1.0,6.0,4.0,0.0,1.14,0.0,70.0,5.0,0.0,3.0,1.0,51.5,1.0,2.0,0.0,0.0,1.0,0.0,2.0,0.0,0.9963577512458711,0.0036422487541288876,3
991,3,0.0,0.0,1.0,23.0,0.0,1.0,1.0,1.0,6.0,4.0,0.0,0.46,0.0,70.0,5.0,0.0,3.0,1.0,3.0,1.0,2.0,0.0,0.0,0.0,0.0,2.0,0.0,0.5523187810031438,0.44768121899685626,2
991,4,0.0,0.0,1.0,23.0,0.0,1.0,1.0,1.0,6.0,4.0,0.0,1.14,0.0,70.0,8.0,0.0,3.0,1.0,51.5,1.0,2.0,0.0,0.0,1.0,0.0,2.0,0.0,0.9983225987597726,0.0016774012402274436,5
1009,0,0.0,0.0,1.0,0.0,2.0,6.0,3.0,1.0,0.0,0.0,11.0,0.25,6.0,0.0,6.0,3.0,0.0,1.0,0.545454545454545,0.0,2.0,0.0,1.0,1.0,0.0,2.0,2.0,0.6897146784773465,0.3102853215226536,1
1009,1,0.0,0.0,1.0,0.0,2.0,6.0,3.0,1.0,0.0,0.0,11.0,13.17,6.0,0.0,6.0,3.0,0.0,1.0,0.545454545454545,0.0,2.0,0.0,1.0,1.0,0.0,2.0,2.0,0.9640263451106675,0.03597365488933251,2
1009,2,0.0,0.0,1.0,0.0,2.0,0.0,3.0,1.0,0.0,0.0,11.0,13.17,6.0,0.0,6.0,3.0,0.0,1.0,0.545454545454545,0.0,2.0,0.0,1.0,1.0,0.0,2.0,2.0,0.979275362741871,0.020724637258128977,3
1009,3,0.0,0.0,1.0,0.0,2.0,0.0,3.0,1.0,0.0,0.0,11.0,13.17,6.0,100.0,6.0,3.0,0.0,1.0,0.545454545454545,0.0,2.0,0.0,1.0,1.0,0.0,2.0,2.0,0.9920173729870402,0.007982627012959861,4
1009,4,0.0,0.0,1.0,0.0,2.0,6.0,3.0,1.0,0.0,0.0,11.0,0.25,6.0,100.0,6.0,3.0,7.0,1.0,0.545454545454545,0.0,2.0,0.0,1.0,1.0,0.0,2.0,2.0,0.6347463420779202,0.36525365792207976,2
1011,0,0.0,0.0,1.0,0.0,0.0,0.0,1.0,1.0,4.0,0.0,0.0,0.49,0.0,0.0,3.0,0.0,4.0,1.0,1.7,1.0,4.0,0.0,0.0,0.0,0.0,2.0,0.0,0.5074120967483327,0.4925879032516673,1
1011,1,0.0,0.0,1.0,0.0,0.0,0.0,1.0,1.0,4.0,0.0,0.0,0.71,0.0,0.0,3.0,0.0,4.0,1.0,51.5,1.0,4.0,0.0,0.0,0.0,0.0,2.0,0.0,0.9588787451955356,0.04112125480446435,2
1011,2,0.0,0.0,1.0,0.0,0.0,0.0,1.0,1.0,4.0,0.0,0.0,0.71,0.0,0.0,3.0,0.0,4.0,1.0,51.5,41.0,4.0,0.0,0.0,0.0,0.0,2.0,0.0,0.9807999797878211,0.019200020212178953,3
1011,3,0.0,0.0,1.0,23.0,0.0,0.0,1.0,1.0,4.0,0.0,0.0,0.71,0.0,0.0,3.0,0.0,4.0,1.0,51.5,41.0,4.0,0.0,0.0,0.0,0.0,2.0,0.0,0.9901309724161869,0.00986902758381314,4
1011,4,0.0,0.0,1.0,23.0,0.0,0.0,1.0,1.0,4.0,0.0,0.0,0.71,0.0,0.0,3.0,0.0,4.0,1.0,51.5,41.0,4.0,0.0,0.0,0.0,0.0,2.0,1.0,0.9931182520834602,0.006881747916539888,5
1028,0,0.0,0.0,1.0,0.0,0.0,0.0,2.0,1.0,3.0,1.0,1.0,0.47,1.0,50.0,3.0,1.0,3.0,1.0,1.25,1.0,1.0,0.0,0.0,0.8,0.0,2.0,0.0,0.7728598583523631,0.2271401416476368,1
1028,1,0.0,0.0,1.0,0.0,0.0,0.0,2.0,1.0,3.0,1.0,1.0,0.71,1.0,50.0,3.0,1.0,3.0,1.0,1.25,1.0,1.0,0.0,0.0,0.0,0.0,2.0,0.0,0.7995699925460553,0.20043000745394468,1
1028,2,0.0,0.0,1.0,0.0,0.0,0.0,2.0,1.0,3.0,1.0,1.0,1.91,1.0,50.0,3.0,1.0,3.0,1.0,1.25,1.0,1.0,0.0,0.0,1.0,0.0,2.0,1.0,0.9994548758002145,0.0005451241997854826,3
1028,3,0.0,0.0,1.0,0.0,0.0,0.0,1.0,1.0,3.0,1.0,1.0,0.47,1.0,50.0,3.0,1.0,3.0,1.0,1.25,1.0,1.0,0.0,0.0,0.0,0.0,2.0,0.0,0.8139710959224346,0.18602890407756548,1
1028,4,0.0,0.0,1.0,0.0,0.0,0.0,0.0,1.0,3.0,1.0,1.0,1.14,1.0,50.0,3.0,1.0,3.0,1.0,1.25,1.0,1.0,0.0,0.0,1.0,0.0,2.0,1.0,0.9996047291303188,0.0003952708696812075,4
1093,0,0.0,0.0,1.0,1.0,2.0,1.0,1.0,8.0,0.0,6.0,37.0,0.21,2.0,85.0,5.0,0.0,6.0,2.0,3.94594594594595,0.0,2.0,0.0,0.0,1.0,0.0,2.0,2.0,0.966247060066037,0.033752939933962986,1
1093,1,0.0,0.0,1.0,1.0,2.0,1.0,1.0,8.0,0.0,6.0,37.0,0.21,2.0,85.0,5.0,0.0,6.0,2.0,3.94594594594595,41.0,2.0,0.0,0.0,1.0,0.0,2.0,2.0,0.9909874434021689,0.009012556597831069,2
1093,2,0.0,0.0,1.0,1.0,2.0,1.0,1.0,8.0,0.0,6.0,37.0,0.21,2.0,100.0,5.0,0.0,6.0,2.0,3.94594594594595,41.0,2.0,0.0,0.0,1.0,0.0,2.0,2.0,0.9946515103848581,0.005348489615141895,3
1093,3,0.0,0.0,1.0,1.0,2.0,0.0,1.0,8.0,0.0,6.0,37.0,0.21,2.0,100.0,5.0,0.0,6.0,2.0,3.94594594594595,41.0,2.0,0.0,0.0,1.0,0.0,2.0,2.0,0.9958095994812363,0.00419040051876374,4
1093,4,0.0,0.0,1.0,1.0,2.0,1.0,1.0,8.0,0.0,6.0,12.0,0.21,2.0,100.0,5.0,0.0,6.0,2.0,3.94594594594595,0.0,2.0,0.0,0.0,0.0,0.0,2.0,2.0,0.6418070357053232,0.3581929642946768,2
1103,0,0.0,0.0,1.0,2.0,0.0,0.0,2.0,3.0,25.0,12.0,14.0,0.1,0.0,85.0,4.0,6.0,7.0,2.0,6.82051282051282,0.0,1.0,0.0,1.0,1.0,0.0,2.0,1.0,0.5396561879571169,0.46034381204288316,1
1103,1,0.0,0.0,1.0,2.0,0.0,0.0,2.0,3.0,25.0,12.0,14.0,0.1,0.0,85.0,4.0,6.0,0.0,2.0,1.0,0.0,1.0,0.0,1.0,1.0,0.0,2.0,1.0,0.9924051266559138,0.007594873344086101,2
1103,2,0.0,0.0,1.0,2.0,0.0,0.0,2.0,3.0,25.0,12.0,14.0,0.71,0.0,85.0,4.0,6.0,0.0,2.0,1.0,0.0,1.0,0.0,1.0,1.0,0.0,2.0,1.0,0.996388191108923,0.003611808891076984,3
1103,3,0.0,0.0,1.0,2.0,0.0,0.0,2.0,3.0,25.0,0.0,14.0,0.71,0.0,85.0,4.0,6.0,0.0,2.0,1.0,0.0,1.0,0.0,1.0,1.0,0.0,2.0,1.0,0.9988877736074542,0.0011122263925457817,4
1103,4,0.0,0.0,1.0,2.0,0.0,0.0,2.0,3.0,25.0,12.0,14.0,0.1,0.0,85.0,4.0,6.0,0.0,2.0,6.82051282051282,0.0,1.0,0.0,1.0,1.0,0.0,2.0,1.0,0.9235382694574608,0.0764617305425392,1
1105,0,0.0,0.0,1.0,1.0,0.0,15.0,3.0,1.0,0.0,0.0,1.0,0.71,10.0,0.0,5.0,0.0,2.0,1.0,51.5,2.0,18.0,1.0,1.0,1.0,0.0,3.0,0.0,0.8004686038448636,0.19953139615513632,1
1105,1,0.0,0.0,1.0,1.0,0.0,15.0,0.0,1.0,0.0,0.0,1.0,0.71,10.0,0.0,5.0,0.0,2.0,1.0,51.5,2.0,18.0,1.0,1.0,1.0,0.0,3.0,0.0,0.9708597238818433,0.029140276118156692,2
1105,2,0.0,0.0,1.0,1.0,0.0,1.0,0.0,1.0,0.0,0.0,1.0,0.71,10.0,0.0,5.0,0.0,2.0,1.0,51.5,2.0,18.0,1.0,1.0,1.0,0.0,3.0,0.0,0.9908534438423914,0.00914655615760862,3
1105,3,0.0,0.0,1.0,1.0,0.0,15.0,3.0,1.0,0.0,0.0,1.0,0.71,10.0,50.0,5.0,0.0,2.0,1.0,2.0,2.0,18.0,1.0,1.0,1.0,0.0,3.0,0.0,0.5098755739521978,0.4901244260478022,1
1105,4,0.0,0.0,1.0,1.0,0.0,0.0,0.0,1.0,0.0,0.0,1.0,0.71,10.0,100.0,5.0,0.0,2.0,1.0,51.5,2.0,18.0,1.0,1.0,1.0,0.0,3.0,0.0,0.9977435475414977,0.0022564524585022114,4
1118,0,0.0,0.0,1.0,1.0,0.0,3.0,3.0,1.0,7.0,13.0,2.0,0.47,1.0,82.0,3.0,2.0,0.0,2.0,4.22222222222222,0.0,0.0,0.0,0.0,0.8,0.0,2.0,2.0,0.6362033236039639,0.36379667639603613,1
1118,1,0.0,0.0,1.0,1.0,0.0,17.0,3.0,1.0,7.0,13.0,2.0,0.47,1.0,82.0,3.0,2.0,0.0,2.0,4.22222222222222,0.0,0.0,0.0,0.0,0.0,0.0,2.0,2.0,0.571018106523979,0.428981893476021,1
1118,2,0.0,0.0,1.0,1.0,0.0,17.0,3.0,1.0,40.0,13.0,2.0,0.47,1.0,82.0,3.0,2.0,0.0,2.0,4.22222222222222,0.0,0.0,0.0,0.0,1.0,0.0,2.0,2.0,0.9974137215619884,0.0025862784380115936,3
1118,3,0.0,0.0,1.0,1.0,0.0,17.0,2.0,1.0,40.0,13.0,2.0,0.47,1.0,82.0,3.0,2.0,0.0,2.0,4.22222222222222,0.0,0.0,0.0,0.0,1.0,0.0,2.0,2.0,0.9976692209268049,0.002330779073195114,4
1118,4,0.0,0.0,1.0,1.0,0.0,3.0,3.0,1.0,7.0,13.0,2.0,0.47,1.0,82.0,3.0,2.0,0.0,2.0,4.22222222222222,0.0,0.0,0.0,0.0,1.0,0.0,2.0,2.0,0.9914453928528061,0.008554607147193895,1
1134,0,2.0,0.0,1.0,3.0,0.0,4.0,2.0,1.0,3.0,13.0,16.0,0.42,2.0,82.0,3.0,2.0,5.0,2.0,3.69230769230769,0.0,1.0,0.0,0.0,0.0,0.0,2.0,2.0,0.5086800300613741,0.4913199699386259,1
1134,1,0.0,0.0,1.0,3.0,0.0,4.0,2.0,1.0,1.0,13.0,16.0,0.42,2.0,82.0,3.0,2.0,5.0,2.0,3.69230769230769,0.0,1.0,0.0,0.0,0.0,0.0,2.0,2.0,0.8142938205666758,0.18570617943332426,2
1134,2,0.0,0.0,1.0,3.0,0.0,4.0,2.0,1.0,1.0,13.0,16.0,0.42,2.0,100.0,3.0,2.0,5.0,2.0,3.69230769230769,0.0,1.0,0.0,0.0,0.0,0.0,2.0,2.0,0.9257281808518857,0.07427181914811433,3
1134,3,0.0,0.0,1.0,3.0,0.0,4.0,2.0,1.0,1.0,13.0,16.0,0.42,2.0,100.0,3.0,2.0,5.0,2.0,3.69230769230769,0.0,1.0,0.0,0.0,1.0,0.0,2.0,2.0,0.9785470008164181,0.0214529991835819,4
1134,4,2.0,0.0,1.0,3.0,0.0,4.0,2.0,1.0,8.0,5.0,16.0,0.42,2.0,100.0,3.0,2.0,5.0,2.0,3.69230769230769,0.0,1.0,0.0,0.0,0.0,0.0,2.0,2.0,0.6279152991860104,0.37208470081398964,2
1169,0,2.0,0.0,1.0,1.0,0.0,2.0,2.0,2.0,5.0,3.0,4.0,0.24,2.0,77.0,2.0,0.0,4.0,2.0,2.45454545454545,0.0,1.0,0.0,0.0,1.0,0.0,1.0,0.0,0.9889056268086056,0.011094373191394363,1
1169,1,2.0,0.0,1.0,1.0,0.0,2.0,2.0,2.0,5.0,3.0,4.0,0.24,2.0,77.0,2.0,0.0,4.0,2.0,2.45454545454545,41.0,1.0,0.0,0.0,0.0,0.0,1.0,0.0,0.5295767697549705,0.47042323024502947,1
1169,2,2.0,0.0,1.0,1.0,0.0,2.0,2.0,2.0,5.0,3.0,4.0,0.03,2.0,77.0,2.0,0.0,4.0,2.0,2.45454545454545,41.0,1.0,0.0,0.0,1.0,0.0,1.0,0.0,0.9964879144028223,0.0035120855971777446,3
1169,3,2.0,0.0,1.0,1.0,0.0,2.0,2.0,2.0,5.0,3.0,4.0,0.03,2.0,73.0,2.0,0.0,4.0,2.0,2.45454545454545,41.0,1.0,0.0,0.0,1.0,0.0,1.0,0.0,0.9970369388794532,0.0029630611205467682,4
1169,4,2.0,0.0,1.0,1.0,0.0,2.0,2.0,2.0,5.0,5.0,4.0,0.03,2.0,73.0,2.0,0.0,4.0,2.0,2.45454545454545,41.0,1.0,0.0,0.0,1.0,0.0,1.0,0.0,0.9974134266993637,0.0025865733006362767,5
1318,0,0.0,0.0,1.0,0.0,2.0,1.0,1.0,1.0,0.0,3.0,5.0,0.38,1.0,80.0,6.0,0.0,7.0,1.0,1.8,0.0,2.0,0.0,0.0,1.0,0.0,4.0,0.0,0.9693145768317744,0.030685423168225673,1
1318,1,0.0,0.0,1.0,0.0,2.0,1.0,1.0,1.0,0.0,3.0,5.0,0.38,1.0,80.0,6.0,0.0,7.0,1.0,51.5,0.0,2.0,0.0,0.0,1.0,0.0,4.0,0.0,0.9972016612896076,0.0027983387103923214,2
1318,2,0.0,0.0,1.0,0.0,2.0,1.0,1.0,1.0,0.0,3.0,5.0,0.38,1.0,80.0,6.0,0.0,7.0,1.0,51.5,41.0,2.0,0.0,0.0,1.0,0.0,4.0,0.0,0.9991466997513114,0.0008533002486885344,3
1318,3,0.0,0.0,1.0,0.0,2.0,1.0,1.0,1.0,0.0,3.0,5.0,0.71,1.0,80.0,6.0,0.0,7.0,1.0,51.5,41.0,2.0,0.0,0.0,1.0,0.0,4.0,0.0,0.9993943348505426,0.0006056651494573632,4
1318,4,0.0,0.0,1.0,0.0,2.0,1.0,1.0,1.0,0.0,3.0,5.0,0.38,1.0,80.0,3.0,0.0,7.0,1.0,2.4,0.0,2.0,0.0,0.0,0.0,0.0,4.0,0.0,0.7566543690837547,0.2433456309162453,2
1321,0,0.0,0.0,1.0,0.0,2.0,5.0,1.0,1.0,0.0,0.0,7.0,0.32,7.0,0.0,5.0,0.0,3.0,1.0,1.71428571428571,0.0,2.0,0.0,0.0,0.8,0.0,3.0,0.0,0.7886496447270772,0.21135035527292273,1
1321,1,0.0,0.0,1.0,0.0,2.0,5.0,1.0,1.0,0.0,0.0,7.0,1.91,7.0,0.0,5.0,0.0,3.0,1.0,1.71428571428571,0.0,2.0,0.0,0.0,1.0,0.0,3.0,0.0,0.9970415976619855,0.0029584023380144443,2
1321,2,0.0,0.0,1.0,0.0,2.0,5.0,1.0,1.0,0.0,0.0,7.0,0.32,7.0,0.0,5.0,0.0,3.0,1.0,2.4,0.0,2.0,0.0,0.0,0.0,0.0,3.0,0.0,0.588147930477614,0.411852069522386,1
1321,3,0.0,0.0,1.0,0.0,2.0,5.0,1.0,1.0,0.0,0.0,7.0,1.91,7.0,0.0,1.0,0.0,3.0,1.0,51.5,0.0,2.0,0.0,0.0,1.0,0.0,3.0,0.0,0.999569862298896,0.00043013770110403006,4
1321,4,0.0,0.0,1.0,0.0,2.0,5.0,1.0,1.0,0.0,0.0,7.0,1.91,7.0,0.0,1.0,0.0,3.0,1.0,51.5,1.0,2.0,0.0,0.0,1.0,0.0,3.0,0.0,0.9996348502008057,0.00036514979919430464,5
1335,0,0.0,0.0,1.0,0.0,0.0,0.0,1.0,1.0,4.0,0.0,20.0,0.71,2.0,0.0,2.0,0.0,6.0,1.0,1.875,0.0,2.0,0.0,0.0,0.0,0.0,2.0,1.0,0.5638569989158421,0.43614300108415793,1
1335,1,0.0,0.0,1.0,0.0,0.0,0.0,1.0,1.0,4.0,0.0,2.0,0.71,2.0,0.0,2.0,0.0,6.0,1.0,1.875,0.0,2.0,0.0,0.0,0.0,0.0,2.0,1.0,0.9682816303719327,0.03171836962806732,2
1335,2,0.0,0.0,1.0,0.0,0.0,0.0,1.0,1.0,4.0,0.0,2.0,0.71,2.0,0.0,2.0,0.0,6.0,1.0,51.5,0.0,2.0,0.0,0.0,0.0,0.0,2.0,1.0,0.9903717621436665,0.009628237856333538,3
1335,3,0.0,0.0,1.0,0.0,0.0,0.0,1.0,1.0,4.0,0.0,20.0,0.13,2.0,0.0,2.0,0.0,6.0,1.0,51.5,0.0,2.0,0.0,0.0,1.0,0.0,2.0,1.0,0.7569833900519856,0.24301660994801447,2
1335,4,0.0,0.0,1.0,0.0,0.0,0.0,1.0,1.0,0.0,0.0,12.0,0.13,2.0,0.0,2.0,0.0,6.0,1.0,1.9,0.0,2.0,0.0,0.0,0.0,0.0,2.0,1.0,0.551947739366329,0.448052260633671,3
1795,0,0.0,0.0,1.0,0.0,0.0,0.0,2.0,7.0,2.0,2.0,9.0,0.15,2.0,19.0,2.0,0.0,2.0,2.0,1.0,0.0,1.0,0.0,2.0,1.0,0.0,2.0,0.0,0.9879059420724667,0.012094057927533283,1
1795,1,0.0,0.0,1.0,0.0,0.0,0.0,2.0,7.0,2.0,2.0,9.0,0.42,2.0,19.0,2.0,0.0,2.0,2.0,1.0,0.0,1.0,0.0,2.0,0.5,0.0,2.0,0.0,0.7085038602436982,0.2914961397563018,1
1795,2,0.0,0.0,1.0,23.0,0.0,0.0,2.0,7.0,2.0,2.0,9.0,0.71,2.0,19.0,2.0,0.0,2.0,2.0,1.0,0.0,1.0,0.0,2.0,1.0,0.0,2.0,0.0,0.9987134461276812,0.0012865538723188252,3
1795,3,0.0,0.0,1.0,23.0,0.0,0.0,2.0,7.0,3.0,2.0,9.0,0.71,2.0,19.0,2.0,0.0,2.0,2.0,1.0,0.0,1.0,0.0,2.0,1.0,0.0,2.0,0.0,0.9989050464253909,0.0010949535746091264,4
1795,4,0.0,0.0,1.0,23.0,0.0,0.0,2.0,7.0,3.0,0.0,9.0,0.71,2.0,19.0,2.0,0.0,2.0,2.0,1.0,0.0,1.0,0.0,2.0,1.0,0.0,2.0,0.0,0.9990399184268074,0.0009600815731925598,5
1366,0,0.0,0.0,1.0,0.0,0.0,2.0,1.0,1.0,0.0,0.0,1.0,0.9,0.0,0.0,4.0,0.0,1.0,1.0,0.0,1.0,7.0,1.0,0.0,0.0,0.0,1.0,0.0,0.5232260414578312,0.47677395854216875,2
1366,1,0.0,0.0,1.0,0.0,0.0,2.0,0.0,1.0,0.0,0.0,1.0,0.9,0.0,0.0,3.0,0.0,1.0,1.0,0.0,41.0,7.0,1.0,0.0,0.0,0.0,1.0,0.0,0.9696429997687336,0.030357000231266373,3
1366,2,0.0,0.0,1.0,0.0,0.0,2.0,0.0,1.0,0.0,0.0,1.0,0.9,0.0,0.0,3.0,0.0,1.0,1.0,1.0,41.0,7.0,1.0,0.0,0.0,0.0,1.0,0.0,0.9794104709193169,0.020589529080683105,4
1366,3,0.0,0.0,1.0,0.0,0.0,2.0,2.0,1.0,0.0,0.0,1.0,0.9,0.0,0.0,4.0,2.0,1.0,1.0,0.0,41.0,7.0,1.0,0.0,0.0,0.0,1.0,0.0,0.6008139345394234,0.3991860654605765,2
1366,4,0.0,0.0,1.0,0.0,0.0,2.0,1.0,1.0,0.0,0.0,1.0,0.9,0.0,0.0,4.0,0.0,1.0,1.0,1.0,0.0,7.0,1.0,0.0,0.0,0.0,1.0,0.0,0.6375831557569933,0.3624168442430067,2
1429,0,5.0,0.0,1.0,0.0,0.0,2.0,1.0,1.0,7.0,5.0,8.0,0.29,2.0,68.0,3.0,3.0,3.0,1.0,3.35,0.0,1.0,0.0,0.0,0.8,0.0,2.0,0.0,0.5166924159759723,0.4833075840240277,1
1429,1,5.0,0.0,1.0,0.0,0.0,2.0,1.0,1.0,7.0,5.0,8.0,0.29,2.0,100.0,3.0,3.0,3.0,1.0,3.35,0.0,1.0,0.0,0.0,0.0,0.0,2.0,0.0,0.6739321742111963,0.32606782578880367,1
1429,2,5.0,0.0,1.0,0.0,0.0,2.0,1.0,1.0,7.0,5.0,8.0,1.91,2.0,100.0,3.0,3.0,3.0,1.0,3.35,0.0,1.0,0.0,0.0,1.0,0.0,2.0,0.0,0.999181852902827,0.0008181470971729368,3
1429,3,5.0,0.0,1.0,0.0,0.0,2.0,1.0,1.0,3.0,5.0,8.0,1.91,2.0,100.0,3.0,3.0,3.0,1.0,3.35,0.0,1.0,0.0,0.0,1.0,0.0,2.0,0.0,0.9993650593410051,0.0006349406589948933,4
1429,4,5.0,0.0,1.0,0.0,0.0,2.0,1.0,1.0,3.0,5.0,8.0,1.91,2.0,100.0,2.0,3.0,3.0,1.0,3.35,0.0,1.0,0.0,0.0,1.0,0.0,2.0,0.0,0.9994354389625493,0.0005645610374507413,5
1496,0,1.0,0.0,2.0,15.0,0.0,0.0,4.0,1.0,6.0,19.0,5.0,0.07,2.0,85.0,1.0,0.0,2.0,2.0,6.83333333333333,0.0,2.0,0.0,0.0,1.0,0.0,1.0,1.0,0.6906127491571941,0.30938725084280594,1
1496,1,1.0,0.0,2.0,15.0,0.0,0.0,4.0,1.0,6.0,0.0,5.0,0.07,2.0,85.0,1.0,0.0,2.0,2.0,6.83333333333333,0.0,2.0,0.0,0.0,1.0,0.0,1.0,1.0,0.9456167915062665,0.0543832084937335,2
1496,2,1.0,0.0,2.0,15.0,0.0,0.0,4.0,1.0,6.0,0.0,5.0,0.07,2.0,100.0,1.0,0.0,2.0,2.0,6.83333333333333,0.0,2.0,0.0,0.0,1.0,0.0,1.0,1.0,0.9873974553116579,0.012602544688342073,3
1496,3,1.0,0.0,2.0,15.0,0.0,0.0,4.0,1.0,6.0,5.0,5.0,0.07,2.0,100.0,1.0,0.0,2.0,2.0,6.83333333333333,0.0,2.0,0.0,0.0,0.0,0.0,1.0,1.0,0.5308117995712798,0.4691882004287202,2
1496,4,1.0,0.0,2.0,15.0,0.0,0.0,2.0,1.0,6.0,0.0,5.0,1.14,2.0,100.0,1.0,0.0,2.0,2.0,6.83333333333333,0.0,2.0,0.0,0.0,1.0,0.0,1.0,1.0,0.9982368532973216,0.0017631467026783688,5
1503,0,4.0,0.0,1.0,4.0,0.0,4.0,3.0,1.0,1.0,0.0,2.0,0.44,1.0,53.0,2.0,0.0,1.0,1.0,4.28571428571429,1.0,1.0,0.0,0.0,0.8,0.0,1.0,0.0,0.7556040692251891,0.2443959307748109,1
1503,1,4.0,0.0,1.0,4.0,0.0,4.0,1.0,1.0,1.0,0.0,2.0,0.44,1.0,53.0,2.0,0.0,1.0,1.0,4.28571428571429,1.0,1.0,0.0,0.0,0.0,0.0,1.0,0.0,0.964949575874094,0.035050424125905984,1
1503,2,4.0,0.0,1.0,4.0,0.0,4.0,0.0,1.0,1.0,0.0,2.0,1.91,1.0,53.0,2.0,0.0,1.0,1.0,4.28571428571429,1.0,1.0,0.0,0.0,1.0,0.0,1.0,0.0,0.9986010327503314,0.0013989672496685776,3
1503,3,4.0,0.0,1.0,4.0,0.0,4.0,3.0,1.0,1.0,0.0,2.0,0.44,1.0,100.0,2.0,0.0,1.0,1.0,4.28571428571429,1.0,1.0,0.0,0.0,0.0,0.0,1.0,0.0,0.6887936965572163,0.3112063034427837,1
1503,4,4.0,0.0,1.0,4.0,0.0,0.0,0.0,1.0,1.0,0.0,2.0,1.91,1.0,100.0,2.0,0.0,1.0,1.0,4.28571428571429,1.0,1.0,0.0,0.0,1.0,0.0,1.0,0.0,0.9997962248112989,0.00020377518870106577,5
1504,0,0.0,0.0,1.0,1.0,0.0,2.0,1.0,1.0,7.0,6.0,6.0,0.95,0.0,86.0,2.0,1.0,0.0,1.0,1.84615384615385,1.0,1.0,0.0,0.0,0.8,0.0,1.0,0.0,0.6512043595141526,0.3487956404858474,1
1504,1,0.0,0.0,1.0,1.0,0.0,2.0,1.0,1.0,7.0,6.0,6.0,0.95,0.0,86.0,2.0,1.0,0.0,1.0,2.4,1.0,1.0,0.0,0.0,0.0,0.0,1.0,0.0,0.5508121082132938,0.44918789178670615,1
1504,2,0.0,0.0,1.0,1.0,0.0,2.0,1.0,1.0,3.0,6.0,6.0,0.95,0.0,86.0,2.0,1.0,0.0,1.0,51.5,1.0,1.0,0.0,0.0,1.0,0.0,1.0,0.0,0.9985940326979653,0.001405967302034728,3
1504,3,0.0,0.0,1.0,1.0,0.0,2.0,1.0,1.0,3.0,6.0,6.0,0.95,0.0,86.0,2.0,1.0,0.0,1.0,51.5,1.0,1.0,0.0,0.0,1.0,0.0,3.0,0.0,0.999173908395642,0.0008260916043579872,4
1504,4,0.0,0.0,1.0,1.0,0.0,2.0,1.0,1.0,3.0,6.0,6.0,1.91,0.0,86.0,2.0,1.0,0.0,1.0,51.5,1.0,1.0,0.0,0.0,1.0,0.0,3.0,0.0,0.9995591134193442,0.00044088658065573555,5
1505,0,0.0,0.0,1.0,2.0,0.0,1.0,2.0,2.0,0.0,0.0,6.0,0.27,1.0,40.0,2.0,0.0,3.0,2.0,4.0,0.0,0.0,0.0,0.0,1.0,0.0,1.0,0.0,0.9918881081359726,0.008111891864027361,1
1505,1,0.0,0.0,1.0,2.0,0.0,1.0,2.0,2.0,0.0,0.0,6.0,0.03,1.0,40.0,2.0,0.0,3.0,2.0,4.0,0.0,0.0,0.0,0.0,1.0,0.0,1.0,0.0,0.9978172385133193,0.0021827614866807015,2
1505,2,0.0,0.0,1.0,2.0,0.0,1.0,1.0,2.0,0.0,0.0,6.0,0.27,1.0,40.0,2.0,0.0,3.0,2.0,4.0,0.0,0.0,0.0,0.0,0.0,0.0,1.0,0.0,0.5654459595431077,0.4345540404568923,1
1505,3,0.0,0.0,1.0,2.0,0.0,0.0,0.0,2.0,0.0,0.0,6.0,0.03,1.0,40.0,2.0,0.0,3.0,2.0,4.0,0.0,0.0,0.0,0.0,1.0,0.0,1.0,0.0,0.9983118171645895,0.0016881828354105494,4
1505,4,0.0,0.0,1.0,2.0,0.0,1.0,2.0,2.0,0.0,0.0,6.0,0.03,1.0,40.0,2.0,0.0,3.0,2.0,4.0,0.0,1.0,0.0,0.0,1.0,0.0,1.0,0.0,0.9984818827621361,0.0015181172378638324,3
1506,0,0.0,0.0,1.0,0.0,0.0,0.0,3.0,4.0,0.0,2.0,6.0,0.22,1.0,100.0,2.0,0.0,2.0,2.0,1.16666666666667,0.0,2.0,0.0,0.0,0.8,0.0,1.0,0.0,0.7130691132947131,0.28693088670528694,1
1506,1,0.0,0.0,1.0,0.0,0.0,0.0,3.0,4.0,0.0,2.0,6.0,0.22,1.0,100.0,2.0,0.0,2.0,2.0,1.16666666666667,41.0,2.0,0.0,0.0,1.0,0.0,1.0,0.0,0.9996433184996009,0.0003566815003991133,2
1506,2,0.0,0.0,1.0,0.0,0.0,0.0,2.0,4.0,0.0,2.0,6.0,0.22,1.0,100.0,2.0,0.0,2.0,2.0,1.16666666666667,41.0,2.0,0.0,0.0,0.0,0.0,1.0,0.0,0.5390240666455519,0.46097593335444803,2
1506,3,0.0,0.0,1.0,0.0,0.0,0.0,3.0,4.0,0.0,2.0,6.0,0.22,1.0,100.0,2.0,0.0,2.0,2.0,2.4,0.0,2.0,0.0,0.0,0.0,0.0,1.0,0.0,0.7753741916806223,0.22462580831937767,1
1506,4,0.0,0.0,1.0,0.0,0.0,0.0,3.0,4.0,0.0,2.0,6.0,0.22,1.0,100.0,2.0,0.0,2.0,2.0,1.16666666666667,0.0,2.0,0.0,0.0,1.0,0.0,1.0,0.0,0.9991910805104953,0.0008089194895047199,1
1583,0,6.0,0.0,1.0,1.0,1.0,1.0,2.0,4.0,0.0,9.0,12.0,0.36,0.0,86.0,1.0,0.0,5.0,3.0,2.44117647058824,0.0,1.0,0.0,0.0,0.0,0.0,2.0,1.0,0.8452826220185106,0.1547173779814894,1
1583,1,6.0,0.0,1.0,1.0,1.0,1.0,2.0,4.0,0.0,9.0,12.0,0.36,0.0,100.0,1.0,0.0,5.0,3.0,2.44117647058824,0.0,1.0,0.0,0.0,0.0,0.0,2.0,1.0,0.9472312207257542,0.05276877927424588,2
1583,2,6.0,0.0,1.0,1.0,1.0,1.0,2.0,4.0,0.0,9.0,12.0,0.36,0.0,100.0,1.0,0.0,5.0,3.0,51.5,0.0,1.0,0.0,0.0,0.0,0.0,2.0,1.0,0.9730015896525754,0.026998410347424565,3
1583,3,6.0,0.0,1.0,1.0,1.0,1.0,2.0,4.0,0.0,9.0,12.0,0.36,0.0,100.0,1.0,0.0,5.0,3.0,51.5,0.0,1.0,0.0,0.0,0.8,0.0,2.0,1.0,0.9851792163175774,0.014820783682422517,4
1583,4,6.0,0.0,1.0,1.0,1.0,1.0,2.0,4.0,0.0,9.0,12.0,0.71,0.0,100.0,1.0,0.0,5.0,3.0,51.5,0.0,1.0,0.0,0.0,0.8,0.0,2.0,1.0,0.9883575999649732,0.011642400035026807,5
1594,0,2.0,0.0,1.0,0.0,0.0,4.0,1.0,1.0,0.0,3.0,12.0,1.0,0.0,80.0,1.0,0.0,6.0,5.0,2.13636363636364,0.0,1.0,0.0,0.0,0.0,0.0,2.0,1.0,0.6734220070122914,0.3265779929877086,1
1594,1,2.0,0.0,1.0,0.0,0.0,4.0,1.0,1.0,0.0,3.0,20.0,1.0,0.0,80.0,1.0,0.0,6.0,5.0,51.5,0.0,1.0,0.0,0.0,0.0,0.0,2.0,1.0,0.6822938842040087,0.31770611579599134,1
1594,2,2.0,0.0,1.0,0.0,0.0,4.0,1.0,1.0,0.0,3.0,0.0,1.0,0.0,80.0,1.0,0.0,6.0,5.0,51.5,0.0,1.0,0.0,0.0,0.8,0.0,2.0,1.0,0.9440340512516081,0.05596594874839187,3
1594,3,2.0,0.0,1.0,0.0,0.0,4.0,1.0,1.0,0.0,3.0,0.0,1.0,0.0,80.0,1.0,52.0,6.0,5.0,51.5,0.0,1.0,0.0,0.0,0.8,0.0,2.0,1.0,0.9614830809379731,0.03851691906202695,4
1594,4,2.0,0.0,1.0,0.0,0.0,4.0,1.0,1.0,0.0,3.0,0.0,1.91,0.0,80.0,1.0,52.0,6.0,5.0,51.5,0.0,1.0,0.0,0.0,0.8,0.0,2.0,1.0,0.9725426888737225,0.027457311126277504,5
1595,0,1.0,0.0,1.0,0.0,0.0,4.0,1.0,1.0,0.0,2.0,12.0,1.25,0.0,91.0,1.0,0.0,2.0,4.0,1.85365853658537,0.0,0.0,0.0,0.0,0.0,0.0,2.0,1.0,0.5571219979110498,0.44287800208895023,1
1595,1,1.0,0.0,1.0,0.0,0.0,4.0,1.0,1.0,0.0,2.0,0.0,1.25,0.0,91.0,1.0,0.0,2.0,4.0,51.5,0.0,0.0,0.0,0.0,0.0,0.0,2.0,1.0,0.8468518354535899,0.15314816454641017,2
1595,2,1.0,0.0,1.0,0.0,0.0,4.0,1.0,1.0,0.0,2.0,0.0,0.71,0.0,91.0,1.0,0.0,2.0,4.0,51.5,0.0,0.0,0.0,0.0,0.0,0.0,2.0,1.0,0.9119826606491557,0.0880173393508443,3
1595,3,1.0,0.0,1.0,0.0,0.0,4.0,1.0,1.0,0.0,2.0,0.0,0.71,0.0,91.0,1.0,52.0,2.0,4.0,51.5,0.0,0.0,0.0,0.0,0.0,0.0,2.0,1.0,0.9420081286624432,0.05799187133755684,4
1595,4,1.0,0.0,1.0,0.0,0.0,4.0,1.0,1.0,0.0,2.0,0.0,0.71,0.0,91.0,1.0,52.0,2.0,4.0,51.5,1.0,0.0,0.0,0.0,0.0,0.0,2.0,1.0,0.9499794875846317,0.05002051241536833,5
1598,0,1.0,0.0,1.0,3.0,1.0,0.0,1.0,4.0,3.0,4.0,18.0,0.42,0.0,79.0,2.0,2.0,3.0,3.0,2.31818181818182,0.0,0.0,0.0,0.0,0.0,0.0,3.0,0.0,0.5769774589373038,0.42302254106269616,1
1598,1,1.0,0.0,1.0,3.0,1.0,0.0,1.0,4.0,3.0,4.0,0.0,0.71,0.0,79.0,2.0,2.0,3.0,3.0,2.31818181818182,0.0,0.0,0.0,0.0,0.0,0.0,3.0,0.0,0.946603898821446,0.05339610117855399,2
1598,2,1.0,0.0,1.0,3.0,1.0,0.0,1.0,4.0,3.0,4.0,2.0,0.18,0.0,79.0,2.0,2.0,3.0,3.0,51.5,0.0,0.0,0.0,0.0,0.0,0.0,3.0,0.0,0.5418891240411985,0.45811087595880157,2
1598,3,1.0,0.0,1.0,3.0,1.0,0.0,1.0,4.0,3.0,4.0,0.0,0.71,0.0,79.0,2.0,2.0,3.0,3.0,51.5,41.0,0.0,0.0,0.0,0.0,0.0,3.0,0.0,0.9832305096318907,0.01676949036810924,4
1598,4,1.0,0.0,1.0,3.0,1.0,0.0,1.0,4.0,3.0,4.0,18.0,0.71,0.0,79.0,2.0,2.0,3.0,3.0,2.31818181818182,0.0,0.0,0.0,0.0,0.0,0.0,3.0,0.0,0.6557647621612005,0.3442352378387995,1
1600,0,1.0,0.0,1.0,2.0,1.0,2.0,2.0,2.0,0.0,13.0,14.0,0.32,0.0,80.0,1.0,0.0,4.0,5.0,4.0,1.0,1.0,0.0,1.0,0.8,0.0,2.0,2.0,0.7161968073581209,0.2838031926418791,1
1600,1,0.0,0.0,1.0,2.0,1.0,2.0,2.0,2.0,0.0,13.0,14.0,0.32,0.0,80.0,1.0,0.0,4.0,5.0,4.0,1.0,1.0,0.0,1.0,0.3,0.0,2.0,2.0,0.9174129493686571,0.08258705063134282,2
1600,2,0.0,0.0,1.0,2.0,1.0,2.0,2.0,2.0,0.0,13.0,14.0,0.32,0.0,80.0,1.0,0.0,4.0,5.0,4.0,1.0,1.0,0.0,1.0,0.3,0.0,2.0,1.0,0.94722819082085,0.05277180917915003,3
1600,3,1.0,0.0,1.0,2.0,1.0,2.0,2.0,2.0,0.0,13.0,14.0,0.32,0.0,80.0,1.0,0.0,0.0,5.0,4.0,1.0,1.0,0.0,1.0,1.0,0.0,2.0,2.0,0.5718353663402187,0.42816463365978125,1
1600,4,0.0,0.0,1.0,2.0,1.0,2.0,2.0,2.0,0.0,13.0,14.0,0.32,0.0,80.0,1.0,0.0,0.0,5.0,4.0,1.0,1.0,0.0,1.0,0.8,0.0,2.0,1.0,0.9652071501702358,0.0347928498297642,4
1601,0,6.0,0.0,1.0,1.0,0.0,3.0,3.0,1.0,0.0,6.0,7.0,0.27,0.0,100.0,1.0,0.0,11.0,2.0,4.61538461538461,2.0,1.0,0.0,4.0,0.5,0.0,4.0,1.0,0.7142303547196662,0.2857696452803337,1
1601,1,6.0,0.0,1.0,1.0,0.0,3.0,3.0,1.0,0.0,6.0,7.0,0.27,0.0,100.0,1.0,0.0,11.0,2.0,4.61538461538461,2.0,1.0,0.0,4.0,0.8,0.0,4.0,1.0,0.8968352697259884,0.10316473027401166,2
1601,2,6.0,0.0,1.0,1.0,0.0,3.0,3.0,1.0,0.0,6.0,7.0,13.17,0.0,100.0,1.0,0.0,11.0,2.0,4.61538461538461,2.0,1.0,0.0,4.0,0.8,0.0,4.0,1.0,0.9580533764055853,0.04194662359441469,3
1601,3,6.0,0.0,1.0,1.0,0.0,3.0,0.0,1.0,0.0,6.0,7.0,13.17,0.0,100.0,1.0,0.0,11.0,2.0,4.61538461538461,2.0,1.0,0.0,4.0,0.8,0.0,4.0,1.0,0.9861824245245897,0.013817575475410257,4
1601,4,0.0,0.0,1.0,1.0,0.0,3.0,0.0,1.0,0.0,6.0,7.0,13.17,0.0,100.0,1.0,0.0,11.0,2.0,4.61538461538461,2.0,1.0,0.0,4.0,0.8,0.0,4.0,1.0,0.99110292468238,0.008897075317619938,5
1712,0,0.0,0.0,2.0,0.0,0.0,0.0,2.0,1.0,1.0,2.0,7.0,0.27,0.0,68.0,3.0,0.0,2.0,1.0,1.375,0.0,1.0,0.0,0.0,0.8,0.0,1.0,0.0,0.6278091845021592,0.37219081549784083,1
1712,1,0.0,0.0,2.0,0.0,0.0,0.0,2.0,1.0,1.0,2.0,7.0,0.71,0.0,68.0,3.0,0.0,2.0,1.0,1.375,0.0,1.0,0.0,0.0,1.0,0.0,1.0,0.0,0.9997114717207648,0.00028852827923522313,2
1712,2,0.0,0.0,2.0,0.0,0.0,0.0,2.0,1.0,1.0,5.0,7.0,0.71,0.0,68.0,3.0,0.0,2.0,1.0,1.375,0.0,1.0,0.0,0.0,1.0,0.0,1.0,0.0,0.9997452848758758,0.00025471512412427003,3
1712,3,0.0,0.0,2.0,0.0,0.0,0.0,2.0,1.0,1.0,2.0,7.0,0.27,0.0,68.0,3.0,0.0,2.0,1.0,1.375,0.0,1.0,0.0,0.0,1.0,0.0,1.0,0.0,0.9990134276754886,0.000986572324511413,1
1712,4,0.0,0.0,2.0,23.0,0.0,0.0,2.0,1.0,1.0,2.0,7.0,0.71,0.0,68.0,3.0,0.0,2.0,1.0,1.375,0.0,1.0,0.0,0.0,1.0,0.0,1.0,0.0,0.9998065079802695,0.00019349201973050748,3
1721,0,0.0,1.0,1.0,1.0,0.0,5.0,4.0,2.0,10.0,6.0,3.0,0.39,2.0,81.0,3.0,0.0,4.0,2.0,3.78571428571429,0.0,1.0,0.0,0.0,1.0,0.0,2.0,4.0,0.9213815100311962,0.07861848996880384,1
1721,1,0.0,1.0,1.0,1.0,0.0,5.0,4.0,2.0,10.0,6.0,3.0,0.39,2.0,81.0,3.0,0.0,4.0,2.0,51.5,0.0,1.0,0.0,0.0,1.0,0.0,2.0,4.0,0.9851910678065848,0.014808932193415222,2
1721,2,0.0,1.0,1.0,1.0,0.0,5.0,4.0,2.0,10.0,6.0,3.0,0.39,2.0,100.0,3.0,0.0,4.0,2.0,51.5,0.0,1.0,0.0,0.0,1.0,0.0,2.0,4.0,0.9947359033750864,0.005264096624913616,3
1721,3,0.0,1.0,1.0,1.0,0.0,5.0,2.0,2.0,10.0,6.0,3.0,0.39,2.0,100.0,3.0,0.0,4.0,2.0,3.0,0.0,1.0,0.0,0.0,0.0,0.0,2.0,4.0,0.6148104806331816,0.3851895193668184,3
1721,4,0.0,1.0,1.0,1.0,0.0,5.0,2.0,1.0,10.0,6.0,3.0,0.39,2.0,100.0,3.0,0.0,4.0,2.0,51.5,0.0,1.0,0.0,0.0,1.0,0.0,2.0,4.0,0.9987702819831327,0.0012297180168673743,5
1722,0,0.0,0.0,2.0,1.0,2.0,1.0,3.0,1.0,15.0,9.0,3.0,0.22,0.0,90.0,2.0,3.0,4.0,1.0,3.83333333333333,1.0,2.0,0.0,0.0,1.0,0.0,3.0,2.0,0.7648410181127852,0.23515898188721487,1
1722,1,0.0,0.0,2.0,1.0,2.0,1.0,3.0,1.0,15.0,9.0,3.0,1.91,0.0,90.0,2.0,3.0,4.0,1.0,3.83333333333333,1.0,2.0,0.0,0.0,1.0,0.0,3.0,2.0,0.9815366769034977,0.018463323096502355,2
1722,2,0.0,0.0,2.0,1.0,2.0,1.0,3.0,1.0,15.0,9.0,3.0,0.71,0.0,100.0,2.0,3.0,4.0,1.0,3.83333333333333,1.0,2.0,0.0,0.0,0.0,0.0,3.0,2.0,0.649947230882396,0.35005276911760397,2
1722,3,0.0,0.0,2.0,1.0,2.0,0.0,3.0,1.0,15.0,9.0,3.0,1.91,0.0,100.0,2.0,3.0,4.0,1.0,3.83333333333333,1.0,2.0,0.0,0.0,1.0,0.0,3.0,2.0,0.9981690536527987,0.0018309463472012777,4
1722,4,0.0,0.0,2.0,1.0,2.0,1.0,3.0,1.0,15.0,9.0,3.0,0.22,0.0,90.0,2.0,3.0,0.0,1.0,3.83333333333333,1.0,2.0,0.0,0.0,1.0,0.0,3.0,2.0,0.9819990924861352,0.01800090751386488,2
1735,0,0.0,0.0,1.0,7.0,5.0,0.0,2.0,1.0,3.0,6.0,12.0,0.25,0.0,90.0,1.0,0.0,3.0,4.0,3.41379310344828,0.0,0.0,0.0,0.0,0.0,0.0,3.0,3.0,0.6233146410164938,0.37668535898350614,2
1735,1,0.0,0.0,1.0,7.0,0.0,0.0,2.0,1.0,3.0,6.0,12.0,0.15,0.0,90.0,1.0,0.0,3.0,4.0,3.41379310344828,0.0,0.0,0.0,0.0,0.0,0.0,3.0,3.0,0.7331828540627661,0.2668171459372339,2
1735,2,0.0,0.0,1.0,7.0,0.0,0.0,2.0,1.0,3.0,6.0,12.0,0.71,0.0,90.0,1.0,0.0,3.0,4.0,3.41379310344828,0.0,0.0,0.0,0.0,0.8,0.0,3.0,3.0,0.9808291572233433,0.019170842776656746,4
1735,3,0.0,0.0,1.0,7.0,0.0,0.0,2.0,1.0,3.0,6.0,7.0,0.71,0.0,90.0,1.0,0.0,3.0,4.0,3.41379310344828,0.0,0.0,0.0,0.0,0.8,0.0,3.0,3.0,0.9866669673082993,0.013333032691700665,4
1735,4,0.0,0.0,1.0,7.0,0.0,0.0,2.0,1.0,3.0,6.0,7.0,0.71,0.0,90.0,1.0,0.0,3.0,4.0,3.41379310344828,0.0,0.0,0.0,0.0,0.8,0.0,1.0,3.0,0.9872038419115209,0.012796158088479134,5
