test_idx,candidate_id,CountDeclMethodPrivate,CountDeclMethodDefault,AvgEssential,CountDeclClassVariable,AvgLineComment,AvgCyclomaticModified,CountLineComment,CountDeclClass,CountDeclMethodProtected,CountDeclInstanceVariable,RatioCommentToCode,AvgLineBlank,CountDeclInstanceMethod,MaxInheritanceTree,CountClassDerived,CountClassCoupled,CountClassBase,CountInput_Mean,CountInput_Min,CountOutput_Mean,CountOutput_Min,MaxNesting_Min,OWN_COMMIT,MINOR_COMMIT,MINOR_LINE,MAJOR_LINE,proba0,proba1,num_features_changed
37,0,13.0,1.0,2.0,11.0,1.0,2.0,261.0,16.0,17.0,22.0,0.32,0.0,98.0,3.0,4.0,2.0,2.0,3.43564356435644,0.0,3.92079207920792,0.0,0.0,0.875,0.0,2.0,2.0,0.511774829322825,0.4882251706771749,1
37,1,13.0,1.0,2.0,11.0,1.0,2.0,261.0,16.0,17.0,0.0,0.32,0.0,98.0,3.0,4.0,0.0,2.0,3.43564356435644,0.0,3.92079207920792,0.0,0.0,0.875,0.0,2.0,2.0,0.8982251383817293,0.10177486161827069,2
37,2,13.0,1.0,2.0,11.0,1.0,2.0,261.0,16.0,17.0,0.0,0.32,0.0,98.0,3.0,4.0,0.0,2.0,1.4,0.0,3.92079207920792,0.0,0.0,0.875,0.0,2.0,2.0,0.9693545452105488,0.030645454789451215,3
37,3,13.0,1.0,2.0,11.0,1.0,2.0,261.0,16.0,17.0,0.0,0.32,0.0,98.0,3.0,4.0,0.0,2.0,1.4,0.0,2.0,0.0,0.0,0.875,0.0,2.0,2.0,0.9855862871524994,0.014413712847500542,4
37,4,3.0,1.0,2.0,11.0,1.0,2.0,261.0,16.0,17.0,0.0,0.32,0.0,98.0,3.0,4.0,0.0,2.0,1.4,0.0,2.0,0.0,0.0,0.875,0.0,2.0,2.0,0.9910063061051724,0.008993693894827577,5
37,5,13.0,1.0,2.0,11.0,1.0,2.0,261.0,16.0,17.0,22.0,0.32,0.0,98.0,3.0,4.0,0.0,2.0,3.43564356435644,0.0,0.0,0.0,0.0,0.875,0.0,2.0,2.0,0.8619273262274132,0.13807267377258683,2
37,6,13.0,1.0,2.0,11.0,1.0,2.0,261.0,16.0,17.0,22.0,85.6,0.0,98.0,3.0,4.0,0.0,2.0,3.43564356435644,0.0,0.0,0.0,0.0,0.875,0.0,2.0,2.0,0.9262301070133668,0.07376989298663315,3
37,7,3.0,1.0,2.0,11.0,1.0,2.0,261.0,16.0,17.0,22.0,85.6,0.0,98.0,3.0,4.0,0.0,2.0,3.43564356435644,0.0,0.0,0.0,0.0,0.875,0.0,2.0,2.0,0.9508517897148498,0.0491482102851502,4
37,8,3.0,1.0,2.0,0.0,1.0,2.0,261.0,16.0,17.0,22.0,85.6,0.0,98.0,3.0,4.0,0.0,2.0,3.43564356435644,0.0,0.0,0.0,0.0,0.875,0.0,2.0,2.0,0.9637396786481914,0.03626032135180855,5
37,9,13.0,1.0,2.0,11.0,1.0,2.0,261.0,16.0,17.0,22.0,0.32,0.0,98.0,3.0,4.0,0.0,2.0,1.4,0.0,0.0,0.0,0.0,0.875,0.0,2.0,2.0,0.9406647834955382,0.059335216504461864,3
37,10,13.0,1.0,2.0,11.0,1.0,2.0,261.0,0.0,17.0,22.0,0.32,0.0,98.0,3.0,4.0,0.0,2.0,1.4,0.0,0.0,0.0,0.0,0.875,0.0,2.0,2.0,0.960558673815562,0.03944132618443795,4
37,11,13.0,1.0,2.0,11.0,1.0,2.0,261.0,0.0,17.0,22.0,0.32,0.0,98.0,3.0,4.0,0.0,2.0,1.4,0.0,0.0,0.0,0.0,0.875,0.0,2.0,1.0,0.9606357740762452,0.03936422592375474,5
37,12,13.0,1.0,2.0,11.0,1.0,2.0,261.0,16.0,17.0,1.0,0.32,0.0,98.0,3.0,4.0,30.0,2.0,3.43564356435644,0.0,3.92079207920792,0.0,0.0,0.875,0.0,2.0,2.0,0.5128404765415848,0.48715952345841523,1
37,13,0.0,1.0,2.0,11.0,1.0,2.0,261.0,16.0,17.0,0.0,0.32,0.0,98.0,3.0,4.0,30.0,2.0,3.43564356435644,0.0,3.92079207920792,0.0,0.0,0.875,0.0,2.0,2.0,0.8004295403961127,0.1995704596038873,2
37,14,0.0,1.0,2.0,11.0,1.0,2.0,261.0,16.0,17.0,0.0,0.32,0.0,98.0,3.0,4.0,30.0,2.0,1.4,0.0,3.92079207920792,0.0,0.0,0.875,0.0,2.0,2.0,0.9171791688091724,0.08282083119082759,3
37,15,0.0,1.0,2.0,11.0,1.0,2.0,261.0,16.0,17.0,0.0,0.32,0.0,98.0,3.0,4.0,30.0,2.0,1.4,0.0,2.0,0.0,0.0,0.875,0.0,2.0,2.0,0.9679997619642223,0.032000238035777645,4
37,16,0.0,1.0,2.0,11.0,1.0,2.0,261.0,16.0,17.0,0.0,0.32,0.0,98.0,3.0,4.0,30.0,1.0,1.4,0.0,2.0,0.0,0.0,0.875,0.0,2.0,2.0,0.9688927113792946,0.031107288620705484,5
37,17,13.0,1.0,2.0,11.0,1.0,2.0,261.0,16.0,17.0,0.0,0.32,0.0,98.0,3.0,4.0,0.0,2.0,3.43564356435644,0.0,2.0,0.0,0.0,0.875,0.0,2.0,2.0,0.9557555624608112,0.04424443753918887,3
37,18,3.0,1.0,2.0,11.0,1.0,2.0,261.0,16.0,17.0,0.0,0.32,0.0,98.0,3.0,4.0,0.0,2.0,3.43564356435644,0.0,2.0,0.0,0.0,0.875,0.0,2.0,2.0,0.9720750683146681,0.02792493168533192,4
37,19,13.0,1.0,2.0,11.0,1.0,2.0,261.0,16.0,17.0,22.0,0.32,0.0,98.0,3.0,4.0,30.0,2.0,3.0,0.0,1.5,0.0,0.0,0.875,0.0,2.0,2.0,0.5048993538248181,0.49510064617518185,2
56,0,64.0,1.0,2.0,20.0,1.0,4.0,349.0,25.0,23.0,32.0,0.13,1.0,191.0,4.0,3.0,6.0,3.0,4.53030303030303,0.0,4.83333333333333,0.0,0.0,0.666666666666667,0.0,2.0,4.0,0.5313068362410429,0.46869316375895703,1
56,1,3.0,1.0,2.0,20.0,1.0,4.0,349.0,25.0,23.0,32.0,0.13,1.0,191.0,4.0,3.0,0.0,3.0,4.53030303030303,0.0,4.83333333333333,0.0,0.0,0.666666666666667,0.0,2.0,4.0,0.8402811727116952,0.15971882728830483,2
56,2,3.0,1.0,2.0,20.0,1.0,4.0,349.0,25.0,23.0,1.0,0.13,1.0,191.0,4.0,3.0,0.0,3.0,4.53030303030303,0.0,4.83333333333333,0.0,0.0,0.666666666666667,0.0,2.0,4.0,0.9216894947438858,0.0783105052561142,3
56,3,3.0,1.0,2.0,20.0,1.0,4.0,349.0,25.0,23.0,1.0,0.13,1.0,191.0,4.0,3.0,0.0,3.0,4.53030303030303,0.0,4.83333333333333,0.0,0.0,0.0,0.0,2.0,4.0,0.9673964977790726,0.03260350222092748,4
56,4,3.0,1.0,0.0,20.0,1.0,4.0,349.0,25.0,23.0,1.0,0.13,1.0,191.0,4.0,3.0,0.0,3.0,4.53030303030303,0.0,4.83333333333333,0.0,0.0,0.0,0.0,2.0,4.0,0.9717285805613199,0.028271419438680046,5
56,5,0.0,1.0,0.0,20.0,1.0,4.0,349.0,25.0,23.0,1.0,0.13,1.0,191.0,4.0,3.0,0.0,3.0,4.53030303030303,0.0,4.83333333333333,0.0,0.0,0.0,0.0,2.0,4.0,0.9733596328100839,0.02664036718991619,5
56,6,0.0,1.0,0.0,20.0,1.0,4.0,349.0,25.0,23.0,0.0,0.13,1.0,191.0,4.0,3.0,0.0,3.0,4.53030303030303,0.0,4.83333333333333,0.0,0.0,0.0,0.0,2.0,4.0,0.9734260666213983,0.026573933378601696,5
56,7,3.0,1.0,2.0,20.0,1.0,4.0,349.0,25.0,23.0,32.0,0.13,1.0,191.0,4.0,3.0,0.0,3.0,4.53030303030303,0.0,0.0,0.0,0.0,0.666666666666667,0.0,2.0,4.0,0.8839743632204622,0.11602563677953782,3
56,8,3.0,1.0,2.0,20.0,1.0,4.0,349.0,25.0,23.0,32.0,0.13,1.0,191.0,4.0,3.0,0.0,3.0,1.4,0.0,0.0,0.0,0.0,0.666666666666667,0.0,2.0,4.0,0.9275365652594565,0.07246343474054348,4
56,9,3.0,1.0,0.0,20.0,1.0,4.0,349.0,25.0,23.0,32.0,0.13,1.0,191.0,4.0,3.0,0.0,3.0,1.4,0.0,0.0,0.0,0.0,0.666666666666667,0.0,2.0,4.0,0.9418246860830415,0.05817531391695847,5
56,10,3.0,1.0,2.0,20.0,1.0,4.0,349.0,25.0,23.0,32.0,0.13,1.0,191.0,4.0,3.0,0.0,3.0,4.53030303030303,0.0,4.83333333333333,0.0,0.0,0.0,0.0,2.0,4.0,0.9204990477356443,0.07950095226435577,3
56,11,3.0,1.0,2.0,20.0,1.0,4.0,349.0,25.0,23.0,1.0,0.13,1.0,191.0,4.0,3.0,0.0,3.0,4.53030303030303,0.0,4.83333333333333,2.0,0.0,0.666666666666667,0.0,2.0,4.0,0.9419558557145163,0.05804414428548365,4
56,12,3.0,1.0,0.0,20.0,1.0,4.0,349.0,25.0,23.0,1.0,0.13,1.0,191.0,4.0,3.0,0.0,3.0,4.53030303030303,0.0,4.83333333333333,2.0,0.0,0.666666666666667,0.0,2.0,4.0,0.9494917907155747,0.05050820928442529,5
56,13,3.0,1.0,2.0,20.0,1.0,4.0,349.0,25.0,23.0,32.0,0.13,1.0,191.0,4.0,3.0,0.0,3.0,4.53030303030303,0.0,0.0,0.0,0.0,0.666666666666667,0.0,1.0,4.0,0.888008732277201,0.11199126772279903,4
56,14,3.0,1.0,2.0,0.0,1.0,4.0,349.0,25.0,23.0,32.0,0.13,1.0,191.0,4.0,3.0,0.0,3.0,4.53030303030303,0.0,4.83333333333333,0.0,0.0,0.0,0.0,2.0,4.0,0.9385836270488166,0.061416372951183365,4
56,15,3.0,1.0,2.0,0.0,1.0,4.0,349.0,25.0,23.0,32.0,0.13,1.0,191.0,4.0,3.0,0.0,0.0,4.53030303030303,0.0,4.83333333333333,0.0,0.0,0.0,0.0,2.0,4.0,0.9436876886488217,0.056312311351178354,5
56,16,64.0,1.0,8.0,20.0,1.0,4.0,349.0,25.0,23.0,32.0,0.13,1.0,191.0,4.0,3.0,0.0,3.0,4.53030303030303,0.0,4.83333333333333,0.0,0.0,0.666666666666667,0.0,2.0,4.0,0.7678728922512772,0.23212710774872283,2
56,17,64.0,1.0,8.0,20.0,1.0,4.0,349.0,25.0,23.0,32.0,0.13,1.0,191.0,4.0,3.0,0.0,3.0,4.53030303030303,0.0,4.83333333333333,25.0,0.0,0.666666666666667,0.0,2.0,4.0,0.81399337294392,0.18600662705607998,3
56,18,64.0,1.0,8.0,2.0,1.0,4.0,349.0,25.0,23.0,32.0,0.13,1.0,191.0,4.0,3.0,0.0,3.0,4.53030303030303,0.0,4.83333333333333,25.0,0.0,0.666666666666667,0.0,2.0,4.0,0.8304021016419714,0.1695978983580286,4
56,19,64.0,1.0,8.0,2.0,1.0,4.0,349.0,25.0,23.0,32.0,0.13,1.0,191.0,4.0,3.0,0.0,3.0,4.53030303030303,0.0,4.83333333333333,2.0,0.0,0.666666666666667,0.0,2.0,4.0,0.8320788126362347,0.16792118736376524,4
195,0,3.0,0.0,1.0,1.0,0.0,2.0,19.0,3.0,0.0,2.0,0.06,0.0,7.0,1.0,0.0,5.0,2.0,2.60869565217391,0.0,3.97826086956522,2.0,0.0,1.0,0.0,1.0,2.0,0.8331988577585796,0.16680114224142034,1
195,1,0.0,0.0,1.0,1.0,0.0,2.0,19.0,3.0,0.0,2.0,0.06,0.0,7.0,1.0,0.0,0.0,2.0,2.60869565217391,0.0,3.97826086956522,2.0,0.0,1.0,0.0,1.0,2.0,0.9611575998573354,0.03884240014266455,2
195,2,0.0,0.0,1.0,1.0,0.0,2.0,19.0,3.0,0.0,2.0,0.06,0.0,7.0,1.0,0.0,0.0,2.0,0.6,0.0,3.97826086956522,2.0,0.0,1.0,0.0,1.0,2.0,0.9858405641348138,0.014159435865186231,3
195,3,0.0,0.0,1.0,1.0,0.0,2.0,19.0,3.0,0.0,2.0,0.06,0.0,7.0,1.0,0.0,0.0,2.0,0.6,0.0,0.0,2.0,0.0,1.0,0.0,1.0,2.0,0.9902178472017328,0.009782152798267203,4
195,4,3.0,0.0,1.0,1.0,0.0,2.0,19.0,3.0,0.0,2.0,0.06,0.0,7.0,1.0,0.0,0.0,2.0,0.6,0.0,0.0,2.0,0.0,1.0,0.0,1.0,2.0,0.9925003905002232,0.007499609499776843,4
195,5,3.0,0.0,1.0,1.0,0.0,2.0,19.0,3.0,0.0,1.0,0.06,0.0,7.0,1.0,0.0,0.0,2.0,0.6,0.0,0.0,2.0,0.0,1.0,0.0,1.0,2.0,0.9927248497266512,0.007275150273348782,5
195,6,19.0,0.0,1.0,1.0,0.0,2.0,19.0,3.0,0.0,2.0,0.06,0.0,7.0,1.0,0.0,5.0,2.0,2.0,0.0,3.97826086956522,2.0,0.0,1.0,0.0,1.0,2.0,0.5903170462630748,0.4096829537369252,1
195,7,0.0,0.0,8.0,1.0,0.0,2.0,19.0,3.0,0.0,2.0,0.06,0.0,7.0,1.0,0.0,5.0,2.0,125.5,0.0,3.97826086956522,2.0,0.0,1.0,0.0,1.0,2.0,0.9710155598920163,0.02898444010798374,3
195,8,0.0,0.0,8.0,1.0,0.0,2.0,19.0,3.0,0.0,2.0,0.06,0.0,7.0,1.0,0.0,5.0,2.0,125.5,0.0,25.0,2.0,0.0,1.0,0.0,1.0,2.0,0.981853394725635,0.01814660527436498,4
195,9,19.0,0.0,1.0,1.0,0.0,2.0,19.0,3.0,0.0,2.0,0.06,0.0,7.0,1.0,0.0,5.0,2.0,2.60869565217391,0.0,3.3,2.0,0.0,1.0,0.0,1.0,2.0,0.5846626912108466,0.41533730878915337,1
195,10,0.0,0.0,1.0,1.0,0.0,2.0,19.0,3.0,0.0,2.0,0.06,0.0,222.0,1.0,0.0,5.0,2.0,2.60869565217391,0.0,25.0,2.0,0.0,1.0,0.0,1.0,2.0,0.9525870685495524,0.04741293145044754,3
195,11,0.0,0.0,1.0,1.0,0.0,2.0,19.0,3.0,0.0,2.0,0.06,0.0,222.0,1.0,0.0,5.0,2.0,2.60869565217391,0.0,25.0,2.0,0.0,1.0,0.0,1.0,0.0,0.9619186815047445,0.0380813184952555,4
195,12,0.0,0.0,1.0,1.0,0.0,2.0,19.0,3.0,0.0,3.0,0.06,0.0,222.0,1.0,0.0,5.0,2.0,2.60869565217391,0.0,25.0,2.0,0.0,1.0,0.0,1.0,0.0,0.9646992067413129,0.03530079325868712,5
195,13,0.0,0.0,1.0,1.0,0.0,2.0,19.0,3.0,0.0,2.0,0.06,0.0,7.0,1.0,0.0,5.0,2.0,125.5,0.0,25.0,2.0,0.0,1.0,0.0,1.0,2.0,0.9708005517972339,0.029199448202766053,3
195,14,0.0,0.0,1.0,1.0,0.0,2.0,19.0,3.0,0.0,2.0,0.06,0.0,7.0,1.0,0.0,5.0,2.0,125.5,0.0,25.0,2.0,0.0,1.0,0.0,2.0,2.0,0.9739562349964395,0.026043765003560537,4
195,15,0.0,0.0,1.0,1.0,0.0,2.0,19.0,3.0,0.0,2.0,0.06,0.0,7.0,1.0,0.0,5.0,2.0,0.0,0.0,25.0,2.0,0.0,1.0,0.0,2.0,2.0,0.9778711534498761,0.022128846550123947,4
195,16,0.0,0.0,1.0,1.0,0.0,2.0,19.0,3.0,0.0,0.0,0.06,0.0,7.0,1.0,0.0,5.0,2.0,0.0,0.0,25.0,2.0,0.0,1.0,0.0,2.0,2.0,0.9789753341374489,0.021024665862551167,5
195,17,19.0,0.0,1.0,1.0,0.0,2.0,19.0,3.0,0.0,2.0,0.06,0.0,7.0,1.0,0.0,2.0,2.0,2.60869565217391,0.0,3.97826086956522,2.0,0.0,1.0,0.0,1.0,2.0,0.5555918237127311,0.444408176287269,1
195,18,19.0,0.0,1.0,1.0,0.0,2.0,19.0,3.0,0.0,2.0,0.06,0.0,7.0,1.0,0.0,0.0,2.0,2.60869565217391,0.0,0.0,2.0,0.0,1.0,0.0,1.0,2.0,0.9315704963463313,0.06842950365366872,2
195,19,19.0,0.0,1.0,1.0,0.0,2.0,19.0,3.0,0.0,2.0,0.06,0.0,7.0,1.0,0.0,0.0,0.0,2.60869565217391,0.0,0.0,2.0,0.0,1.0,0.0,1.0,2.0,0.9584357677678134,0.04156423223218665,3
223,0,13.0,0.0,1.0,0.0,1.0,3.0,167.0,2.0,97.0,3.0,0.08,2.0,111.0,2.0,0.0,4.0,3.0,8.38260869565217,1.0,8.49565217391304,1.0,0.0,0.518518518518518,1.0,4.0,8.0,0.5376371242331301,0.4623628757668698,1
223,1,0.0,0.0,1.0,0.0,1.0,3.0,167.0,2.0,97.0,3.0,0.08,2.0,111.0,2.0,0.0,0.0,3.0,8.38260869565217,1.0,8.49565217391304,1.0,0.0,0.518518518518518,1.0,4.0,8.0,0.9280130236183709,0.07198697638162913,2
223,2,0.0,0.0,1.0,0.0,1.0,3.0,167.0,2.0,97.0,3.0,0.08,2.0,111.0,2.0,0.0,0.0,3.0,8.38260869565217,1.0,3.3,1.0,0.0,0.518518518518518,1.0,4.0,8.0,0.9451996163966003,0.054800383603399644,3
223,3,0.0,0.0,1.0,0.0,1.0,3.0,167.0,2.0,97.0,3.0,0.7,2.0,111.0,2.0,0.0,0.0,3.0,8.38260869565217,1.0,3.3,1.0,0.0,0.518518518518518,1.0,4.0,8.0,0.9522156425327692,0.04778435746723078,4
223,4,0.0,0.0,1.0,0.0,1.0,3.0,167.0,2.0,97.0,3.0,0.7,2.0,111.0,3.0,0.0,0.0,3.0,8.38260869565217,1.0,3.3,1.0,0.0,0.518518518518518,1.0,4.0,8.0,0.9555978625554852,0.044402137444514815,5
223,5,0.0,0.0,1.0,0.0,1.0,3.0,167.0,2.0,97.0,3.0,0.08,2.0,111.0,2.0,0.0,0.0,3.0,8.38260869565217,1.0,8.49565217391304,1.0,0.0,0.0,1.0,4.0,8.0,0.9726837717634095,0.027316228236590568,3
223,6,0.0,0.0,1.0,0.0,1.0,3.0,167.0,2.0,97.0,3.0,0.7,2.0,111.0,2.0,0.0,0.0,3.0,8.38260869565217,1.0,8.49565217391304,1.0,0.0,0.0,1.0,4.0,8.0,0.9739345987960178,0.02606540120398214,4
223,7,13.0,0.0,1.0,0.0,1.0,3.0,167.0,2.0,97.0,3.0,0.08,2.0,111.0,2.0,0.0,0.0,3.0,8.38260869565217,1.0,2.3,1.0,0.0,0.518518518518518,1.0,4.0,8.0,0.8037898154450386,0.19621018455496142,2
223,8,13.0,0.0,1.0,0.0,1.0,3.0,167.0,2.0,97.0,3.0,0.08,2.0,111.0,2.0,0.0,0.0,3.0,8.38260869565217,24.0,2.3,1.0,0.0,0.518518518518518,1.0,4.0,8.0,0.8872472198514738,0.11275278014852623,3
223,9,13.0,0.0,1.0,0.0,2.0,3.0,167.0,2.0,97.0,3.0,0.08,2.0,111.0,2.0,0.0,0.0,3.0,8.38260869565217,24.0,2.3,1.0,0.0,0.518518518518518,1.0,4.0,8.0,0.9158906369782439,0.08410936302175609,4
223,10,13.0,0.0,1.0,0.0,2.0,3.0,167.0,2.0,97.0,3.0,0.08,2.0,111.0,3.0,0.0,0.0,3.0,8.38260869565217,24.0,2.3,1.0,0.0,0.518518518518518,1.0,4.0,8.0,0.9217631586238515,0.07823684137614845,5
223,11,0.0,0.0,1.0,0.0,2.0,3.0,167.0,2.0,97.0,3.0,0.08,2.0,111.0,2.0,0.0,0.0,3.0,8.38260869565217,1.0,8.49565217391304,1.0,0.0,0.0,1.0,4.0,8.0,0.9785549102750037,0.021445089724996303,4
223,12,0.0,0.0,1.0,0.0,2.0,3.0,167.0,2.0,97.0,3.0,0.08,2.0,111.0,2.0,0.0,0.0,3.0,8.38260869565217,1.0,3.3,1.0,0.0,0.0,1.0,4.0,8.0,0.9820713755605895,0.017928624439410405,5
223,13,0.0,0.0,1.0,0.0,23.0,3.0,167.0,2.0,97.0,3.0,0.08,2.0,111.0,2.0,0.0,0.0,3.0,8.38260869565217,1.0,3.3,1.0,0.0,0.0,1.0,4.0,8.0,0.9823896713702025,0.017610328629797542,5
223,14,13.0,0.0,1.0,0.0,23.0,3.0,167.0,2.0,97.0,3.0,0.08,2.0,111.0,2.0,0.0,0.0,3.0,8.38260869565217,1.0,8.49565217391304,1.0,0.0,0.518518518518518,1.0,4.0,8.0,0.7892440547887212,0.21075594521127888,2
223,15,13.0,0.0,1.0,0.0,23.0,3.0,167.0,2.0,97.0,3.0,0.08,2.0,111.0,3.0,0.0,0.0,3.0,8.38260869565217,1.0,8.49565217391304,1.0,0.0,0.518518518518518,1.0,4.0,8.0,0.8204516871791347,0.1795483128208652,3
223,16,13.0,0.0,1.0,0.0,23.0,3.0,167.0,2.0,97.0,3.0,0.08,2.0,111.0,3.0,0.0,0.0,3.0,6.0,1.0,8.49565217391304,1.0,0.0,0.518518518518518,1.0,4.0,8.0,0.8294320456429203,0.17056795435707978,4
223,17,13.0,0.0,1.0,0.0,23.0,3.0,167.0,2.0,97.0,3.0,0.08,2.0,111.0,3.0,0.0,0.0,6.0,6.0,1.0,8.49565217391304,1.0,0.0,0.518518518518518,1.0,4.0,8.0,0.8350361420884309,0.16496385791156906,5
223,18,13.0,0.0,1.0,0.0,1.0,3.0,167.0,2.0,0.0,3.0,0.08,2.0,111.0,2.0,0.0,0.0,3.0,8.38260869565217,1.0,8.49565217391304,1.0,0.0,0.518518518518518,1.0,4.0,8.0,0.9198283173861709,0.08017168261382908,2
223,19,13.0,0.0,1.0,0.0,1.0,3.0,167.0,2.0,0.0,3.0,0.7,2.0,111.0,2.0,0.0,0.0,3.0,8.38260869565217,1.0,8.49565217391304,1.0,0.0,0.518518518518518,1.0,4.0,8.0,0.9395882640748628,0.060411735925137204,3
256,0,5.0,0.0,1.0,3.0,1.0,2.0,283.0,2.0,2.0,30.0,0.33,0.0,108.0,3.0,3.0,11.0,2.0,9.75,1.0,3.73148148148148,1.0,0.0,0.333333333333333,0.0,4.0,7.0,0.7118881558337132,0.28811184416628677,1
256,1,5.0,0.0,1.0,3.0,1.0,2.0,283.0,2.0,2.0,6.0,0.33,0.0,108.0,3.0,3.0,24.0,2.0,9.75,1.0,3.73148148148148,1.0,0.0,0.333333333333333,0.0,4.0,7.0,0.7372651596728471,0.2627348403271529,1
256,2,5.0,0.0,1.0,3.0,1.0,2.0,283.0,2.0,2.0,1.0,0.33,0.0,108.0,3.0,3.0,0.0,2.0,4.3,1.0,3.73148148148148,1.0,0.0,0.333333333333333,0.0,4.0,7.0,0.9904576585649925,0.009542341435007555,3
256,3,5.0,0.0,1.0,3.0,1.0,2.0,283.0,3.0,2.0,1.0,0.33,0.0,108.0,3.0,3.0,0.0,2.0,4.3,1.0,3.73148148148148,1.0,0.0,0.333333333333333,0.0,4.0,7.0,0.9919737045602272,0.008026295439772898,4
256,4,5.0,0.0,1.0,3.0,1.0,2.0,283.0,3.0,2.0,1.0,0.33,0.0,108.0,3.0,3.0,0.0,2.0,4.3,0.0,3.73148148148148,1.0,0.0,0.333333333333333,0.0,4.0,7.0,0.9924299460647371,0.007570053935262886,5
256,5,5.0,0.0,1.0,3.0,1.0,2.0,283.0,2.0,2.0,1.0,0.33,0.0,108.0,3.0,3.0,24.0,2.0,9.75,1.0,3.73148148148148,1.0,0.0,0.333333333333333,0.0,4.0,7.0,0.7591225823670393,0.24087741763296072,1
256,6,5.0,0.0,1.0,3.0,1.0,2.0,283.0,2.0,2.0,1.0,0.33,0.0,108.0,3.0,3.0,24.0,2.0,9.75,1.0,3.73148148148148,1.0,0.0,0.333333333333333,0.0,1.0,7.0,0.8654803112580624,0.13451968874193765,2
256,7,5.0,0.0,1.0,3.0,1.0,2.0,283.0,2.0,2.0,1.0,0.33,0.0,108.0,3.0,3.0,24.0,2.0,9.75,1.0,2.0,1.0,0.0,0.333333333333333,0.0,1.0,7.0,0.9114964078033565,0.08850359219664349,3
256,8,5.0,0.0,1.0,3.0,1.0,2.0,283.0,3.0,2.0,1.0,0.33,0.0,108.0,3.0,3.0,24.0,2.0,9.75,1.0,2.0,1.0,0.0,0.333333333333333,0.0,1.0,7.0,0.9226968313452244,0.07730316865477561,4
256,9,5.0,0.0,1.0,3.0,1.0,2.0,283.0,3.0,2.0,1.0,0.33,0.0,108.0,3.0,3.0,24.0,2.0,9.75,1.0,2.0,1.0,0.0,0.0,0.0,1.0,7.0,0.9256866213176843,0.07431337868231566,5
256,10,5.0,0.0,1.0,3.0,1.0,2.0,283.0,2.0,2.0,30.0,0.33,0.0,108.0,3.0,3.0,0.0,2.0,9.75,1.0,3.73148148148148,1.0,0.0,0.333333333333333,0.0,4.0,2.0,0.9051919298004474,0.09480807019955256,2
256,11,5.0,0.0,1.0,3.0,1.0,2.0,283.0,2.0,2.0,30.0,0.33,0.0,108.0,3.0,3.0,0.0,2.0,9.75,24.0,3.73148148148148,1.0,0.0,0.333333333333333,0.0,4.0,2.0,0.9289655187190179,0.07103448128098207,3
256,12,5.0,0.0,1.0,3.0,23.0,2.0,283.0,2.0,2.0,30.0,0.33,0.0,108.0,3.0,3.0,0.0,2.0,9.75,24.0,3.73148148148148,1.0,0.0,0.333333333333333,0.0,4.0,2.0,0.9476906944069912,0.05230930559300879,4
256,13,5.0,0.0,1.0,3.0,23.0,2.0,283.0,2.0,2.0,30.0,0.5,0.0,108.0,3.0,3.0,0.0,2.0,9.75,24.0,3.73148148148148,1.0,0.0,0.333333333333333,0.0,4.0,2.0,0.9569532672569112,0.04304673274308878,5
256,14,5.0,0.0,1.0,3.0,1.0,2.0,283.0,2.0,2.0,30.0,0.33,0.0,108.0,3.0,3.0,24.0,2.0,4.3,1.0,3.73148148148148,1.0,0.0,0.333333333333333,0.0,4.0,7.0,0.6222450246936537,0.3777549753063462,1
256,15,5.0,0.0,1.0,3.0,1.0,2.0,283.0,3.0,2.0,30.0,0.33,0.0,108.0,3.0,3.0,24.0,2.0,9.75,1.0,3.73148148148148,1.0,0.0,0.333333333333333,0.0,4.0,7.0,0.5073481785033152,0.4926518214966849,1
256,16,5.0,0.0,1.0,3.0,1.0,2.0,283.0,37.0,2.0,30.0,0.33,0.0,108.0,3.0,3.0,24.0,2.0,2.3,1.0,3.73148148148148,1.0,0.0,0.333333333333333,0.0,2.0,7.0,0.848608222519009,0.15139177748099097,3
256,17,5.0,0.0,1.0,3.0,1.0,2.0,283.0,37.0,2.0,30.0,0.33,0.0,108.0,3.0,3.0,24.0,2.0,2.3,1.0,0.0,1.0,0.0,0.333333333333333,0.0,2.0,7.0,0.893170723811929,0.106829276188071,4
256,18,5.0,0.0,1.0,3.0,1.0,2.0,283.0,37.0,0.0,30.0,0.33,0.0,108.0,3.0,3.0,24.0,2.0,2.3,1.0,0.0,1.0,0.0,0.333333333333333,0.0,2.0,7.0,0.9079300676794734,0.09206993232052665,5
256,19,5.0,0.0,1.0,3.0,1.0,2.0,283.0,3.0,0.0,30.0,0.33,0.0,108.0,3.0,3.0,24.0,2.0,2.3,1.0,0.0,1.0,0.0,0.333333333333333,0.0,2.0,7.0,0.9107618452680851,0.0892381547319149,5
345,0,0.0,2.0,1.0,58.0,1.0,3.0,482.0,22.0,50.0,33.0,0.14,1.0,205.0,4.0,0.0,11.0,2.0,6.10091743119266,0.0,7.44495412844037,0.0,0.0,0.454545454545455,0.0,4.0,5.0,0.5460346014433359,0.453965398556664,2
345,1,0.0,2.0,1.0,58.0,1.0,3.0,482.0,22.0,50.0,33.0,0.14,1.0,205.0,4.0,0.0,0.0,2.0,6.10091743119266,0.0,7.44495412844037,0.0,0.0,0.0,0.0,4.0,5.0,0.8641515321789041,0.13584846782109591,3
345,2,0.0,2.0,1.0,58.0,1.0,3.0,482.0,22.0,50.0,33.0,0.14,1.0,205.0,4.0,0.0,0.0,2.0,6.10091743119266,0.0,3.3,0.0,0.0,0.0,0.0,4.0,5.0,0.8988110781376903,0.1011889218623097,4
345,3,0.0,2.0,1.0,58.0,1.0,3.0,482.0,22.0,50.0,33.0,0.7,1.0,205.0,4.0,0.0,0.0,2.0,6.10091743119266,0.0,3.3,0.0,0.0,0.0,0.0,4.0,5.0,0.9193813855596124,0.08061861444038769,5
345,4,3.0,2.0,1.0,58.0,1.0,3.0,482.0,22.0,50.0,33.0,0.14,1.0,205.0,4.0,0.0,6.0,2.0,6.10091743119266,0.0,7.44495412844037,0.0,0.0,0.454545454545455,0.0,4.0,5.0,0.5528064297207999,0.44719357027920015,2
345,5,3.0,2.0,1.0,58.0,1.0,3.0,482.0,22.0,50.0,33.0,0.7,1.0,205.0,4.0,0.0,0.0,2.0,6.10091743119266,0.0,2.3,0.0,0.0,0.0,0.0,4.0,5.0,0.9443652286556082,0.055634771344391716,5
345,6,0.0,2.0,1.0,58.0,1.0,3.0,482.0,22.0,50.0,1.0,0.14,1.0,205.0,4.0,0.0,0.0,2.0,6.10091743119266,0.0,7.44495412844037,0.0,0.0,0.454545454545455,0.0,4.0,5.0,0.9088405784392694,0.09115942156073066,3
345,7,0.0,2.0,1.0,58.0,1.0,3.0,482.0,22.0,50.0,1.0,0.14,1.0,205.0,4.0,0.0,0.0,2.0,6.10091743119266,0.0,1.0,0.0,0.0,0.454545454545455,0.0,4.0,5.0,0.9436638345773671,0.05633616542263289,4
345,8,0.0,2.0,1.0,58.0,1.0,3.0,482.0,0.0,50.0,1.0,0.14,1.0,205.0,4.0,0.0,0.0,2.0,6.10091743119266,0.0,1.0,0.0,0.0,0.454545454545455,0.0,4.0,5.0,0.9576081946581149,0.04239180534188518,5
345,9,0.0,2.0,1.0,58.0,1.0,3.0,482.0,0.0,50.0,1.0,0.14,1.0,205.0,4.0,0.0,0.0,2.0,6.10091743119266,0.0,3.3,0.0,0.0,0.454545454545455,0.0,4.0,5.0,0.9609048697016218,0.039095130298378154,5
345,10,0.0,2.0,1.0,58.0,1.0,3.0,482.0,22.0,50.0,33.0,0.14,1.0,205.0,4.0,0.0,0.0,2.0,6.10091743119266,2.0,7.44495412844037,0.0,0.0,0.0,0.0,4.0,5.0,0.8802818007435353,0.11971819925646465,4
345,11,0.0,2.0,1.0,58.0,23.0,3.0,482.0,22.0,50.0,33.0,0.14,1.0,205.0,4.0,0.0,0.0,2.0,6.10091743119266,2.0,7.44495412844037,0.0,0.0,0.0,0.0,4.0,5.0,0.8974016594808079,0.10259834051919219,5
345,12,3.0,2.0,1.0,58.0,23.0,3.0,482.0,22.0,50.0,33.0,0.14,1.0,205.0,4.0,0.0,0.0,2.0,6.10091743119266,2.0,7.44495412844037,0.0,0.0,0.0,0.0,4.0,5.0,0.8983603938815324,0.10163960611846758,5
345,13,3.0,2.0,1.0,58.0,23.0,3.0,482.0,22.0,50.0,33.0,0.14,1.0,205.0,4.0,0.0,0.0,2.0,6.10091743119266,24.0,7.44495412844037,0.0,0.0,0.0,0.0,4.0,5.0,0.8992945591777374,0.10070544082226258,5
345,14,0.0,2.0,1.0,58.0,1.0,3.0,482.0,22.0,50.0,33.0,0.14,1.0,205.0,4.0,0.0,0.0,2.0,6.10091743119266,0.0,7.44495412844037,0.0,0.0,0.0,0.0,1.0,5.0,0.9089606669746402,0.09103933302535987,4
345,15,0.0,2.0,1.0,58.0,1.0,3.0,482.0,22.0,50.0,33.0,0.14,1.0,205.0,4.0,0.0,0.0,2.0,6.10091743119266,0.0,3.3,0.0,0.0,0.0,0.0,1.0,5.0,0.9255074691364924,0.07449253086350766,5
345,16,3.0,2.0,1.0,58.0,1.0,3.0,482.0,22.0,50.0,33.0,0.14,1.0,205.0,4.0,0.0,0.0,2.0,6.10091743119266,0.0,3.3,0.0,0.0,0.0,0.0,1.0,5.0,0.9300812538486867,0.06991874615131334,5
345,17,3.0,2.0,1.0,58.0,1.0,3.0,482.0,22.0,50.0,33.0,0.14,1.0,205.0,4.0,0.0,0.0,2.0,6.10091743119266,0.0,1.0,0.0,0.0,0.0,0.0,1.0,5.0,0.9460327607280612,0.05396723927193885,5
345,18,0.0,2.0,1.0,58.0,1.0,3.0,482.0,22.0,50.0,33.0,0.14,1.0,205.0,4.0,0.0,0.0,2.0,6.10091743119266,0.0,3.3,0.0,0.0,0.454545454545455,0.0,4.0,5.0,0.8311251832918262,0.1688748167081738,3
345,19,0.0,2.0,1.0,58.0,23.0,3.0,482.0,22.0,50.0,33.0,0.14,1.0,205.0,4.0,0.0,0.0,2.0,6.10091743119266,0.0,3.3,0.0,0.0,0.454545454545455,0.0,4.0,5.0,0.8554884377949888,0.14451156220501116,4
356,0,1.0,0.0,1.0,1.0,0.0,2.0,30.0,1.0,3.0,2.0,0.32,1.0,11.0,1.0,0.0,11.0,2.0,3.09090909090909,0.0,5.0,0.0,0.0,1.0,0.0,4.0,0.0,0.6882122107498587,0.3117877892501413,1
356,1,1.0,0.0,1.0,1.0,0.0,2.0,30.0,1.0,3.0,2.0,0.32,1.0,11.0,1.0,0.0,0.0,2.0,3.09090909090909,0.0,5.0,0.0,0.0,0.0,0.0,4.0,0.0,0.9827118912326325,0.01728810876736747,2
356,2,1.0,0.0,1.0,1.0,0.0,2.0,30.0,1.0,3.0,2.0,0.32,1.0,11.0,1.0,0.0,0.0,2.0,3.09090909090909,0.0,1.5,0.0,0.0,0.0,0.0,4.0,0.0,0.9930712409327329,0.006928759067267081,3
356,3,1.0,0.0,1.0,1.0,0.0,2.0,30.0,1.0,3.0,2.0,0.32,1.0,11.0,1.0,0.0,0.0,2.0,0.0,0.0,1.5,0.0,0.0,0.0,0.0,4.0,0.0,0.9973074786839881,0.002692521316011965,4
356,4,1.0,0.0,1.0,1.0,0.0,2.0,30.0,1.0,3.0,2.0,0.32,1.0,11.0,1.0,0.0,0.0,2.0,0.0,0.0,1.5,0.0,0.0,0.0,0.0,3.0,0.0,0.9979065404312298,0.0020934595687701896,5
356,5,1.0,0.0,1.0,1.0,0.0,2.0,30.0,1.0,3.0,2.0,0.32,1.0,11.0,1.0,0.0,0.0,2.0,0.0,0.0,5.0,0.0,0.0,0.0,0.0,4.0,0.0,0.9919225214882736,0.008077478511726311,3
356,6,1.0,0.0,1.0,1.0,0.0,2.0,30.0,1.0,3.0,2.0,0.1,1.0,11.0,1.0,0.0,0.0,2.0,0.0,0.0,5.0,0.0,0.0,0.0,0.0,4.0,0.0,0.9931333256544758,0.006866674345524271,4
356,7,1.0,0.0,1.0,1.0,0.0,2.0,30.0,1.0,3.0,2.0,0.32,1.0,11.0,1.0,0.0,0.0,0.0,0.0,0.0,5.0,0.0,0.0,0.0,0.0,4.0,0.0,0.9930344194676889,0.006965580532311158,4
356,8,1.0,0.0,1.0,1.0,0.0,2.0,30.0,1.0,3.0,2.0,0.32,1.0,11.0,1.0,1.0,0.0,0.0,0.0,0.0,5.0,0.0,0.0,0.0,0.0,4.0,0.0,0.9930714164767808,0.006928583523219251,5
356,9,1.0,0.0,1.0,1.0,0.0,2.0,30.0,1.0,3.0,2.0,0.32,1.0,11.0,1.0,0.0,0.0,2.0,0.0,0.0,5.0,0.0,0.0,0.0,0.0,2.0,0.0,0.9945097179520663,0.005490282047933646,4
356,10,1.0,0.0,1.0,1.0,0.0,2.0,30.0,1.0,3.0,2.0,0.32,1.0,11.0,1.0,0.0,0.0,2.0,0.0,1.0,5.0,0.0,0.0,0.0,0.0,2.0,0.0,0.9946435998810802,0.005356400118919816,5
356,11,1.0,0.0,1.0,1.0,0.0,2.0,30.0,1.0,3.0,2.0,0.32,1.0,11.0,1.0,0.0,18.0,2.0,3.09090909090909,0.0,4.1,0.0,0.0,1.0,0.0,4.0,0.0,0.592233673995292,0.4077663260047079,1
356,12,1.0,0.0,1.0,1.0,0.0,2.0,30.0,1.0,3.0,2.0,0.32,1.0,11.0,1.0,0.0,18.0,2.0,3.09090909090909,0.0,0.0,0.0,0.0,0.0,0.0,4.0,0.0,0.9525002817256878,0.04749971827431225,2
356,13,1.0,0.0,1.0,1.0,0.0,2.0,30.0,1.0,3.0,2.0,0.7,1.0,11.0,1.0,0.0,18.0,2.0,3.09090909090909,0.0,0.0,0.0,0.0,0.0,0.0,4.0,0.0,0.970477132451242,0.02952286754875803,3
356,14,1.0,0.0,1.0,1.0,0.0,2.0,30.0,1.0,3.0,2.0,0.7,1.0,222.0,1.0,0.0,18.0,2.0,3.09090909090909,0.0,0.0,0.0,0.0,0.0,0.0,4.0,0.0,0.9764554800530971,0.02354451994690283,4
356,15,1.0,0.0,1.0,1.0,0.0,2.0,30.0,1.0,3.0,2.0,0.7,1.0,222.0,1.0,1.0,18.0,2.0,3.09090909090909,0.0,0.0,0.0,0.0,0.0,0.0,4.0,0.0,0.9806232525525093,0.019376747447490773,5
356,16,1.0,0.0,1.0,1.0,0.0,2.0,30.0,1.0,3.0,2.0,0.32,1.0,11.0,1.0,0.0,18.0,2.0,0.0,0.0,0.0,0.0,0.0,1.0,0.0,4.0,0.0,0.9506524304578405,0.049347569542159415,2
356,17,1.0,0.0,1.0,1.0,0.0,2.0,30.0,1.0,1.0,2.0,0.32,1.0,11.0,1.0,0.0,18.0,2.0,0.0,0.0,0.0,0.0,0.0,1.0,0.0,4.0,0.0,0.9630068711208417,0.03699312887915825,3
356,18,1.0,0.0,8.0,1.0,0.0,2.0,30.0,1.0,1.0,2.0,0.32,1.0,11.0,1.0,0.0,18.0,2.0,0.0,0.0,0.0,0.0,0.0,1.0,0.0,4.0,0.0,0.9667404223993058,0.0332595776006942,4
356,19,1.0,0.0,8.0,1.0,0.0,2.0,30.0,1.0,1.0,1.0,0.32,1.0,11.0,1.0,0.0,18.0,2.0,0.0,0.0,0.0,0.0,0.0,1.0,0.0,4.0,0.0,0.9677107809269565,0.03228921907304348,5
363,0,12.0,1.0,2.0,0.0,1.0,3.0,75.0,2.0,2.0,11.0,0.21,1.0,29.0,3.0,0.0,11.0,1.0,3.75862068965517,1.0,6.72413793103448,1.0,0.0,1.0,0.0,3.0,2.0,0.6065374253493863,0.3934625746506137,1
363,1,12.0,1.0,2.0,0.0,1.0,3.0,75.0,2.0,2.0,11.0,0.21,1.0,29.0,3.0,0.0,0.0,1.0,125.5,1.0,6.72413793103448,1.0,0.0,1.0,0.0,3.0,2.0,0.9332309754403543,0.06676902455964573,2
363,2,3.0,1.0,2.0,0.0,1.0,3.0,75.0,2.0,2.0,11.0,0.21,1.0,29.0,3.0,0.0,0.0,1.0,125.5,1.0,6.72413793103448,1.0,0.0,1.0,0.0,3.0,2.0,0.9488846456980881,0.05111535430191189,3
363,3,3.0,1.0,2.0,0.0,1.0,3.0,75.0,2.0,2.0,11.0,0.5,1.0,29.0,3.0,0.0,0.0,1.0,125.5,1.0,6.72413793103448,1.0,0.0,1.0,0.0,3.0,2.0,0.9597249636474529,0.04027503635254713,4
363,4,3.0,1.0,2.0,0.0,1.0,3.0,75.0,2.0,2.0,11.0,0.5,1.0,29.0,3.0,0.0,0.0,1.0,125.5,1.0,1.5,1.0,0.0,1.0,0.0,3.0,2.0,0.9617177477255212,0.0382822522744788,5
363,5,3.0,1.0,2.0,0.0,1.0,3.0,75.0,2.0,2.0,11.0,0.5,1.0,29.0,3.0,0.0,0.0,1.0,1.4,1.0,1.5,1.0,0.0,1.0,0.0,3.0,2.0,0.9815104049110026,0.018489595088997394,5
363,6,0.0,1.0,2.0,0.0,1.0,3.0,75.0,2.0,2.0,11.0,0.21,1.0,29.0,3.0,0.0,0.0,1.0,3.75862068965517,1.0,6.72413793103448,1.0,0.0,1.0,0.0,3.0,2.0,0.9184558486259798,0.08154415137402014,2
363,7,0.0,1.0,2.0,0.0,1.0,3.0,0.0,2.0,2.0,11.0,0.21,1.0,29.0,3.0,0.0,0.0,1.0,3.75862068965517,1.0,6.72413793103448,1.0,0.0,1.0,0.0,3.0,2.0,0.9299377648903023,0.07006223510969765,3
363,8,12.0,1.0,2.0,0.0,1.0,3.0,75.0,2.0,2.0,11.0,0.21,1.0,29.0,3.0,0.0,0.0,1.0,3.75862068965517,1.0,6.72413793103448,1.0,0.0,1.0,0.0,3.0,0.0,0.9177994549058475,0.08220054509415252,2
363,9,12.0,1.0,2.0,0.0,1.0,3.0,75.0,2.0,2.0,11.0,0.21,13.0,29.0,3.0,0.0,0.0,1.0,3.75862068965517,1.0,6.72413793103448,1.0,0.0,1.0,0.0,3.0,0.0,0.9334109056266517,0.06658909437334823,3
363,10,12.0,1.0,2.0,0.0,1.0,3.0,75.0,2.0,2.0,11.0,0.5,13.0,29.0,3.0,0.0,0.0,1.0,3.75862068965517,1.0,6.72413793103448,1.0,0.0,1.0,0.0,3.0,0.0,0.9431946738588614,0.056805326141138604,4
363,11,12.0,1.0,2.0,0.0,23.0,3.0,75.0,2.0,2.0,11.0,0.5,13.0,29.0,3.0,0.0,0.0,1.0,3.75862068965517,1.0,6.72413793103448,1.0,0.0,1.0,0.0,3.0,0.0,0.9457937105879024,0.05420628941209756,5
363,12,0.0,1.0,2.0,0.0,1.0,3.0,75.0,2.0,2.0,11.0,0.21,1.0,29.0,3.0,0.0,0.0,1.0,3.75862068965517,1.0,6.72413793103448,2.0,0.0,1.0,0.0,3.0,2.0,0.945718435953617,0.05428156404638295,3
363,13,12.0,1.0,2.0,0.0,1.0,3.0,75.0,2.0,2.0,11.0,0.5,1.0,29.0,3.0,0.0,0.0,1.0,125.5,1.0,6.72413793103448,1.0,0.0,1.0,0.0,3.0,2.0,0.9454693752494226,0.054530624750577385,3
363,14,12.0,1.0,2.0,0.0,1.0,3.0,75.0,2.0,0.0,11.0,0.5,1.0,29.0,3.0,0.0,0.0,1.0,125.5,1.0,6.72413793103448,1.0,0.0,1.0,0.0,3.0,2.0,0.9557650871627605,0.04423491283723944,4
363,15,12.0,1.0,2.0,0.0,1.0,3.0,75.0,2.0,2.0,11.0,0.21,1.0,29.0,3.0,0.0,28.0,1.0,1.4,1.0,6.72413793103448,1.0,0.0,1.0,0.0,3.0,2.0,0.5020673484513345,0.49793265154866545,1
363,16,12.0,1.0,2.0,0.0,1.0,3.0,0.0,2.0,2.0,11.0,0.21,1.0,29.0,3.0,0.0,28.0,1.0,1.4,1.0,6.72413793103448,1.0,0.0,1.0,0.0,3.0,2.0,0.5942819334980838,0.40571806650191616,2
363,17,12.0,1.0,2.0,0.0,23.0,3.0,0.0,2.0,2.0,11.0,0.21,1.0,29.0,3.0,0.0,28.0,1.0,1.4,1.0,6.72413793103448,1.0,0.0,1.0,0.0,3.0,2.0,0.6429044649340165,0.3570955350659835,3
363,18,12.0,1.0,2.0,0.0,23.0,3.0,75.0,2.0,2.0,11.0,0.21,1.0,29.0,3.0,0.0,28.0,1.0,2.0,1.0,6.72413793103448,1.0,0.0,1.0,0.0,3.0,2.0,0.5627660074082065,0.4372339925917935,2
363,19,12.0,1.0,2.0,0.0,23.0,3.0,0.0,2.0,2.0,11.0,0.21,1.0,29.0,3.0,0.0,28.0,1.0,125.5,1.0,6.72413793103448,1.0,3.0,1.0,0.0,3.0,2.0,0.7250732054208925,0.2749267945791075,4
364,0,0.0,1.0,2.0,6.0,0.0,3.0,77.0,16.0,14.0,4.0,0.09,1.0,57.0,1.0,2.0,11.0,3.0,4.03389830508475,0.0,6.74576271186441,0.0,0.0,0.407407407407407,1.0,4.0,6.0,0.5615186450160279,0.4384813549839721,2
364,1,0.0,1.0,2.0,6.0,0.0,3.0,77.0,16.0,14.0,4.0,0.09,1.0,57.0,1.0,2.0,0.0,3.0,4.03389830508475,0.0,6.74576271186441,0.0,0.0,0.0,1.0,4.0,6.0,0.9353243765502058,0.06467562344979415,3
364,2,0.0,1.0,2.0,6.0,0.0,3.0,77.0,16.0,14.0,4.0,0.09,1.0,57.0,1.0,2.0,0.0,3.0,4.03389830508475,0.0,3.3,0.0,0.0,0.0,1.0,4.0,6.0,0.9631243288942685,0.03687567110573156,4
364,3,0.0,1.0,2.0,6.0,0.0,3.0,77.0,16.0,14.0,4.0,0.7,1.0,57.0,1.0,2.0,0.0,3.0,4.03389830508475,0.0,3.3,0.0,0.0,0.0,1.0,4.0,6.0,0.9774077561867549,0.02259224381324506,5
364,4,0.0,1.0,2.0,6.0,0.0,3.0,77.0,16.0,0.0,4.0,0.09,1.0,57.0,1.0,2.0,0.0,3.0,4.03389830508475,0.0,6.74576271186441,0.0,0.0,0.407407407407407,1.0,4.0,6.0,0.9614775428065715,0.038522457193428554,3
364,5,0.0,1.0,2.0,6.0,0.0,3.0,77.0,16.0,0.0,4.0,0.09,1.0,57.0,1.0,2.0,0.0,3.0,4.03389830508475,0.0,6.74576271186441,0.0,0.0,0.0,1.0,4.0,6.0,0.986557374614611,0.013442625385388962,4
364,6,0.0,1.0,2.0,6.0,0.0,3.0,18.0,16.0,0.0,4.0,0.09,1.0,57.0,1.0,2.0,0.0,3.0,4.03389830508475,0.0,6.74576271186441,0.0,0.0,0.0,1.0,4.0,6.0,0.9896067594968684,0.010393240503131628,5
364,7,18.0,1.0,2.0,6.0,0.0,3.0,77.0,16.0,14.0,4.0,0.09,1.0,57.0,1.0,2.0,1.0,3.0,4.03389830508475,0.0,3.3,0.0,0.0,0.407407407407407,1.0,4.0,6.0,0.5340342259063598,0.46596577409364015,2
364,8,18.0,1.0,2.0,6.0,0.0,3.0,77.0,16.0,14.0,1.0,0.09,1.0,57.0,1.0,2.0,0.0,3.0,4.03389830508475,0.0,1.0,0.0,0.0,0.407407407407407,1.0,4.0,6.0,0.7379610857935286,0.2620389142064714,3
364,9,18.0,1.0,2.0,6.0,0.0,3.0,77.0,16.0,14.0,1.0,2.4,1.0,57.0,1.0,2.0,0.0,3.0,4.03389830508475,0.0,1.0,0.0,0.0,0.407407407407407,1.0,4.0,6.0,0.8192439626719921,0.18075603732800788,4
364,10,18.0,1.0,2.0,6.0,0.0,3.0,77.0,16.0,14.0,1.0,2.4,1.0,57.0,1.0,2.0,0.0,3.0,4.03389830508475,0.0,2.3,0.0,0.0,0.407407407407407,1.0,4.0,6.0,0.8304180679501182,0.16958193204988178,4
364,11,18.0,1.0,2.0,6.0,0.0,3.0,77.0,16.0,14.0,1.0,2.4,1.0,57.0,1.0,2.0,0.0,3.0,4.03389830508475,1.0,2.3,0.0,0.0,0.407407407407407,1.0,4.0,6.0,0.8316682162840039,0.16833178371599605,5
364,12,0.0,1.0,2.0,6.0,2.0,3.0,77.0,16.0,14.0,4.0,0.09,1.0,57.0,1.0,2.0,0.0,3.0,4.03389830508475,0.0,3.3,0.0,0.0,0.0,1.0,4.0,6.0,0.9713921378744009,0.02860786212559908,5
364,13,0.0,1.0,2.0,6.0,0.0,3.0,77.0,16.0,14.0,3.0,0.09,1.0,57.0,6.0,2.0,45.0,3.0,4.03389830508475,0.0,6.74576271186441,0.0,0.0,0.407407407407407,1.0,4.0,6.0,0.5154330026442611,0.48456699735573894,3
364,14,0.0,1.0,2.0,6.0,0.0,3.0,77.0,16.0,14.0,1.0,0.7,1.0,57.0,6.0,2.0,45.0,3.0,4.03389830508475,0.0,6.74576271186441,0.0,0.0,0.407407407407407,1.0,4.0,6.0,0.6795370754652355,0.32046292453476455,4
364,15,0.0,1.0,2.0,6.0,0.0,3.0,77.0,16.0,14.0,2.0,0.09,1.0,57.0,3.0,2.0,45.0,3.0,4.03389830508475,0.0,6.74576271186441,0.0,0.0,0.407407407407407,1.0,4.0,6.0,0.5559550072572274,0.44404499274277265,3
364,16,0.0,1.0,2.0,6.0,0.0,3.0,77.0,16.0,14.0,1.0,0.7,1.0,57.0,3.0,2.0,45.0,3.0,4.03389830508475,0.0,6.74576271186441,2.0,0.0,0.407407407407407,1.0,4.0,6.0,0.7745307961187442,0.2254692038812558,5
364,17,0.0,1.0,2.0,6.0,0.0,3.0,77.0,16.0,14.0,4.0,0.09,1.0,57.0,1.0,2.0,0.0,3.0,4.03389830508475,0.0,3.3,0.0,0.0,0.407407407407407,1.0,4.0,6.0,0.881002114380554,0.11899788561944598,3
364,18,0.0,1.0,2.0,216.0,0.0,3.0,77.0,16.0,14.0,4.0,0.09,1.0,57.0,1.0,2.0,0.0,3.0,4.03389830508475,0.0,3.3,0.0,0.0,0.407407407407407,1.0,4.0,6.0,0.9119345035190611,0.08806549648093885,4
364,19,0.0,1.0,2.0,216.0,0.0,3.0,77.0,16.0,14.0,4.0,0.09,1.0,57.0,1.0,2.0,0.0,3.0,4.03389830508475,0.0,4.1,0.0,0.0,0.407407407407407,1.0,4.0,6.0,0.9143875669893965,0.0856124330106035,4
397,0,6.0,0.0,4.0,0.0,0.0,4.0,27.0,1.0,7.0,10.0,0.11,0.0,16.0,4.0,0.0,11.0,1.0,3.6875,1.0,7.4375,1.0,0.0,0.571428571428571,0.0,1.0,2.0,0.5133236274687484,0.4866763725312516,1
397,1,6.0,0.0,4.0,0.0,0.0,4.0,27.0,1.0,7.0,10.0,0.11,0.0,16.0,4.0,0.0,0.0,1.0,3.6875,1.0,1.5,1.0,0.0,0.571428571428571,0.0,1.0,2.0,0.9403485492827255,0.05965145071727447,2
397,2,6.0,0.0,4.0,0.0,0.0,4.0,27.0,1.0,7.0,10.0,0.11,0.0,16.0,4.0,0.0,0.0,1.0,0.0,1.0,1.5,1.0,0.0,0.571428571428571,0.0,1.0,2.0,0.9790540869085582,0.020945913091441823,3
397,3,6.0,0.0,4.0,0.0,0.0,4.0,27.0,1.0,7.0,10.0,85.6,0.0,16.0,4.0,0.0,0.0,1.0,0.0,1.0,1.5,1.0,0.0,0.571428571428571,0.0,1.0,2.0,0.9870057204246467,0.012994279575353302,4
397,4,6.0,0.0,4.0,0.0,0.0,4.0,27.0,1.0,7.0,10.0,85.6,0.0,16.0,4.0,0.0,0.0,1.0,3.6875,1.0,1.5,1.0,0.0,0.571428571428571,0.0,1.0,2.0,0.9662748893248128,0.03372511067518728,3
397,5,6.0,0.0,4.0,0.0,0.0,4.0,27.0,1.0,7.0,10.0,85.6,0.0,16.0,4.0,0.0,0.0,1.0,3.6875,1.0,1.5,1.0,0.0,0.0,0.0,1.0,2.0,0.9801785671182924,0.01982143288170757,4
397,6,6.0,0.0,4.0,0.0,0.0,4.0,27.0,1.0,7.0,10.0,85.6,0.0,16.0,2.0,0.0,0.0,1.0,3.6875,1.0,1.5,1.0,0.0,0.0,0.0,1.0,2.0,0.984426611988303,0.015573388011697092,5
397,7,6.0,0.0,4.0,0.0,0.0,4.0,27.0,1.0,7.0,10.0,0.11,0.0,16.0,4.0,0.0,0.0,1.0,1.4,1.0,7.4375,1.0,0.0,0.571428571428571,0.0,1.0,2.0,0.927633813492902,0.07236618650709804,2
397,8,6.0,0.0,4.0,0.0,0.0,4.0,27.0,1.0,7.0,10.0,85.6,0.0,16.0,4.0,0.0,0.0,1.0,1.4,1.0,7.4375,1.0,0.0,0.571428571428571,0.0,1.0,2.0,0.9533473481346414,0.046652651865358635,3
397,9,6.0,0.0,4.0,0.0,0.0,4.0,27.0,1.0,7.0,10.0,85.6,0.0,16.0,4.0,0.0,0.0,1.0,1.4,1.0,7.4375,2.0,0.0,0.571428571428571,0.0,1.0,2.0,0.9691823416780873,0.030817658321912765,4
397,10,6.0,0.0,4.0,2.0,0.0,4.0,27.0,1.0,7.0,10.0,85.6,0.0,16.0,4.0,0.0,0.0,1.0,1.4,1.0,7.4375,2.0,0.0,0.571428571428571,0.0,1.0,2.0,0.9741843438488225,0.0258156561511775,5
397,11,6.0,0.0,4.0,0.0,0.0,4.0,27.0,1.0,7.0,10.0,0.11,0.0,16.0,4.0,0.0,21.0,1.0,3.6875,1.0,2.0,1.0,0.0,0.571428571428571,0.0,1.0,2.0,0.5455312325785318,0.45446876742146824,1
397,12,6.0,0.0,4.0,0.0,0.0,4.0,27.0,1.0,7.0,10.0,0.11,0.0,16.0,4.0,0.0,21.0,1.0,0.0,1.0,0.0,1.0,0.0,0.571428571428571,0.0,1.0,2.0,0.8321584822276569,0.16784151777234307,2
397,13,0.0,0.0,4.0,0.0,0.0,4.0,27.0,1.0,7.0,10.0,0.11,0.0,16.0,4.0,0.0,21.0,1.0,0.0,1.0,0.0,1.0,0.0,0.571428571428571,0.0,1.0,2.0,0.9239592260482214,0.07604077395177859,3
397,14,0.0,0.0,4.0,0.0,0.0,4.0,27.0,1.0,7.0,10.0,0.0,0.0,16.0,4.0,0.0,21.0,1.0,0.0,1.0,0.0,1.0,0.0,0.571428571428571,0.0,1.0,2.0,0.9293875518892688,0.07061244811073115,4
397,15,0.0,0.0,4.0,0.0,0.0,4.0,27.0,1.0,7.0,10.0,0.0,0.0,0.0,4.0,0.0,21.0,1.0,0.0,1.0,0.0,1.0,0.0,0.571428571428571,0.0,1.0,2.0,0.930661311556113,0.06933868844388702,5
397,16,6.0,0.0,4.0,0.0,0.0,4.0,27.0,1.0,7.0,10.0,85.6,0.0,3.0,4.0,0.0,21.0,1.0,3.6875,1.0,7.4375,1.0,0.0,0.571428571428571,0.0,1.0,2.0,0.5089828364990385,0.4910171635009615,2
397,17,6.0,0.0,4.0,0.0,0.0,4.0,27.0,1.0,7.0,10.0,85.6,0.0,16.0,4.0,0.0,0.0,1.0,0.0,1.0,1.5,0.0,0.0,0.571428571428571,0.0,1.0,2.0,0.9883473009676886,0.011652699032311399,5
397,18,1.0,0.0,4.0,0.0,0.0,4.0,27.0,1.0,7.0,10.0,0.5,0.0,16.0,4.0,0.0,21.0,1.0,3.6875,1.0,7.4375,1.0,0.0,0.571428571428571,0.0,1.0,2.0,0.5074859761127659,0.49251402388723414,2
397,19,6.0,0.0,4.0,0.0,0.0,4.0,27.0,1.0,7.0,10.0,2.4,0.0,16.0,4.0,1.0,21.0,1.0,3.6875,1.0,7.4375,1.0,0.0,0.571428571428571,0.0,1.0,2.0,0.5325897258531034,0.4674102741468966,2
450,0,0.0,0.0,1.0,1.0,0.0,2.0,29.0,4.0,0.0,2.0,0.38,0.0,8.0,5.0,2.0,8.0,1.0,5.44444444444444,4.0,4.33333333333333,2.0,0.0,0.5,0.0,1.0,0.0,0.6529489291471058,0.34705107085289416,1
450,1,0.0,0.0,1.0,1.0,0.0,2.0,29.0,4.0,0.0,2.0,0.38,0.0,8.0,4.0,2.0,8.0,1.0,5.44444444444444,4.0,4.33333333333333,2.0,0.0,1.0,0.0,1.0,0.0,0.5781753325985706,0.4218246674014295,1
450,2,0.0,0.0,1.0,1.0,0.0,2.0,29.0,4.0,0.0,2.0,0.38,0.0,8.0,5.0,2.0,1.0,1.0,5.44444444444444,4.0,4.33333333333333,2.0,0.0,1.0,0.0,1.0,0.0,0.5287217173450058,0.47127828265499416,1
450,3,0.0,0.0,1.0,1.0,0.0,2.0,29.0,4.0,0.0,2.0,0.38,0.0,8.0,2.0,2.0,0.0,1.0,0.6,4.0,4.33333333333333,2.0,0.0,0.0,0.0,1.0,0.0,0.9975974897448956,0.0024025102551044277,4
450,4,0.0,0.0,1.0,1.0,0.0,2.0,29.0,4.0,0.0,2.0,0.38,0.0,8.0,5.0,2.0,8.0,1.0,2.0,4.0,4.33333333333333,2.0,0.0,1.0,0.0,1.0,0.0,0.6244673524235541,0.3755326475764459,1
450,5,0.0,0.0,1.0,1.0,0.0,2.0,29.0,4.0,0.0,2.0,0.38,0.0,8.0,5.0,2.0,0.0,1.0,0.6,4.0,4.33333333333333,2.0,0.0,0.0,0.0,1.0,0.0,0.9906674046835587,0.009332595316441301,3
450,6,0.0,0.0,1.0,1.0,1.0,2.0,29.0,4.0,0.0,2.0,0.38,0.0,8.0,5.0,2.0,0.0,1.0,0.6,4.0,4.33333333333333,2.0,0.0,0.0,0.0,1.0,0.0,0.991394997158199,0.008605002841800945,4
450,7,0.0,0.0,1.0,1.0,0.0,2.0,29.0,4.0,0.0,2.0,0.38,0.0,222.0,5.0,2.0,8.0,1.0,5.44444444444444,4.0,4.33333333333333,2.0,0.0,0.0,0.0,1.0,0.0,0.9670751123282466,0.03292488767175342,2
450,8,0.0,0.0,1.0,1.0,0.0,2.0,29.0,4.0,0.0,2.0,0.38,0.0,222.0,5.0,2.0,0.0,1.0,5.44444444444444,4.0,4.33333333333333,2.0,0.0,0.0,0.0,1.0,0.0,0.9858811802451,0.014118819754900019,3
450,9,0.0,0.0,8.0,1.0,0.0,2.0,29.0,4.0,0.0,2.0,0.38,0.0,8.0,5.0,2.0,0.0,1.0,0.6,4.0,4.33333333333333,2.0,0.0,0.0,0.0,1.0,0.0,0.9912134280710289,0.0087865719289711,4
450,10,0.0,0.0,8.0,1.0,0.0,2.0,29.0,4.0,0.0,2.0,0.38,0.0,8.0,5.0,2.0,0.0,1.0,1.4,4.0,4.33333333333333,2.0,0.0,0.0,0.0,1.0,0.0,0.9915388488097305,0.008461151190269429,4
450,11,0.0,0.0,1.0,1.0,0.0,2.0,29.0,4.0,0.0,2.0,0.38,0.0,8.0,1.0,2.0,8.0,1.0,5.44444444444444,4.0,4.33333333333333,2.0,0.0,1.0,0.0,1.0,0.0,0.8450854209368603,0.15491457906313968,1
450,12,0.0,0.0,1.0,1.0,0.0,2.0,29.0,4.0,0.0,2.0,0.38,0.0,8.0,1.0,2.0,8.0,1.0,0.6,4.0,4.33333333333333,2.0,0.0,1.0,0.0,1.0,0.0,0.9425500434983175,0.057449956501682456,2
450,13,0.0,0.0,1.0,1.0,0.0,2.0,29.0,4.0,0.0,2.0,0.38,0.0,222.0,1.0,2.0,8.0,1.0,0.6,4.0,4.33333333333333,2.0,0.0,1.0,0.0,1.0,0.0,0.9660305997968662,0.03396940020313382,3
450,14,0.0,0.0,1.0,1.0,0.0,2.0,29.0,4.0,0.0,2.0,0.38,0.0,222.0,5.0,2.0,8.0,1.0,5.44444444444444,4.0,5.6,2.0,0.0,1.0,0.0,1.0,0.0,0.609428561208754,0.39057143879124606,2
450,15,0.0,0.0,1.0,1.0,0.0,2.0,29.0,4.0,0.0,2.0,0.38,0.0,222.0,0.0,2.0,8.0,1.0,0.6,4.0,25.0,2.0,0.0,1.0,0.0,1.0,0.0,0.9771752619457349,0.022824738054265062,4
450,16,0.0,0.0,1.0,1.0,0.0,2.0,29.0,4.0,0.0,2.0,0.38,0.0,222.0,0.0,2.0,8.0,1.0,1.4,4.0,25.0,2.0,0.0,1.0,0.0,1.0,0.0,0.9773363301780689,0.022663669821931152,4
450,17,0.0,0.0,1.0,1.0,0.0,2.0,29.0,4.0,0.0,2.0,0.38,0.0,8.0,1.0,2.0,0.0,1.0,5.44444444444444,4.0,4.33333333333333,2.0,0.0,1.0,0.0,1.0,0.0,0.936306340910284,0.06369365908971603,2
450,18,0.0,0.0,1.0,1.0,0.0,2.0,29.0,4.0,0.0,2.0,0.38,0.0,222.0,1.0,2.0,0.0,1.0,5.44444444444444,4.0,4.33333333333333,2.0,0.0,1.0,0.0,1.0,0.0,0.9655449452084511,0.03445505479154889,3
450,19,0.0,0.0,1.0,1.0,0.0,3.0,29.0,4.0,0.0,2.0,0.38,0.0,222.0,1.0,2.0,0.0,1.0,5.44444444444444,4.0,4.33333333333333,2.0,0.0,1.0,0.0,1.0,0.0,0.9673953318097103,0.03260466819028978,4
451,0,0.0,0.0,1.0,0.0,0.0,2.0,22.0,1.0,0.0,0.0,1.69,0.0,2.0,3.0,0.0,3.0,1.0,3.5,3.0,3.0,2.0,0.0,0.5,0.0,1.0,0.0,0.8752204577108066,0.12477954228919337,1
451,1,0.0,0.0,1.0,0.0,0.0,2.0,22.0,1.0,0.0,0.0,1.69,0.0,2.0,2.0,0.0,3.0,1.0,3.5,3.0,3.0,2.0,0.0,1.0,0.0,1.0,0.0,0.5638350449418179,0.43616495505818215,1
451,2,0.0,0.0,1.0,0.0,0.0,2.0,22.0,1.0,0.0,0.0,1.69,0.0,2.0,0.0,0.0,0.0,1.0,3.5,3.0,3.0,2.0,0.0,0.0,0.0,1.0,0.0,0.991731233754939,0.008268766245061038,3
451,3,0.0,0.0,1.0,0.0,0.0,2.0,22.0,1.0,0.0,0.0,1.69,0.0,2.0,0.0,0.0,0.0,1.0,3.5,3.0,5.6,2.0,0.0,0.0,0.0,1.0,0.0,0.9938693241661767,0.006130675833823341,4
451,4,0.0,0.0,1.0,0.0,0.0,2.0,22.0,1.0,0.0,0.0,1.69,0.0,2.0,0.0,0.0,0.0,1.0,3.5,1.0,5.6,2.0,0.0,0.0,0.0,1.0,0.0,0.9946427540759754,0.005357245924024623,5
451,5,0.0,0.0,1.0,0.0,0.0,2.0,22.0,1.0,0.0,0.0,1.69,0.0,2.0,3.0,0.0,3.0,1.0,2.0,3.0,3.0,2.0,0.0,1.0,0.0,1.0,0.0,0.5634148835471946,0.43658511645280546,1
451,6,0.0,0.0,1.0,0.0,0.0,2.0,22.0,1.0,0.0,0.0,1.69,0.0,2.0,3.0,0.0,3.0,1.0,125.5,3.0,3.0,2.0,0.0,0.0,0.0,4.0,0.0,0.9919108137344284,0.008089186265571627,3
451,7,0.0,0.0,1.0,0.0,0.0,2.0,22.0,1.0,1.0,0.0,1.69,0.0,2.0,3.0,0.0,3.0,1.0,125.5,3.0,3.0,2.0,0.0,0.0,0.0,4.0,0.0,0.9924810065720702,0.007518993427929831,4
451,8,0.0,0.0,1.0,0.0,0.0,2.0,22.0,1.0,1.0,0.0,1.69,0.0,2.0,3.0,0.0,4.0,1.0,125.5,3.0,3.0,2.0,0.0,0.0,0.0,4.0,0.0,0.9929123286588272,0.007087671341172809,5
451,9,0.0,0.0,1.0,0.0,0.0,2.0,22.0,1.0,0.0,0.0,1.69,0.0,2.0,3.0,0.0,3.0,1.0,3.5,3.0,3.0,2.0,0.0,1.0,0.0,4.0,0.0,0.5677447230243393,0.4322552769756607,1
451,10,0.0,0.0,1.0,0.0,0.0,2.0,22.0,1.0,0.0,0.0,1.69,0.0,2.0,3.0,1.0,3.0,1.0,3.5,3.0,3.0,2.0,0.0,0.0,0.0,4.0,0.0,0.9907918864783293,0.009208113521670766,3
451,11,0.0,0.0,1.0,0.0,0.0,2.0,22.0,1.0,0.0,0.0,1.69,0.0,2.0,3.0,0.0,1.0,1.0,3.5,3.0,3.0,2.0,0.0,1.0,0.0,1.0,0.0,0.6812483305550728,0.31875166944492717,1
451,12,0.0,0.0,1.0,0.0,0.0,2.0,22.0,1.0,0.0,0.0,1.69,0.0,2.0,0.0,0.0,0.0,1.0,3.5,3.0,3.0,2.0,0.0,1.0,0.0,1.0,0.0,0.8877212547825819,0.11227874521741815,2
451,13,0.0,0.0,1.0,0.0,0.0,2.0,22.0,1.0,0.0,0.0,1.69,0.0,2.0,0.0,0.0,0.0,1.0,3.5,1.0,3.0,2.0,0.0,1.0,0.0,1.0,0.0,0.9475171970961813,0.05248280290381863,3
451,14,0.0,0.0,1.0,0.0,0.0,2.0,22.0,1.0,0.0,0.0,1.69,0.0,2.0,0.0,0.0,0.0,1.0,3.5,1.0,3.0,2.0,0.0,1.0,0.0,4.0,0.0,0.9632372485224637,0.03676275147753624,4
451,15,0.0,0.0,1.0,0.0,0.0,2.0,22.0,1.0,0.0,0.0,1.69,0.0,2.0,3.0,1.0,3.0,1.0,3.5,3.0,3.0,2.0,0.0,0.0,0.0,1.0,0.0,0.9854581760149057,0.014541823985094302,2
451,16,0.0,0.0,1.0,0.0,0.0,2.0,22.0,1.0,0.0,0.0,1.69,0.0,2.0,3.0,0.0,3.0,1.0,3.5,3.0,5.6,2.0,0.0,1.0,0.0,1.0,0.0,0.7279756654709001,0.2720243345290999,1
451,17,0.0,0.0,1.0,0.0,0.0,2.0,22.0,1.0,0.0,0.0,1.69,0.0,2.0,3.0,1.0,0.0,1.0,3.5,3.0,25.0,2.0,0.0,0.0,0.0,1.0,0.0,0.9918345441264796,0.008165455873520376,4
451,18,0.0,0.0,1.0,0.0,0.0,2.0,22.0,1.0,0.0,0.0,1.69,0.0,2.0,3.0,1.0,0.0,1.0,3.5,3.0,5.6,2.0,0.0,0.0,0.0,1.0,0.0,0.9928534448196934,0.007146555180306652,4
451,19,0.0,0.0,1.0,0.0,0.0,2.0,22.0,1.0,0.0,0.0,1.69,0.0,2.0,3.0,0.0,0.0,1.0,1.4,3.0,3.0,2.0,0.0,1.0,0.0,1.0,0.0,0.8856811749247301,0.11431882507526994,2
456,0,1.0,0.0,3.0,0.0,0.0,3.0,32.0,6.0,6.0,1.0,0.13,0.0,20.0,6.0,3.0,11.0,1.0,6.08695652173913,2.0,3.78260869565217,2.0,0.0,0.0,0.0,1.0,0.0,0.7633224436724931,0.2366775563275069,1
456,1,1.0,0.0,3.0,0.0,0.0,3.0,32.0,6.0,6.0,1.0,0.13,0.0,20.0,4.0,3.0,11.0,1.0,6.08695652173913,2.0,3.78260869565217,2.0,0.0,1.0,0.0,1.0,0.0,0.5607140404092632,0.4392859595907368,1
456,2,1.0,0.0,3.0,0.0,0.0,3.0,32.0,6.0,6.0,1.0,0.13,0.0,20.0,2.0,3.0,11.0,1.0,0.0,2.0,3.78260869565217,2.0,0.0,0.0,0.0,1.0,0.0,0.9813439977171564,0.018656002282843594,3
456,3,1.0,0.0,3.0,0.0,0.0,3.0,32.0,6.0,6.0,1.0,0.13,0.0,20.0,6.0,3.0,3.0,1.0,2.0,2.0,3.78260869565217,2.0,0.0,1.0,0.0,1.0,0.0,0.5336030504613809,0.46639694953861904,2
456,4,1.0,0.0,3.0,0.0,0.0,3.0,32.0,6.0,6.0,1.0,0.13,0.0,20.0,2.0,3.0,0.0,1.0,0.0,2.0,1.5,2.0,0.0,0.0,0.0,1.0,0.0,0.9940264604029689,0.00597353959703107,5
456,5,1.0,0.0,3.0,0.0,0.0,3.0,32.0,6.0,6.0,1.0,0.13,0.0,20.0,6.0,3.0,11.0,1.0,6.08695652173913,2.0,0.0,2.0,0.0,1.0,0.0,1.0,0.0,0.5026581084533569,0.4973418915466431,1
456,6,1.0,0.0,3.0,0.0,0.0,3.0,32.0,6.0,6.0,1.0,0.13,0.0,20.0,6.0,3.0,11.0,1.0,0.0,2.0,0.0,2.0,0.0,0.0,0.0,1.0,0.0,0.971454920420642,0.028545079579358073,3
456,7,1.0,0.0,3.0,0.0,0.0,3.0,32.0,6.0,6.0,1.0,0.13,1.0,20.0,6.0,3.0,11.0,1.0,0.0,2.0,0.0,2.0,0.0,0.0,0.0,1.0,0.0,0.9742768007046492,0.025723199295350805,4
456,8,1.0,0.0,3.0,0.0,0.0,3.0,32.0,6.0,6.0,1.0,0.13,0.0,20.0,2.0,3.0,11.0,1.0,0.0,2.0,0.0,2.0,0.0,0.0,0.0,1.0,0.0,0.9897301343034225,0.010269865696577455,4
456,9,1.0,0.0,3.0,0.0,0.0,3.0,32.0,6.0,6.0,1.0,0.13,0.0,222.0,6.0,3.0,11.0,1.0,2.0,2.0,3.78260869565217,2.0,0.0,1.0,0.0,1.0,0.0,0.5581125614939794,0.44188743850602064,2
456,10,1.0,0.0,3.0,0.0,0.0,3.0,32.0,6.0,6.0,1.0,0.13,0.0,222.0,2.0,3.0,11.0,1.0,1.4,2.0,0.0,2.0,0.0,0.0,0.0,1.0,0.0,0.9915509680089364,0.008449031991063605,5
456,11,1.0,0.0,3.0,0.0,0.0,3.0,32.0,6.0,6.0,1.0,0.13,0.0,20.0,2.0,3.0,11.0,1.0,6.08695652173913,2.0,3.78260869565217,2.0,0.0,1.0,0.0,1.0,0.0,0.7320380630501357,0.2679619369498642,1
456,12,1.0,0.0,3.0,0.0,0.0,3.0,32.0,6.0,6.0,1.0,0.13,0.0,20.0,2.0,3.0,0.0,1.0,6.08695652173913,2.0,3.78260869565217,2.0,0.0,1.0,0.0,1.0,0.0,0.8899004387623248,0.11009956123767513,2
456,13,1.0,0.0,3.0,0.0,23.0,3.0,32.0,6.0,6.0,1.0,0.13,0.0,20.0,6.0,3.0,1.0,1.0,6.08695652173913,2.0,3.78260869565217,2.0,0.0,1.0,0.0,1.0,0.0,0.5718386748078633,0.4281613251921367,2
456,14,1.0,0.0,3.0,0.0,23.0,3.0,32.0,6.0,6.0,1.0,0.13,0.0,20.0,2.0,3.0,0.0,1.0,6.08695652173913,2.0,0.0,2.0,0.0,1.0,0.0,1.0,0.0,0.9480040378177665,0.051995962182233485,4
456,15,1.0,0.0,3.0,0.0,23.0,3.0,32.0,6.0,6.0,2.0,0.13,0.0,20.0,2.0,3.0,0.0,1.0,6.08695652173913,2.0,0.0,2.0,0.0,1.0,0.0,1.0,0.0,0.9516883023800631,0.04831169761993698,5
456,16,1.0,0.0,3.0,0.0,1.0,3.0,32.0,6.0,6.0,1.0,0.13,0.0,20.0,2.0,3.0,11.0,1.0,0.0,2.0,3.78260869565217,2.0,0.0,0.0,0.0,1.0,0.0,0.9817687254211955,0.018231274578804413,4
456,17,1.0,0.0,3.0,0.0,1.0,0.0,32.0,6.0,6.0,1.0,0.13,0.0,20.0,2.0,3.0,11.0,1.0,0.0,2.0,3.78260869565217,2.0,0.0,0.0,0.0,1.0,0.0,0.981814960317046,0.01818503968295409,5
456,18,1.0,0.0,3.0,0.0,0.0,3.0,32.0,6.0,6.0,1.0,0.13,0.0,20.0,6.0,3.0,11.0,1.0,0.0,2.0,3.78260869565217,2.0,0.0,0.0,0.0,1.0,0.0,0.8998806181800844,0.10011938181991564,2
456,19,1.0,0.0,3.0,0.0,0.0,3.0,32.0,6.0,6.0,1.0,0.13,0.0,20.0,6.0,3.0,0.0,1.0,0.0,2.0,3.78260869565217,2.0,0.0,0.0,0.0,1.0,0.0,0.9673660567275344,0.0326339432724656,3
458,0,0.0,0.0,2.0,0.0,0.0,2.0,34.0,6.0,7.0,2.0,0.16,0.0,20.0,6.0,22.0,13.0,1.0,11.4782608695652,3.0,4.39130434782609,2.0,0.0,0.0,0.0,1.0,0.0,0.7269573485460861,0.27304265145391393,1
458,1,0.0,0.0,2.0,0.0,0.0,2.0,34.0,6.0,7.0,2.0,0.16,0.0,20.0,3.0,22.0,13.0,1.0,11.4782608695652,3.0,4.39130434782609,2.0,0.0,0.0,0.0,1.0,0.0,0.953538255443577,0.04646174455642305,2
458,2,0.0,0.0,2.0,0.0,0.0,2.0,34.0,6.0,7.0,2.0,0.16,0.0,20.0,3.0,22.0,4.0,1.0,11.4782608695652,3.0,4.39130434782609,2.0,0.0,1.0,0.0,1.0,0.0,0.5074463145485792,0.4925536854514208,2
458,3,0.0,0.0,2.0,0.0,0.0,2.0,34.0,6.0,7.0,2.0,0.16,0.0,20.0,3.0,22.0,0.0,1.0,11.4782608695652,3.0,5.6,2.0,0.0,0.0,0.0,1.0,0.0,0.9748519530099087,0.025148046990091353,4
458,4,0.0,0.0,2.0,216.0,0.0,2.0,34.0,6.0,7.0,2.0,0.16,0.0,20.0,4.0,22.0,13.0,1.0,11.4782608695652,3.0,4.39130434782609,2.0,0.0,1.0,0.0,1.0,0.0,0.5035484919311246,0.49645150806887545,2
458,5,0.0,0.0,2.0,216.0,0.0,2.0,34.0,6.0,7.0,2.0,0.16,13.0,20.0,3.0,22.0,13.0,1.0,11.4782608695652,3.0,4.39130434782609,2.0,0.0,0.0,0.0,1.0,0.0,0.9807279997976098,0.019272000202390196,4
458,6,0.0,0.0,2.0,0.0,2.0,2.0,34.0,6.0,7.0,2.0,0.16,0.0,20.0,3.0,22.0,13.0,1.0,11.4782608695652,3.0,4.39130434782609,2.0,0.0,1.0,0.0,1.0,0.0,0.544460577582811,0.45553942241718903,2
458,7,0.0,0.0,2.0,0.0,23.0,2.0,18.0,6.0,7.0,2.0,0.16,0.0,20.0,3.0,22.0,13.0,1.0,11.4782608695652,3.0,4.39130434782609,2.0,0.0,0.0,0.0,1.0,0.0,0.9710618318041225,0.028938168195877433,4
458,8,0.0,0.0,2.0,0.0,0.0,2.0,34.0,6.0,7.0,2.0,0.16,0.0,20.0,2.0,22.0,13.0,1.0,11.4782608695652,3.0,4.39130434782609,2.0,0.0,1.0,0.0,1.0,0.0,0.6043163245605547,0.3956836754394453,1
458,9,0.0,0.0,2.0,0.0,0.0,2.0,34.0,6.0,7.0,2.0,0.16,0.0,20.0,3.0,22.0,0.0,0.0,11.4782608695652,3.0,4.39130434782609,2.0,0.0,0.0,0.0,1.0,0.0,0.9745121816233413,0.02548781837665875,4
458,10,0.0,0.0,2.0,0.0,0.0,2.0,34.0,6.0,7.0,2.0,0.16,0.0,20.0,2.0,22.0,0.0,0.0,11.4782608695652,3.0,4.39130434782609,2.0,0.0,0.0,0.0,1.0,0.0,0.9755214471535718,0.024478552846428137,4
458,11,0.0,0.0,2.0,0.0,0.0,2.0,34.0,6.0,7.0,2.0,0.16,13.0,20.0,4.0,22.0,13.0,1.0,11.4782608695652,3.0,4.39130434782609,2.0,0.0,1.0,0.0,1.0,0.0,0.564900157867406,0.43509984213259406,2
458,12,0.0,0.0,2.0,0.0,23.0,2.0,34.0,6.0,7.0,2.0,0.16,13.0,20.0,3.0,22.0,13.0,1.0,11.4782608695652,3.0,4.39130434782609,2.0,0.0,0.0,0.0,1.0,0.0,0.9760880755099988,0.02391192449000122,4
458,13,0.0,0.0,2.0,0.0,23.0,2.0,34.0,6.0,7.0,2.0,0.16,13.0,20.0,2.0,22.0,13.0,1.0,11.4782608695652,3.0,4.39130434782609,2.0,0.0,0.0,0.0,1.0,0.0,0.9775515513078396,0.022448448692160484,4
458,14,0.0,0.0,2.0,0.0,0.0,2.0,34.0,6.0,7.0,2.0,0.16,0.0,20.0,4.0,2.0,13.0,1.0,11.4782608695652,3.0,4.39130434782609,2.0,0.0,1.0,0.0,1.0,0.0,0.654649262743711,0.3453507372562889,2
458,15,0.0,0.0,2.0,0.0,0.0,2.0,34.0,6.0,7.0,2.0,0.16,0.0,20.0,2.0,1.0,13.0,1.0,11.4782608695652,3.0,4.39130434782609,2.0,0.0,0.0,0.0,1.0,0.0,0.9833129920033628,0.016687007996637263,3
458,16,0.0,0.0,2.0,0.0,0.0,2.0,34.0,6.0,7.0,2.0,0.16,0.0,20.0,2.0,0.0,13.0,1.0,11.4782608695652,3.0,4.39130434782609,2.0,0.0,0.0,0.0,1.0,0.0,0.9844010759963813,0.01559892400361868,3
458,17,0.0,0.0,2.0,0.0,0.0,2.0,34.0,6.0,7.0,2.0,0.16,0.0,20.0,6.0,22.0,13.0,1.0,0.0,3.0,4.39130434782609,2.0,0.0,0.0,0.0,1.0,0.0,0.8285823484172689,0.17141765158273115,2
458,18,0.0,0.0,2.0,0.0,0.0,2.0,34.0,6.0,0.0,2.0,0.16,0.0,20.0,6.0,22.0,13.0,1.0,0.0,3.0,4.39130434782609,2.0,0.0,0.0,0.0,1.0,0.0,0.8679378040787286,0.13206219592127147,3
458,19,0.0,0.0,2.0,0.0,1.0,2.0,34.0,6.0,0.0,2.0,0.16,0.0,20.0,6.0,22.0,13.0,1.0,0.0,3.0,4.39130434782609,2.0,0.0,0.0,0.0,1.0,0.0,0.8741074582705977,0.1258925417294024,4
460,0,0.0,0.0,1.0,0.0,0.0,1.0,40.0,3.0,6.0,1.0,0.45,0.0,14.0,5.0,2.0,9.0,1.0,5.06666666666667,2.0,3.73333333333333,2.0,0.0,0.5,0.0,1.0,0.0,0.5580937749466781,0.44190622505332183,1
460,1,0.0,0.0,1.0,0.0,0.0,1.0,40.0,3.0,6.0,1.0,0.45,0.0,14.0,4.0,2.0,9.0,1.0,5.06666666666667,2.0,3.73333333333333,2.0,0.0,1.0,0.0,1.0,0.0,0.574499369843845,0.4255006301561551,1
460,2,0.0,0.0,1.0,0.0,0.0,1.0,40.0,3.0,6.0,1.0,0.45,0.0,14.0,5.0,2.0,9.0,1.0,1.4,2.0,3.73333333333333,2.0,0.0,1.0,0.0,1.0,0.0,0.5291004050761791,0.47089959492382094,1
460,3,0.0,0.0,1.0,0.0,0.0,1.0,40.0,3.0,6.0,1.0,0.45,0.0,14.0,5.0,2.0,1.0,1.0,5.06666666666667,2.0,3.73333333333333,2.0,0.0,1.0,0.0,1.0,0.0,0.5214493182937002,0.4785506817062998,1
460,4,0.0,0.0,1.0,0.0,0.0,1.0,40.0,3.0,6.0,1.0,0.45,0.0,14.0,2.0,2.0,0.0,1.0,0.0,2.0,5.6,2.0,0.0,0.0,0.0,1.0,0.0,0.9951884317364845,0.0048115682635155,5
460,5,0.0,0.0,1.0,0.0,0.0,1.0,40.0,3.0,6.0,1.0,0.45,0.0,14.0,2.0,2.0,9.0,1.0,5.06666666666667,2.0,0.0,2.0,0.0,0.0,0.0,1.0,0.0,0.9815789476196346,0.018421052380365434,3
460,6,0.0,0.0,1.0,0.0,0.0,1.0,40.0,3.0,6.0,3.0,0.45,0.0,14.0,5.0,2.0,9.0,1.0,5.06666666666667,2.0,1.5,2.0,0.0,1.0,0.0,1.0,0.0,0.5090438402381205,0.4909561597618794,2
460,7,0.0,0.0,1.0,0.0,0.0,1.0,40.0,3.0,6.0,1.0,0.45,0.0,14.0,5.0,2.0,9.0,1.0,5.06666666666667,2.0,0.0,2.0,0.0,0.0,0.0,1.0,0.0,0.9503055124340384,0.04969448756596159,2
460,8,0.0,0.0,1.0,0.0,0.0,1.0,40.0,3.0,6.0,1.0,0.45,0.0,14.0,5.0,2.0,0.0,1.0,5.06666666666667,2.0,0.0,2.0,0.0,0.0,0.0,1.0,0.0,0.9698841170988121,0.030115882901187968,3
460,9,0.0,0.0,1.0,0.0,0.0,1.0,40.0,3.0,6.0,1.0,0.45,0.0,14.0,5.0,2.0,0.0,1.0,5.06666666666667,2.0,0.0,2.0,0.0,0.0,0.0,3.0,0.0,0.9759635872429033,0.024036412757096694,4
460,10,0.0,0.0,1.0,0.0,0.0,1.0,40.0,3.0,6.0,1.0,0.45,1.0,14.0,5.0,2.0,0.0,1.0,5.06666666666667,2.0,0.0,2.0,0.0,0.0,0.0,3.0,0.0,0.9778640483621716,0.02213595163782843,5
460,11,0.0,0.0,1.0,0.0,0.0,1.0,40.0,3.0,6.0,1.0,0.45,1.0,14.0,5.0,2.0,0.0,1.0,5.06666666666667,2.0,1.5,2.0,0.0,0.0,0.0,3.0,0.0,0.9788707029831268,0.021129297016873133,5
460,12,0.0,0.0,1.0,0.0,0.0,1.0,40.0,3.0,6.0,1.0,0.45,0.0,14.0,0.0,2.0,9.0,1.0,5.06666666666667,2.0,3.73333333333333,2.0,0.0,1.0,0.0,1.0,0.0,0.7431462108178669,0.2568537891821331,1
460,13,0.0,0.0,1.0,0.0,0.0,1.0,40.0,3.0,6.0,1.0,0.45,0.0,14.0,5.0,2.0,9.0,1.0,5.06666666666667,2.0,25.0,2.0,0.0,1.0,0.0,1.0,0.0,0.518185507868711,0.48181449213128896,1
460,14,0.0,0.0,1.0,0.0,0.0,1.0,40.0,3.0,6.0,1.0,0.45,0.0,14.0,0.0,2.0,9.0,1.0,0.0,2.0,25.0,2.0,0.0,1.0,0.0,1.0,0.0,0.953304925488849,0.046695074511150916,3
460,15,0.0,0.0,1.0,0.0,0.0,1.0,40.0,3.0,6.0,1.0,0.45,0.0,14.0,0.0,2.0,0.0,1.0,0.0,2.0,25.0,2.0,0.0,1.0,0.0,1.0,0.0,0.9719913938961674,0.0280086061038326,4
460,16,0.0,0.0,1.0,0.0,0.0,1.0,40.0,3.0,6.0,1.0,0.45,0.0,14.0,2.0,2.0,0.0,1.0,5.06666666666667,2.0,3.73333333333333,2.0,0.0,0.0,0.0,1.0,0.0,0.9862546162338197,0.01374538376618028,3
460,17,0.0,0.0,1.0,0.0,0.0,1.0,40.0,3.0,6.0,1.0,0.45,0.0,14.0,2.0,2.0,0.0,1.0,5.06666666666667,2.0,5.6,2.0,0.0,0.0,0.0,1.0,0.0,0.9884885797104057,0.011511420289594294,4
460,18,0.0,0.0,1.0,0.0,0.0,1.0,40.0,3.0,6.0,1.0,0.45,13.0,14.0,2.0,2.0,0.0,1.0,5.06666666666667,2.0,5.6,2.0,0.0,0.0,0.0,1.0,0.0,0.9928341901798804,0.007165809820119632,5
460,19,0.0,0.0,1.0,0.0,0.0,1.0,40.0,3.0,6.0,1.0,0.45,0.0,222.0,0.0,2.0,9.0,1.0,5.06666666666667,2.0,25.0,2.0,0.0,1.0,0.0,1.0,0.0,0.9164948453319994,0.08350515466800063,3
467,0,27.0,0.0,1.0,9.0,7.0,2.0,5431.0,18.0,12.0,17.0,1.18,0.0,39.0,2.0,0.0,1.0,2.0,2.50670640834575,0.0,3.36512667660209,0.0,0.0,0.802325581395349,6.0,5.0,22.0,0.5507083165006145,0.44929168349938553,1
467,1,3.0,0.0,1.0,9.0,7.0,2.0,5431.0,18.0,12.0,17.0,1.18,0.0,39.0,2.0,0.0,0.0,2.0,2.50670640834575,0.0,3.36512667660209,0.0,0.0,0.802325581395349,6.0,5.0,22.0,0.8388025930055628,0.16119740699443716,2
467,2,3.0,0.0,1.0,9.0,7.0,2.0,5431.0,18.0,12.0,17.0,1.18,0.0,39.0,2.0,0.0,0.0,2.0,2.50670640834575,0.0,3.36512667660209,0.0,0.0,0.0,6.0,5.0,22.0,0.9446434356966574,0.055356564303342605,3
467,3,3.0,0.0,1.0,9.0,7.0,2.0,5431.0,18.0,12.0,17.0,1.18,0.0,39.0,2.0,0.0,0.0,2.0,4.3,0.0,3.36512667660209,0.0,0.0,0.0,6.0,5.0,22.0,0.9515332856970271,0.04846671430297288,4
467,4,3.0,0.0,1.0,9.0,7.0,2.0,5431.0,18.0,12.0,1.0,1.18,0.0,39.0,2.0,0.0,0.0,2.0,2.50670640834575,0.0,3.36512667660209,0.0,0.0,0.0,6.0,5.0,22.0,0.9751210626717972,0.024878937328202844,4
467,5,0.0,0.0,1.0,9.0,7.0,2.0,5431.0,18.0,12.0,1.0,1.18,0.0,39.0,2.0,0.0,0.0,2.0,2.50670640834575,0.0,3.36512667660209,0.0,0.0,0.0,6.0,5.0,22.0,0.9784721339224551,0.02152786607754486,4
467,6,3.0,0.0,1.0,9.0,7.0,2.0,5431.0,18.0,12.0,17.0,1.18,0.0,39.0,0.0,0.0,0.0,2.0,2.50670640834575,0.0,3.36512667660209,0.0,0.0,0.802325581395349,6.0,5.0,22.0,0.8597430506164959,0.14025694938350408,3
467,7,3.0,0.0,1.0,9.0,7.0,2.0,5431.0,18.0,12.0,17.0,85.6,0.0,39.0,0.0,0.0,0.0,2.0,2.50670640834575,0.0,3.36512667660209,0.0,0.0,0.802325581395349,6.0,5.0,22.0,0.8859335543241297,0.11406644567587036,4
467,8,3.0,0.0,1.0,9.0,7.0,2.0,5431.0,18.0,12.0,17.0,85.6,0.0,39.0,0.0,0.0,0.0,2.0,2.50670640834575,1.0,3.36512667660209,0.0,0.0,0.802325581395349,6.0,5.0,22.0,0.8861194570998723,0.11388054290012771,5
467,9,3.0,0.0,1.0,9.0,7.0,2.0,5431.0,18.0,12.0,17.0,1.18,0.0,39.0,2.0,0.0,0.0,2.0,2.50670640834575,0.0,3.36512667660209,0.0,0.0,0.0,6.0,1.0,22.0,0.9517032357626755,0.048296764237324555,4
467,10,3.0,0.0,1.0,9.0,7.0,2.0,5431.0,18.0,12.0,17.0,1.18,0.0,39.0,2.0,0.0,0.0,2.0,2.50670640834575,0.0,3.36512667660209,0.0,0.0,0.0,0.0,5.0,22.0,0.9528033091400624,0.04719669085993763,4
467,11,3.0,0.0,1.0,9.0,7.0,2.0,5431.0,18.0,12.0,1.0,1.18,0.0,39.0,2.0,0.0,0.0,2.0,2.50670640834575,0.0,3.36512667660209,0.0,0.0,0.802325581395349,6.0,5.0,22.0,0.9000556617193194,0.09994433828068057,3
467,12,3.0,0.0,1.0,9.0,7.0,2.0,5431.0,18.0,12.0,1.0,1.18,0.0,39.0,2.0,0.0,0.0,2.0,2.50670640834575,0.0,3.36512667660209,0.0,0.0,0.802325581395349,6.0,5.0,1.0,0.9437582405262158,0.05624175947378413,4
467,13,3.0,0.0,1.0,9.0,7.0,2.0,5431.0,18.0,12.0,1.0,1.18,0.0,39.0,0.0,0.0,0.0,2.0,2.50670640834575,0.0,3.36512667660209,0.0,0.0,0.802325581395349,6.0,5.0,1.0,0.9557490298485685,0.04425097015143149,5
467,14,1.0,0.0,1.0,9.0,7.0,2.0,5431.0,18.0,12.0,1.0,1.18,0.0,39.0,0.0,0.0,0.0,2.0,2.50670640834575,0.0,3.36512667660209,0.0,0.0,0.802325581395349,6.0,5.0,1.0,0.9585896353386847,0.041410364661315265,5
467,15,1.0,0.0,1.0,9.0,7.0,2.0,5431.0,18.0,12.0,0.0,1.18,0.0,39.0,0.0,0.0,0.0,2.0,2.50670640834575,0.0,3.36512667660209,0.0,0.0,0.802325581395349,6.0,5.0,1.0,0.9592969667125691,0.040703033287430815,5
467,16,27.0,0.0,1.0,9.0,7.0,2.0,5431.0,18.0,12.0,17.0,1.18,0.0,39.0,2.0,0.0,0.0,2.0,2.50670640834575,0.0,3.36512667660209,0.0,0.0,0.0,6.0,5.0,22.0,0.7667378815570669,0.2332621184429331,2
467,17,27.0,0.0,1.0,9.0,0.0,2.0,5431.0,18.0,12.0,17.0,1.18,0.0,39.0,2.0,0.0,0.0,2.0,2.50670640834575,0.0,3.36512667660209,0.0,0.0,0.0,6.0,5.0,22.0,0.8350139168947402,0.16498608310525975,3
467,18,27.0,0.0,8.0,9.0,0.0,2.0,5431.0,18.0,12.0,17.0,1.18,0.0,39.0,2.0,0.0,0.0,2.0,2.50670640834575,0.0,3.36512667660209,0.0,0.0,0.0,6.0,5.0,22.0,0.8446113293141905,0.15538867068580953,4
467,19,3.0,0.0,1.0,9.0,7.0,2.0,5431.0,18.0,12.0,17.0,1.18,0.0,10.0,2.0,0.0,0.0,2.0,2.50670640834575,0.0,3.36512667660209,0.0,0.0,0.0,6.0,5.0,22.0,0.9561357341132384,0.043864265886761566,4
476,0,0.0,0.0,1.0,3.0,0.0,2.0,15.0,2.0,0.0,0.0,0.23,0.0,7.0,4.0,0.0,6.0,1.0,3.28571428571429,1.0,3.42857142857143,1.0,0.0,1.0,0.0,1.0,0.0,0.6805943570239006,0.31940564297609936,1
476,1,0.0,0.0,1.0,3.0,0.0,2.0,15.0,2.0,0.0,0.0,0.23,0.0,7.0,0.0,0.0,6.0,1.0,3.28571428571429,1.0,3.42857142857143,1.0,0.0,0.0,0.0,1.0,0.0,0.9825934575573533,0.017406542442646774,2
476,2,0.0,0.0,1.0,3.0,0.0,2.0,15.0,2.0,0.0,0.0,0.23,0.0,7.0,0.0,0.0,0.0,1.0,3.28571428571429,1.0,3.42857142857143,1.0,0.0,0.0,0.0,1.0,0.0,0.9940207246075338,0.0059792753924662444,3
476,3,0.0,0.0,1.0,3.0,0.0,2.0,15.0,2.0,0.0,0.0,0.23,0.0,222.0,6.0,0.0,6.0,1.0,3.28571428571429,1.0,3.42857142857143,1.0,0.0,1.0,0.0,1.0,0.0,0.5973151041291923,0.4026848958708077,1
476,4,0.0,0.0,1.0,3.0,0.0,2.0,15.0,2.0,0.0,0.0,0.23,0.0,7.0,0.0,0.0,6.0,1.0,0.6,1.0,3.42857142857143,1.0,0.0,1.0,0.0,1.0,0.0,0.9484405945152403,0.051559405484759735,2
476,5,0.0,0.0,1.0,3.0,0.0,2.0,15.0,2.0,0.0,0.0,0.23,0.0,7.0,0.0,0.0,6.0,1.0,0.6,1.0,0.0,1.0,0.0,1.0,0.0,1.0,0.0,0.9763429158723187,0.02365708412768129,3
476,6,0.0,0.0,1.0,3.0,0.0,2.0,15.0,2.0,0.0,0.0,0.23,0.0,222.0,0.0,0.0,6.0,1.0,0.6,1.0,0.0,1.0,0.0,1.0,0.0,1.0,0.0,0.986312619239446,0.013687380760553982,4
476,7,0.0,0.0,1.0,3.0,0.0,2.0,15.0,2.0,0.0,0.0,0.23,0.0,222.0,0.0,0.0,6.0,1.0,1.4,1.0,0.0,1.0,0.0,1.0,0.0,1.0,0.0,0.986770714014469,0.013229285985530935,4
476,8,0.0,0.0,1.0,3.0,0.0,2.0,15.0,2.0,0.0,0.0,0.23,0.0,222.0,0.0,0.0,6.0,1.0,1.4,0.0,0.0,1.0,0.0,1.0,0.0,1.0,0.0,0.986906102351113,0.013093897648887007,5
476,9,0.0,0.0,1.0,3.0,0.0,2.0,15.0,2.0,0.0,0.0,0.23,0.0,7.0,0.0,0.0,0.0,1.0,3.28571428571429,1.0,3.42857142857143,1.0,0.0,1.0,0.0,1.0,0.0,0.954871644734442,0.04512835526555807,2
476,10,0.0,0.0,1.0,3.0,0.0,2.0,15.0,2.0,0.0,0.0,0.23,0.0,222.0,0.0,0.0,0.0,1.0,3.28571428571429,1.0,3.42857142857143,1.0,0.0,1.0,0.0,1.0,0.0,0.9811225427476062,0.01887745725239375,3
476,11,0.0,0.0,1.0,3.0,0.0,2.0,15.0,37.0,0.0,0.0,0.23,0.0,222.0,0.0,0.0,0.0,1.0,3.28571428571429,1.0,3.42857142857143,1.0,0.0,1.0,0.0,1.0,0.0,0.9824012465153505,0.017598753484649416,4
476,12,0.0,0.0,1.0,3.0,0.0,2.0,15.0,37.0,0.0,1.0,0.23,0.0,222.0,0.0,0.0,0.0,1.0,3.28571428571429,1.0,3.42857142857143,1.0,0.0,1.0,0.0,1.0,0.0,0.9827503202354881,0.01724967976451183,5
476,13,0.0,0.0,1.0,3.0,0.0,2.0,15.0,2.0,0.0,0.0,0.23,0.0,222.0,0.0,0.0,0.0,1.0,3.28571428571429,1.0,0.0,1.0,0.0,1.0,0.0,1.0,0.0,0.9884303712129118,0.011569628787088216,4
476,14,0.0,0.0,1.0,3.0,0.0,0.0,15.0,2.0,0.0,0.0,0.23,0.0,222.0,0.0,0.0,0.0,1.0,3.28571428571429,1.0,0.0,1.0,0.0,1.0,0.0,1.0,0.0,0.9884599106143774,0.01154008938562254,5
476,15,0.0,0.0,1.0,3.0,0.0,2.0,15.0,2.0,0.0,0.0,0.23,0.0,7.0,6.0,0.0,6.0,1.0,3.28571428571429,1.0,3.42857142857143,1.0,0.0,0.5,0.0,1.0,0.0,0.518814851186123,0.481185148813877,1
476,16,0.0,0.0,1.0,3.0,0.0,2.0,15.0,2.0,0.0,0.0,0.23,0.0,7.0,6.0,0.0,1.0,1.0,3.28571428571429,1.0,3.42857142857143,1.0,0.0,1.0,0.0,1.0,0.0,0.5992398608463982,0.4007601391536018,1
476,17,0.0,0.0,1.0,3.0,0.0,2.0,15.0,2.0,0.0,0.0,0.23,0.0,7.0,6.0,0.0,0.0,1.0,0.6,1.0,3.42857142857143,1.0,0.0,0.0,0.0,1.0,0.0,0.9721972528582211,0.0278027471417789,3
476,18,0.0,0.0,1.0,3.0,0.0,2.0,15.0,37.0,0.0,0.0,0.23,0.0,7.0,6.0,0.0,0.0,1.0,0.6,1.0,3.42857142857143,1.0,0.0,0.0,0.0,1.0,0.0,0.9774157084871901,0.02258429151280999,4
476,19,0.0,0.0,1.0,3.0,0.0,2.0,18.0,37.0,0.0,0.0,0.23,0.0,7.0,6.0,0.0,0.0,1.0,0.6,1.0,3.42857142857143,1.0,0.0,0.0,0.0,1.0,0.0,0.9774275198782039,0.02257248012179614,5
478,0,0.0,0.0,1.0,3.0,0.0,2.0,15.0,2.0,0.0,0.0,0.23,0.0,7.0,4.0,0.0,6.0,1.0,3.28571428571429,1.0,3.42857142857143,1.0,0.0,1.0,0.0,1.0,0.0,0.6805943570239006,0.31940564297609936,1
478,1,0.0,0.0,1.0,3.0,0.0,2.0,15.0,2.0,0.0,0.0,0.23,0.0,7.0,0.0,0.0,6.0,1.0,3.28571428571429,1.0,3.42857142857143,1.0,0.0,0.0,0.0,1.0,0.0,0.9825934575573533,0.017406542442646774,2
478,2,0.0,0.0,1.0,3.0,0.0,2.0,15.0,2.0,0.0,0.0,0.23,0.0,7.0,0.0,0.0,0.0,1.0,3.28571428571429,1.0,3.42857142857143,1.0,0.0,0.0,0.0,1.0,0.0,0.9940207246075338,0.0059792753924662444,3
478,3,0.0,0.0,1.0,3.0,0.0,2.0,15.0,2.0,0.0,0.0,0.23,0.0,222.0,6.0,0.0,6.0,1.0,3.28571428571429,1.0,3.42857142857143,1.0,0.0,1.0,0.0,1.0,0.0,0.5973151041291923,0.4026848958708077,1
478,4,0.0,0.0,1.0,3.0,0.0,2.0,15.0,2.0,0.0,0.0,0.23,0.0,7.0,0.0,0.0,6.0,1.0,0.6,1.0,3.42857142857143,1.0,0.0,1.0,0.0,1.0,0.0,0.9484405945152403,0.051559405484759735,2
478,5,0.0,0.0,1.0,3.0,0.0,2.0,15.0,2.0,0.0,0.0,0.23,0.0,7.0,0.0,0.0,6.0,1.0,0.6,1.0,0.0,1.0,0.0,1.0,0.0,1.0,0.0,0.9763429158723187,0.02365708412768129,3
478,6,0.0,0.0,1.0,3.0,0.0,2.0,15.0,2.0,0.0,0.0,0.23,0.0,222.0,0.0,0.0,6.0,1.0,0.6,1.0,0.0,1.0,0.0,1.0,0.0,1.0,0.0,0.986312619239446,0.013687380760553982,4
478,7,0.0,0.0,1.0,3.0,0.0,2.0,15.0,2.0,0.0,0.0,0.23,0.0,222.0,0.0,0.0,6.0,1.0,1.4,1.0,0.0,1.0,0.0,1.0,0.0,1.0,0.0,0.986770714014469,0.013229285985530935,4
478,8,0.0,0.0,1.0,3.0,0.0,2.0,15.0,2.0,0.0,0.0,0.23,0.0,222.0,0.0,0.0,6.0,1.0,1.4,0.0,0.0,1.0,0.0,1.0,0.0,1.0,0.0,0.986906102351113,0.013093897648887007,5
478,9,0.0,0.0,1.0,3.0,0.0,2.0,15.0,2.0,0.0,0.0,0.23,0.0,7.0,0.0,0.0,0.0,1.0,3.28571428571429,1.0,3.42857142857143,1.0,0.0,1.0,0.0,1.0,0.0,0.954871644734442,0.04512835526555807,2
478,10,0.0,0.0,1.0,3.0,0.0,2.0,15.0,2.0,0.0,0.0,0.23,0.0,222.0,0.0,0.0,0.0,1.0,3.28571428571429,1.0,3.42857142857143,1.0,0.0,1.0,0.0,1.0,0.0,0.9811225427476062,0.01887745725239375,3
478,11,0.0,0.0,1.0,3.0,0.0,2.0,15.0,37.0,0.0,0.0,0.23,0.0,222.0,0.0,0.0,0.0,1.0,3.28571428571429,1.0,3.42857142857143,1.0,0.0,1.0,0.0,1.0,0.0,0.9824012465153505,0.017598753484649416,4
478,12,0.0,0.0,1.0,3.0,0.0,2.0,15.0,37.0,0.0,1.0,0.23,0.0,222.0,0.0,0.0,0.0,1.0,3.28571428571429,1.0,3.42857142857143,1.0,0.0,1.0,0.0,1.0,0.0,0.9827503202354881,0.01724967976451183,5
478,13,0.0,0.0,1.0,3.0,0.0,2.0,15.0,2.0,0.0,0.0,0.23,0.0,222.0,0.0,0.0,0.0,1.0,3.28571428571429,1.0,0.0,1.0,0.0,1.0,0.0,1.0,0.0,0.9884303712129118,0.011569628787088216,4
478,14,0.0,0.0,1.0,3.0,0.0,0.0,15.0,2.0,0.0,0.0,0.23,0.0,222.0,0.0,0.0,0.0,1.0,3.28571428571429,1.0,0.0,1.0,0.0,1.0,0.0,1.0,0.0,0.9884599106143774,0.01154008938562254,5
478,15,0.0,0.0,1.0,3.0,0.0,2.0,15.0,2.0,0.0,0.0,0.23,0.0,7.0,6.0,0.0,6.0,1.0,3.28571428571429,1.0,3.42857142857143,1.0,0.0,0.5,0.0,1.0,0.0,0.518814851186123,0.481185148813877,1
478,16,0.0,0.0,1.0,3.0,0.0,2.0,15.0,2.0,0.0,0.0,0.23,0.0,7.0,6.0,0.0,1.0,1.0,3.28571428571429,1.0,3.42857142857143,1.0,0.0,1.0,0.0,1.0,0.0,0.5992398608463982,0.4007601391536018,1
478,17,0.0,0.0,1.0,3.0,0.0,2.0,15.0,2.0,0.0,0.0,0.23,0.0,7.0,6.0,0.0,0.0,1.0,0.6,1.0,3.42857142857143,1.0,0.0,0.0,0.0,1.0,0.0,0.9721972528582211,0.0278027471417789,3
478,18,0.0,0.0,1.0,3.0,0.0,2.0,15.0,37.0,0.0,0.0,0.23,0.0,7.0,6.0,0.0,0.0,1.0,0.6,1.0,3.42857142857143,1.0,0.0,0.0,0.0,1.0,0.0,0.9774157084871901,0.02258429151280999,4
478,19,0.0,0.0,1.0,3.0,0.0,2.0,18.0,37.0,0.0,0.0,0.23,0.0,7.0,6.0,0.0,0.0,1.0,0.6,1.0,3.42857142857143,1.0,0.0,0.0,0.0,1.0,0.0,0.9774275198782039,0.02257248012179614,5
479,0,0.0,0.0,1.0,3.0,0.0,2.0,15.0,2.0,0.0,0.0,0.23,0.0,7.0,4.0,0.0,6.0,1.0,3.28571428571429,1.0,3.0,1.0,0.0,1.0,0.0,1.0,0.0,0.6322418981076696,0.3677581018923303,1
479,1,0.0,0.0,1.0,3.0,0.0,2.0,15.0,2.0,0.0,0.0,0.23,0.0,7.0,0.0,0.0,6.0,1.0,3.28571428571429,1.0,3.0,1.0,0.0,0.0,0.0,1.0,0.0,0.9844330765980327,0.015566923401967268,2
479,2,0.0,0.0,1.0,3.0,0.0,2.0,15.0,2.0,0.0,0.0,0.23,0.0,222.0,6.0,0.0,6.0,1.0,3.28571428571429,1.0,3.0,1.0,0.0,1.0,0.0,1.0,0.0,0.5447877659347038,0.45521223406529615,1
479,3,0.0,0.0,1.0,3.0,0.0,2.0,15.0,2.0,0.0,0.0,0.23,0.0,222.0,0.0,0.0,0.0,1.0,3.28571428571429,1.0,3.0,1.0,0.0,0.0,0.0,1.0,0.0,0.9969937128132733,0.0030062871867266514,4
479,4,0.0,0.0,1.0,3.0,0.0,2.0,15.0,2.0,0.0,0.0,0.23,0.0,222.0,0.0,0.0,0.0,1.0,3.28571428571429,1.0,3.3,1.0,0.0,0.0,0.0,1.0,0.0,0.9973008877374682,0.0026991122625318006,5
479,5,0.0,0.0,1.0,3.0,0.0,2.0,15.0,2.0,0.0,0.0,0.23,0.0,7.0,0.0,0.0,6.0,1.0,0.6,1.0,3.0,1.0,0.0,1.0,0.0,1.0,0.0,0.9383230867493918,0.06167691325060822,2
479,6,0.0,0.0,1.0,3.0,0.0,2.0,15.0,2.0,0.0,0.0,0.23,0.0,7.0,0.0,0.0,6.0,1.0,0.6,1.0,0.0,1.0,0.0,1.0,0.0,1.0,0.0,0.9763429158723187,0.02365708412768129,3
479,7,0.0,0.0,1.0,3.0,0.0,2.0,15.0,2.0,0.0,0.0,0.23,0.0,222.0,0.0,0.0,6.0,1.0,0.6,1.0,0.0,1.0,0.0,1.0,0.0,1.0,0.0,0.986312619239446,0.013687380760553982,4
479,8,0.0,0.0,1.0,1.0,0.0,2.0,15.0,2.0,0.0,0.0,0.23,0.0,222.0,0.0,0.0,6.0,1.0,0.6,1.0,0.0,1.0,0.0,1.0,0.0,1.0,0.0,0.987161476729976,0.012838523270023966,5
479,9,0.0,0.0,1.0,1.0,0.0,2.0,15.0,2.0,0.0,0.0,0.23,0.0,222.0,0.0,0.0,6.0,1.0,1.4,1.0,0.0,1.0,0.0,1.0,0.0,1.0,0.0,0.9875915190162815,0.012408480983718509,5
479,10,0.0,0.0,1.0,3.0,0.0,2.0,15.0,2.0,0.0,0.0,0.23,0.0,7.0,0.0,0.0,6.0,1.0,3.28571428571429,1.0,0.0,1.0,0.0,1.0,0.0,1.0,0.0,0.9370928149851793,0.06290718501482072,2
479,11,0.0,0.0,1.0,3.0,0.0,2.0,15.0,2.0,0.0,0.0,0.23,0.0,222.0,0.0,0.0,6.0,1.0,3.28571428571429,1.0,0.0,1.0,0.0,1.0,0.0,1.0,0.0,0.9667516653573456,0.03324833464265445,3
479,12,3.0,0.0,1.0,3.0,0.0,2.0,15.0,2.0,0.0,0.0,0.23,0.0,222.0,0.0,0.0,6.0,1.0,3.28571428571429,1.0,0.0,1.0,0.0,1.0,0.0,1.0,0.0,0.9761928824914645,0.023807117508535505,4
479,13,0.0,0.0,1.0,3.0,0.0,2.0,15.0,2.0,0.0,0.0,0.23,0.0,7.0,0.0,0.0,0.0,1.0,3.28571428571429,1.0,3.0,1.0,0.0,1.0,0.0,1.0,0.0,0.9538545301408329,0.04614546985916709,2
479,14,0.0,0.0,1.0,3.0,0.0,2.0,15.0,2.0,0.0,0.0,0.23,0.0,222.0,0.0,0.0,0.0,1.0,3.28571428571429,1.0,3.0,1.0,0.0,1.0,0.0,1.0,0.0,0.9806851099822783,0.019314890017721662,3
479,15,0.0,0.0,1.0,3.0,0.0,2.0,15.0,2.0,0.0,0.0,0.23,0.0,222.0,0.0,0.0,0.0,1.0,3.28571428571429,1.0,0.0,1.0,0.0,1.0,0.0,1.0,0.0,0.9884303712129118,0.011569628787088216,4
479,16,0.0,0.0,1.0,3.0,0.0,2.0,15.0,0.0,0.0,0.0,0.23,0.0,222.0,0.0,0.0,0.0,1.0,3.28571428571429,1.0,0.0,1.0,0.0,1.0,0.0,1.0,0.0,0.9892141505404799,0.010785849459520111,5
479,17,0.0,0.0,1.0,3.0,0.0,2.0,15.0,2.0,0.0,0.0,0.23,0.0,7.0,6.0,0.0,6.0,1.0,3.28571428571429,1.0,3.0,1.0,0.0,0.5,0.0,1.0,0.0,0.5512229027158516,0.4487770972841484,1
479,18,0.0,0.0,1.0,3.0,0.0,2.0,15.0,2.0,0.0,0.0,0.23,0.0,7.0,6.0,0.0,6.0,1.0,3.28571428571429,1.0,2.3,1.0,0.0,1.0,0.0,1.0,0.0,0.5461029274460705,0.4538970725539296,1
479,19,0.0,0.0,1.0,3.0,0.0,2.0,15.0,2.0,0.0,0.0,0.23,0.0,7.0,6.0,0.0,6.0,1.0,1.4,1.0,0.0,1.0,0.0,0.0,0.0,1.0,0.0,0.9797489516509819,0.02025104834901815,3
514,0,6.0,0.0,4.0,12.0,4.0,6.0,211.0,1.0,4.0,0.0,0.29,0.0,0.0,1.0,0.0,2.0,1.0,5.63157894736842,1.0,4.36842105263158,1.0,0.0,0.428571428571429,0.0,4.0,2.0,0.5155192393213007,0.4844807606786993,1
514,1,6.0,0.0,4.0,12.0,4.0,6.0,211.0,1.0,4.0,0.0,0.29,0.0,0.0,1.0,0.0,0.0,1.0,5.63157894736842,1.0,4.36842105263158,1.0,0.0,0.0,0.0,4.0,2.0,0.9042762801500344,0.09572371984996565,2
514,2,6.0,0.0,4.0,12.0,4.0,6.0,211.0,1.0,1.0,0.0,0.29,0.0,0.0,1.0,0.0,0.0,1.0,5.63157894736842,1.0,4.36842105263158,1.0,0.0,0.0,0.0,4.0,2.0,0.9502131131700353,0.04978688682996474,3
514,3,0.0,0.0,4.0,12.0,4.0,6.0,211.0,1.0,1.0,0.0,0.29,0.0,0.0,1.0,0.0,0.0,1.0,5.63157894736842,1.0,4.36842105263158,1.0,0.0,0.0,0.0,4.0,2.0,0.9708645728669185,0.029135427133081426,4
514,4,0.0,0.0,4.0,12.0,4.0,6.0,211.0,1.0,0.0,0.0,0.29,0.0,0.0,1.0,0.0,0.0,1.0,5.63157894736842,1.0,4.36842105263158,1.0,0.0,0.0,0.0,4.0,2.0,0.9742792178094584,0.025720782190541594,4
514,5,0.0,0.0,4.0,12.0,4.0,6.0,211.0,1.0,0.0,0.0,0.29,0.0,0.0,1.0,0.0,0.0,1.0,5.63157894736842,1.0,4.1,1.0,0.0,0.0,0.0,4.0,2.0,0.9748647726726546,0.025135227327345393,5
514,6,6.0,0.0,4.0,12.0,4.0,6.0,211.0,1.0,4.0,0.0,0.29,0.0,0.0,1.0,0.0,11.0,1.0,5.63157894736842,1.0,4.36842105263158,1.0,0.0,0.0,0.0,4.0,2.0,0.6833705533678843,0.3166294466321157,1
514,7,6.0,0.0,4.0,12.0,4.0,6.0,211.0,1.0,1.0,0.0,0.29,0.0,0.0,1.0,0.0,11.0,1.0,5.63157894736842,1.0,4.36842105263158,1.0,0.0,0.428571428571429,0.0,4.0,2.0,0.5608382284245619,0.4391617715754382,1
514,8,6.0,0.0,4.0,12.0,4.0,6.0,211.0,1.0,1.0,0.0,0.29,0.0,0.0,1.0,0.0,11.0,1.0,5.63157894736842,1.0,4.36842105263158,1.0,0.0,0.0,0.0,2.0,2.0,0.8767706076391761,0.12322939236082381,3
514,9,6.0,0.0,4.0,216.0,4.0,6.0,211.0,1.0,1.0,0.0,0.29,0.0,0.0,1.0,0.0,11.0,1.0,5.63157894736842,1.0,4.36842105263158,1.0,0.0,0.0,0.0,2.0,2.0,0.893697818012484,0.10630218198751595,4
514,10,6.0,0.0,1.0,1.0,4.0,6.0,211.0,1.0,4.0,0.0,0.29,0.0,0.0,1.0,0.0,11.0,1.0,5.63157894736842,1.0,4.36842105263158,1.0,0.0,0.428571428571429,0.0,4.0,2.0,0.5017848934815269,0.4982151065184731,2
514,11,6.0,0.0,4.0,12.0,4.0,6.0,211.0,1.0,4.0,0.0,0.29,0.0,0.0,1.0,0.0,0.0,1.0,5.63157894736842,1.0,1.5,1.0,0.0,0.428571428571429,0.0,4.0,2.0,0.8166100392908946,0.1833899607091054,2
514,12,6.0,0.0,2.0,12.0,4.0,6.0,211.0,1.0,4.0,0.0,0.29,0.0,0.0,1.0,0.0,0.0,1.0,5.63157894736842,1.0,1.5,1.0,0.0,0.428571428571429,0.0,4.0,2.0,0.8718962828584566,0.12810371714154342,3
514,13,6.0,0.0,2.0,12.0,4.0,6.0,211.0,3.0,4.0,0.0,0.29,0.0,0.0,1.0,0.0,0.0,1.0,5.63157894736842,1.0,1.5,1.0,0.0,0.428571428571429,0.0,4.0,2.0,0.8949532348134814,0.10504676518651856,4
514,14,6.0,0.0,2.0,12.0,4.0,6.0,211.0,3.0,4.0,0.0,0.29,0.0,0.0,1.0,1.0,0.0,1.0,5.63157894736842,1.0,1.5,1.0,0.0,0.428571428571429,0.0,4.0,2.0,0.9129924859491668,0.08700751405083315,5
514,15,6.0,0.0,4.0,12.0,4.0,6.0,211.0,1.0,1.0,0.0,0.29,0.0,0.0,1.0,0.0,0.0,1.0,5.63157894736842,1.0,4.36842105263158,1.0,0.0,0.428571428571429,0.0,4.0,2.0,0.8660910593600899,0.13390894063991013,2
514,16,6.0,0.0,4.0,12.0,4.0,3.0,211.0,1.0,1.0,0.0,0.29,0.0,0.0,1.0,0.0,0.0,1.0,5.63157894736842,1.0,4.36842105263158,1.0,0.0,0.428571428571429,0.0,4.0,2.0,0.9334891764435488,0.06651082355645124,3
514,17,6.0,0.0,4.0,12.0,4.0,3.0,211.0,1.0,1.0,0.0,0.29,0.0,0.0,1.0,0.0,0.0,1.0,5.63157894736842,1.0,4.36842105263158,1.0,0.0,0.428571428571429,0.0,4.0,21.0,0.9455557261357133,0.05444427386428673,4
514,18,6.0,0.0,2.0,12.0,4.0,3.0,211.0,1.0,1.0,0.0,0.29,0.0,0.0,1.0,0.0,0.0,1.0,5.63157894736842,1.0,4.36842105263158,1.0,0.0,0.428571428571429,0.0,4.0,21.0,0.9520734670435256,0.04792653295647445,5
514,19,1.0,0.0,4.0,12.0,4.0,6.0,211.0,1.0,4.0,0.0,0.29,0.0,0.0,1.0,0.0,11.0,1.0,5.63157894736842,1.0,4.36842105263158,1.0,0.0,0.428571428571429,0.0,4.0,2.0,0.50012194547484,0.49987805452516,1
522,0,1.0,0.0,1.0,4.0,0.0,2.0,124.0,1.0,0.0,0.0,0.27,0.0,0.0,1.0,0.0,11.0,1.0,3.57777777777778,1.0,2.94444444444444,1.0,0.0,0.444444444444444,0.0,4.0,6.0,0.8123458245762167,0.18765417542378326,1
522,1,1.0,0.0,1.0,4.0,0.0,2.0,124.0,1.0,0.0,0.0,0.27,0.0,0.0,1.0,0.0,0.0,1.0,0.0,1.0,2.94444444444444,1.0,0.0,0.444444444444444,0.0,4.0,6.0,0.9805040719201507,0.019495928079849394,2
522,2,1.0,0.0,1.0,4.0,0.0,2.0,124.0,1.0,0.0,0.0,0.27,0.0,0.0,1.0,0.0,0.0,1.0,0.0,1.0,2.94444444444444,1.0,0.0,0.444444444444444,0.0,4.0,0.0,0.9906124107984756,0.009387589201524344,3
522,3,1.0,0.0,1.0,4.0,0.0,2.0,124.0,1.0,0.0,0.0,0.27,0.0,0.0,1.0,0.0,0.0,1.0,0.0,1.0,2.94444444444444,1.0,0.0,0.0,0.0,4.0,0.0,0.9946944194553806,0.005305580544619414,4
522,4,1.0,0.0,1.0,4.0,0.0,2.0,124.0,1.0,0.0,0.0,0.1,0.0,0.0,1.0,0.0,24.0,1.0,3.57777777777778,1.0,2.94444444444444,1.0,0.0,0.444444444444444,0.0,4.0,6.0,0.5092527825175619,0.49074721748243805,1
522,5,1.0,0.0,1.0,4.0,0.0,2.0,124.0,1.0,0.0,0.0,0.27,0.0,0.0,1.0,1.0,0.0,1.0,0.0,1.0,2.94444444444444,1.0,0.0,0.444444444444444,0.0,4.0,0.0,0.9910519127865508,0.008948087213449167,4
522,6,1.0,0.0,1.0,4.0,0.0,2.0,124.0,1.0,0.0,0.0,85.6,0.0,0.0,1.0,0.0,0.0,1.0,3.57777777777778,1.0,2.94444444444444,1.0,0.0,0.444444444444444,0.0,4.0,6.0,0.9670186329964622,0.032981367003537806,2
522,7,1.0,0.0,1.0,0.0,0.0,2.0,124.0,1.0,0.0,0.0,85.6,0.0,0.0,1.0,0.0,0.0,1.0,3.57777777777778,1.0,2.94444444444444,1.0,0.0,0.444444444444444,0.0,4.0,6.0,0.972291948767185,0.027708051232814907,3
522,8,1.0,0.0,1.0,0.0,0.0,2.0,124.0,1.0,0.0,0.0,85.6,0.0,0.0,1.0,0.0,0.0,1.0,3.57777777777778,1.0,2.3,1.0,0.0,0.444444444444444,0.0,4.0,6.0,0.9764398839465052,0.02356011605349479,4
522,9,1.0,0.0,1.0,4.0,0.0,2.0,37.0,1.0,0.0,0.0,0.27,0.0,0.0,1.0,0.0,24.0,1.0,3.57777777777778,1.0,2.94444444444444,1.0,0.0,0.444444444444444,0.0,4.0,6.0,0.5474966162278077,0.4525033837721923,1
522,10,1.0,0.0,1.0,4.0,0.0,2.0,124.0,1.0,0.0,0.0,0.27,0.0,0.0,1.0,0.0,24.0,1.0,3.57777777777778,1.0,2.94444444444444,1.0,0.0,0.4,0.0,4.0,6.0,0.5012625459196411,0.4987374540803589,1
522,11,1.0,0.0,1.0,4.0,0.0,2.0,124.0,1.0,0.0,0.0,85.6,0.0,0.0,1.0,0.0,24.0,1.0,3.57777777777778,1.0,2.94444444444444,1.0,0.0,0.0,0.0,4.0,6.0,0.8941092897586869,0.1058907102413131,2
522,12,1.0,0.0,1.0,4.0,0.0,2.0,124.0,1.0,0.0,0.0,0.27,0.0,0.0,1.0,0.0,24.0,1.0,3.0,1.0,2.94444444444444,1.0,0.0,0.444444444444444,0.0,4.0,6.0,0.5705766410356925,0.42942335896430756,1
522,13,1.0,0.0,1.0,4.0,0.0,2.0,124.0,1.0,0.0,0.0,85.6,0.0,0.0,1.0,1.0,24.0,1.0,125.5,1.0,2.94444444444444,1.0,0.0,0.0,0.0,4.0,6.0,0.9409763477381248,0.05902365226187524,4
522,14,1.0,0.0,1.0,4.0,0.0,2.0,124.0,1.0,0.0,0.0,0.5,0.0,0.0,1.0,1.0,24.0,1.0,125.5,1.0,2.94444444444444,1.0,0.0,0.0,0.0,4.0,6.0,0.9442088809749353,0.05579111902506476,4
522,15,1.0,0.0,1.0,4.0,0.0,2.0,124.0,1.0,0.0,0.0,0.5,0.0,0.0,1.0,1.0,24.0,1.0,125.5,1.0,2.8,1.0,0.0,0.0,0.0,4.0,6.0,0.9458114467413361,0.054188553258663855,5
522,16,1.0,0.0,1.0,4.0,0.0,2.0,124.0,1.0,0.0,0.0,0.27,0.0,0.0,1.0,0.0,24.0,1.0,0.0,1.0,2.94444444444444,1.0,0.0,0.444444444444444,0.0,4.0,6.0,0.7593759738793799,0.24062402612062003,1
522,17,1.0,0.0,1.0,4.0,0.0,2.0,124.0,1.0,0.0,0.0,0.27,0.0,0.0,1.0,0.0,24.0,1.0,0.0,1.0,0.0,1.0,0.0,0.444444444444444,0.0,4.0,6.0,0.860788052250564,0.13921194774943596,2
522,18,1.0,0.0,1.0,4.0,2.0,2.0,124.0,1.0,0.0,0.0,0.27,0.0,0.0,1.0,0.0,24.0,1.0,3.57777777777778,1.0,2.94444444444444,1.0,0.0,0.444444444444444,0.0,4.0,6.0,0.5617985586459169,0.4382014413540832,1
522,19,1.0,0.0,1.0,4.0,23.0,2.0,124.0,1.0,0.0,0.0,0.27,0.0,0.0,1.0,0.0,24.0,1.0,0.0,1.0,0.0,0.0,0.0,0.444444444444444,0.0,4.0,6.0,0.9164519417897318,0.08354805821026821,4
845,0,3.0,0.0,1.0,16.0,0.0,2.0,38.0,1.0,0.0,0.0,0.09,0.0,39.0,1.0,0.0,35.0,3.0,4.59523809523809,2.0,6.80952380952381,1.0,0.0,1.0,0.0,1.0,0.0,0.7958883920934356,0.2041116079065643,1
845,1,0.0,0.0,1.0,16.0,0.0,2.0,38.0,1.0,0.0,0.0,0.09,0.0,39.0,1.0,0.0,0.0,3.0,4.59523809523809,2.0,6.80952380952381,1.0,0.0,1.0,0.0,1.0,0.0,0.9805382455334517,0.019461754466548256,2
845,2,0.0,0.0,1.0,16.0,0.0,2.0,38.0,1.0,0.0,0.0,0.09,0.0,39.0,1.0,0.0,0.0,3.0,0.6,2.0,6.80952380952381,1.0,0.0,1.0,0.0,1.0,0.0,0.9907008496361297,0.009299150363870273,3
845,3,0.0,0.0,1.0,16.0,0.0,2.0,38.0,1.0,0.0,0.0,0.09,0.0,39.0,1.0,0.0,0.0,3.0,0.6,2.0,0.0,1.0,0.0,1.0,0.0,1.0,0.0,0.9946012177684347,0.005398782231565366,4
845,4,1.0,0.0,1.0,16.0,0.0,2.0,38.0,1.0,0.0,0.0,0.09,0.0,39.0,1.0,0.0,0.0,3.0,0.6,2.0,0.0,1.0,0.0,1.0,0.0,1.0,0.0,0.9952531165603723,0.004746883439627693,4
845,5,1.0,0.0,1.0,16.0,0.0,2.0,38.0,1.0,0.0,0.0,0.1,0.0,39.0,1.0,0.0,0.0,3.0,0.6,2.0,0.0,1.0,0.0,1.0,0.0,1.0,0.0,0.9954260577091576,0.004573942290842392,5
845,6,3.0,0.0,1.0,16.0,0.0,2.0,38.0,1.0,0.0,0.0,0.1,0.0,39.0,1.0,0.0,0.0,3.0,0.6,2.0,0.0,1.0,0.0,1.0,0.0,1.0,0.0,0.9960940331480982,0.0039059668519017795,5
845,7,0.0,0.0,1.0,16.0,0.0,2.0,38.0,1.0,0.0,0.0,0.09,0.0,39.0,1.0,0.0,0.0,3.0,4.59523809523809,2.0,6.80952380952381,1.0,0.0,1.0,0.0,1.0,21.0,0.9825863615396356,0.017413638460364353,3
845,8,0.0,0.0,1.0,16.0,0.0,2.0,38.0,1.0,0.0,0.0,0.1,0.0,39.0,1.0,0.0,0.0,3.0,4.59523809523809,2.0,6.80952380952381,1.0,0.0,1.0,0.0,1.0,21.0,0.9832130012353999,0.016786998764600134,4
845,9,3.0,0.0,1.0,16.0,0.0,2.0,38.0,1.0,0.0,0.0,0.1,0.0,39.0,1.0,0.0,0.0,3.0,4.59523809523809,2.0,6.80952380952381,1.0,0.0,1.0,0.0,1.0,21.0,0.9838548756992209,0.01614512430077912,4
845,10,3.0,0.0,1.0,16.0,23.0,2.0,38.0,1.0,0.0,0.0,0.1,0.0,39.0,1.0,0.0,0.0,3.0,4.59523809523809,2.0,6.80952380952381,1.0,0.0,1.0,0.0,1.0,21.0,0.9842774809539648,0.015722519046035145,5
845,11,0.0,0.0,1.0,16.0,0.0,2.0,38.0,1.0,0.0,0.0,0.09,0.0,39.0,1.0,1.0,35.0,3.0,4.59523809523809,2.0,6.80952380952381,1.0,0.0,1.0,0.0,1.0,0.0,0.9249296078884938,0.07507039211150625,2
845,12,0.0,0.0,1.0,16.0,0.0,2.0,38.0,1.0,0.0,0.0,0.09,0.0,39.0,1.0,1.0,35.0,3.0,4.59523809523809,2.0,1.5,1.0,0.0,1.0,0.0,1.0,0.0,0.9406715123732139,0.059328487626786136,3
845,13,40.0,0.0,1.0,16.0,0.0,2.0,38.0,1.0,0.0,0.0,0.5,0.0,39.0,1.0,0.0,35.0,3.0,4.59523809523809,2.0,6.80952380952381,1.0,0.0,1.0,0.0,1.0,0.0,0.508780302465528,0.4912196975344721,1
845,14,0.0,0.0,1.0,16.0,0.0,2.0,38.0,1.0,0.0,0.0,0.09,0.0,39.0,1.0,0.0,0.0,3.0,4.59523809523809,2.0,6.80952380952381,1.0,0.0,0.0,0.0,1.0,0.0,0.9955202227023148,0.004479777297685205,3
845,15,0.0,0.0,1.0,16.0,0.0,2.0,38.0,1.0,0.0,0.0,0.1,0.0,39.0,1.0,0.0,0.0,3.0,4.59523809523809,2.0,6.80952380952381,1.0,0.0,0.0,0.0,1.0,0.0,0.9956834746947164,0.0043165253052836385,4
845,16,0.0,0.0,1.0,16.0,0.0,2.0,38.0,1.0,0.0,0.0,0.1,0.0,39.0,1.0,0.0,0.0,3.0,4.59523809523809,2.0,5.6,1.0,0.0,0.0,0.0,1.0,0.0,0.9957933698893339,0.004206630110666111,5
845,17,0.0,0.0,1.0,16.0,0.0,3.0,38.0,1.0,0.0,0.0,0.09,0.0,39.0,1.0,0.0,0.0,3.0,4.59523809523809,2.0,6.80952380952381,1.0,0.0,1.0,0.0,1.0,0.0,0.9815987720661057,0.018401227933894274,3
845,18,0.0,0.0,1.0,16.0,0.0,2.0,38.0,1.0,0.0,0.0,0.09,0.0,39.0,1.0,0.0,0.0,3.0,4.59523809523809,2.0,0.0,1.0,0.0,1.0,0.0,1.0,0.0,0.9836739411307772,0.0163260588692228,3
845,19,1.0,0.0,1.0,16.0,0.0,2.0,38.0,1.0,0.0,0.0,0.09,0.0,39.0,1.0,0.0,0.0,3.0,4.59523809523809,2.0,0.0,1.0,0.0,1.0,0.0,1.0,0.0,0.9852873937623969,0.014712606237603098,3
