test_idx,candidate_id,CountDeclMethodDefault,AvgEssential,CountDeclClassMethod,AvgLineComment,CountDeclMethodProtected,RatioCommentToCode,AvgLineBlank,PercentLackOfCohesion,MaxInheritanceTree,CountClassDerived,CountClassCoupled,CountClassBase,CountInput_Mean,CountInput_Min,CountOutput_Mean,CountOutput_Min,CountPath_Min,MaxNesting_Mean,MaxNesting_Min,Del_lines,OWN_COMMIT,MINOR_COMMIT,MINOR_LINE,MAJOR_LINE,proba0,proba1,num_features_changed,dist_unit_l2
42,0,1.0,2.0,0.0,7.0,0.0,0.92,0.0,78.0,1.0,0.0,14.0,2.0,6.8125,0.0,3.875,0.0,1.0,1.15,0.0,171.9790141582489,0.666666666666667,0.0,2.0,5.0,0.5614028939267146,0.43859710607328545,1,58.02036007128899
62,0,1.0,1.0,1.0,6.0,0.0,0.7,0.0,91.0,1.0,19.0,18.4921875,3.0,8.25174825174825,0.0,4.52447552447552,1.0,1.0,0.56,0.0,43.0,0.272727272727273,0.0,4.0,15.0,0.6042443395901778,0.3957556604098222,1,13.069575829621431
64,0,16.0,2.0,12.0,2.0,7.0,0.29,0.0,95.0,3.0,12.0,16.4990234375,3.0,4.72222222222222,0.0,5.05555555555556,1.0,1.0,1.0,0.0,199.0,0.3,0.0,3.0,15.0,0.5425344493059917,0.4574655506940083,1,7.672497059640552
65,0,1.0,1.0,1.4990234375,4.0,0.0,0.53,0.0,88.0,2.0,1.0,9.498779296875,2.0,17.8736842105263,0.0,3.95789473684211,1.0,1.0,0.5,0.0,48.0,0.571428571428571,0.0,5.0,7.0,0.5220911980184917,0.47790880198150837,2,6500976562500.0
73,0,0.0,2.0,9.0,5.0,0.0,0.63,0.0,77.0,3.0,8.0,13.0,2.0,4.78947368421053,0.0,3.84210526315789,0.0,1.0,0.785714285714286,0.0,93.0,0.5,0.0,1.0,4.5,0.5260906845937559,0.4739093154062441,1,2.360717658166491
177,0,1.0,2.0,23.0,5.0,0.0,0.63,0.0,92.0,1.0,2.0,17.0,2.0,20.9672131147541,0.0,4.32786885245902,1.0,1.0,0.650793650793651,0.0,7.498902440071106,0.333333333333333,0.0,2.0,10.0,0.5213367722033815,0.4786632277966185,1,9.106365546957903
247,0,9.0,1.0,8.0,4.0,21.0,0.4,0.0,92.0,2.0,0.0,23.49927043914795,2.0,5.32835820895522,0.0,6.41791044776119,1.0,1.0,0.987179487179487,0.0,0.4833984375,0.25,0.0,3.0,6.0,0.5040263345293658,0.4959736654706342,2,222.2629559599212
1125,0,1.0,1.0,64.0,7.0,0.0,0.4,0.0,97.0,2.0,0.0,123.0,1.0,9.41538461538462,0.0,12.5692307692308,1.0,1.0,1.78571428571429,0.0,1.450927734375,0.571428571428571,0.0,2.0,10.0,0.5374296075881952,0.4625703924118047,1,189.90224758224412
1126,0,0.0,1.0,64.0,6.0,0.0,0.67,0.0,0.0,1.0,0.0,16.49793243408203,1.0,4.72307692307692,0.0,7.10769230769231,1.0,1.0,0.434782608695652,0.0,41.0,0.333333333333333,0.0,3.0,4.0,0.5043959678054732,0.4956040321945268,1,20.150760077886453
1127,0,0.0,1.0,15.0,5.0,0.0,0.73,0.0,0.0,1.0,0.0,1.5,1.0,3.4375,0.0,5.375,1.0,1.0,0.944444444444444,0.0,15.0,0.5,0.0,3.0,1.0,0.6174714490436635,0.3825285509563366,1,5.142992041008171
500,0,10.0,2.0,12.0,5.0,0.0,0.58,0.0,87.0,1.0,0.0,1.495361328125,2.0,5.55357142857143,1.0,4.98214285714286,1.0,1.0,1.03448275862069,0.0,378.0,0.25,0.0,4.0,1.0,0.518953968564277,0.48104603143572305,1,3.9634153972533115
701,0,0.0,2.0,66.0,6.0,1.0,0.62,0.0,87.0,2.0,3.0,18.0,1.0,9.52272727272727,0.0,4.5,1.0,1.0,0.927083333333333,0.0,4.5,0.75,0.0,2.0,11.0,0.5098419603652358,0.4901580396347642,1,3.035208417642631
175,0,0.0,1.0,0.0,0.0,0.0,1.43,0.0,100.0,1.0,0.0,2.0,1.0,0.0,0.0,1.0,1.0,0.0,0.0,0.0,4.49853515625,0.346153846153846,8.0,5.0,14.0,0.5677102166862019,0.4322897833137981,1,46.8780958071652
1189,0,0.0,2.0,0.0,2.0,0.0,0.37,0.0,66.0,2.0,0.0,18.499390125274658,3.0,4.125,0.0,6.625,0.0,1.0,2.58333333333333,0.0,2.0,0.666666666666667,0.0,1.0,2.0,0.5732242400180979,0.4267757599819021,1,0.9275276329968323
1328,0,131.0,1.0,547.0,0.0,133.0,0.02,0.0,99.0,2.0,2.0,18.495731472969055,2.0,2.18934646374217,0.0,3.19964189794091,0.0,0.0,0.417198808003406,0.0,80.0,0.5,0.0,2.0,3.0,0.5276285873661721,0.47237141263382787,1,8.178920229162074
1331,0,263.0,1.0,431.0,0.0,105.0,0.02,0.0,99.0,2.0,2.0,15.497683465480804,2.0,2.60681728101467,0.0,3.50614347998415,0.0,0.0,0.452390057361377,0.0,6460.0,0.555555555555556,0.0,3.0,3.0,0.5446104840025756,0.4553895159974244,1,6.323741490373815
43,0,5.0,1.0,28.0,6.0,0.0,0.74,0.0,64.0,1.0,0.0,19.0,1.0,5.96428571428571,2.0,4.78571428571429,1.0,1.0,0.6,0.0,70.0,0.9167724609375001,0.0,4.0,2.0,0.5622482325798803,0.4377517674201196,1,1.456025639603502
125,0,59.0,1.0,0.0,11.0,0.0,3.48,0.0,0.0,1.0,1.0,18.499145925045013,1.0,0.88135593220339,0.0,0.423728813559322,0.0,1.0,0.0,0.0,72.0,0.333333333333333,0.0,5.0,5.0,0.5931230899672464,0.40687691003275356,1,0.5903234309581813
218,0,37.0,1.0,20.0,1.0,1.0,0.58,0.0,96.0,2.0,2.0,15.497724533081055,2.0,5.23863636363636,0.0,2.18181818181818,0.0,1.0,0.189473684210526,0.0,39.0,0.25,0.0,3.0,10.0,0.5377491937226428,0.46225080627735715,1,1.0964311795018633
296,0,0.0,2.0,10.0,5.0,0.0,0.38,0.0,77.0,3.0,0.0,13.0,1.0,5.4,1.0,7.26666666666667,2.0,1.0,2.0,0.0,7.498902440071106,0.4,0.0,4.0,1.0,0.5159415742519047,0.48405842574809527,1,9.106365546957903
299,0,3.0,2.0,5.0,4.0,4.0,0.25,2.0,88.0,2.0,4.0,13.49865859746933,2.0,5.91666666666667,1.0,9.83333333333333,1.0,1.0,1.4,0.0,17.0,0.4,0.0,3.0,8.0,0.5058152041457771,0.4941847958542229,1,2.9511232636125255
310,0,2.0,1.0,1.498046875,13.0,0.0,0.99,0.0,85.0,1.0,0.0,15.49853515625,1.0,7.52380952380952,2.0,5.42857142857143,1.0,1.0,0.826086956521739,0.0,95.0,0.416666666666667,0.0,6.0,2.0,0.5124404357378831,0.48755956426211683,2,19501953125000.0
321,0,13.0,2.0,0.0,8.0,4.0,0.43,1.0,91.0,3.0,2.0,1.498046875,2.0,8.18279569892473,0.0,7.67741935483871,1.0,1.0,1.57692307692308,0.0,1033.0,0.434782608695652,3.0,4.0,11.0,0.5075779676102512,0.4924220323897488,1,8.515775179581729
1399,0,5.0,2.0,0.0,7.5,1.0,0.55,3.0,100.0,2.0,1.0,10.0,1.0,5.35,0.0,7.45,1.0,0.0,1.78260869565217,0.0,6.0,0.333333333333333,0.0,1.0,2.0,0.5048208160052152,0.4951791839947848,1,0.16862268986909212
328,0,0.0,1.0,0.0,5.0,2.0,0.38,1.0,58.0,2.0,2.0,1.4970703125,1.0,7.0,2.0,8.625,2.0,1.0,1.7,0.0,235.0,0.4,0.0,4.0,4.0,0.5904735241853749,0.40952647581462504,1,3.288636464234573
331,0,1.0,1.0,0.0,1.0,2.0,0.19,0.0,50.0,2.0,0.0,19.499765396118164,2.0,6.08333333333333,1.0,7.58333333333333,1.0,1.0,1.75,0.0,31.0,0.333333333333333,0.0,5.0,2.0,0.5923007497805928,0.40769925021940717,1,0.2529735943412894
335,0,2.0,3.0,1.0,11.0,0.0,0.5,0.0,65.0,2.0,1.0,16.49951171875,1.0,5.71428571428571,1.0,12.5714285714286,1.0,1.0,2.44444444444444,0.0,452.0,0.214285714285714,0.0,4.0,5.0,0.5115635806875354,0.4884364193124647,1,0.4216390599705888
342,0,10.0,1.0,7.0,3.0,3.0,0.27,0.0,100.0,2.0,6.0,15.4921875,6.0,5.85606060606061,0.0,6.59848484848485,1.0,0.0,0.863309352517986,0.0,1.469970703125,0.269230769230769,5.0,5.0,17.0,0.5003705635562544,0.4996294364437456,2,451.47290955927775
350,0,1.0,1.0,2.0,4.0,0.0,0.42,0.0,85.0,1.0,0.0,15.4990234375,2.0,7.32258064516129,0.0,6.09677419354839,0.0,1.0,1.08571428571429,0.0,134.0,0.25,0.0,4.0,9.0,0.5172028598030469,0.482797140196953,1,2.2765709838287
359,0,11.0,1.0,0.0,5.0,0.0,0.59,0.0,90.0,1.0,0.0,1.496337890625,1.0,5.90243902439024,1.0,4.92682926829268,1.0,1.0,1.0,0.0,52.0,0.454545454545455,0.0,4.0,10.0,0.5775913117802067,0.4224086882197933,1,4.300496106395977
1419,0,4.0,1.0,0.0,8.0,0.0,0.52,2.0,83.0,1.0,0.0,6.4990234375,2.0,5.40740740740741,1.0,9.51851851851852,0.0,1.0,1.27586206896552,0.0,90.0,0.545454545454545,0.0,1.0,3.0,0.5496163727838248,0.45038362721617514,1,6.323515540687589
1420,0,0.0,1.0,0.0,2.0,2.0,0.34,0.0,79.0,2.0,2.0,19.499894380569458,3.0,4.28571428571429,1.0,5.64285714285714,0.0,1.0,0.6875,0.0,29.0,0.444444444444444,0.0,2.0,2.0,0.6281894146814571,0.371810585318543,1,0.08432915476704084
360,0,6.0,2.0,0.0,2.0,1.0,0.29,0.0,100.0,3.0,1.0,18.49927067756653,2.0,6.43548387096774,0.0,5.24193548387097,1.0,0.0,1.10526315789474,0.0,49.0,0.333333333333333,0.0,2.0,8.0,0.518668672743861,0.4813313272561391,1,1.939283913805398
1437,0,2.0,2.0,0.0,3.0,8.0,0.42,0.0,80.0,1.0,2.0,17.49853515625,1.0,4.30769230769231,1.0,5.69230769230769,0.0,1.0,1.17647058823529,0.0,21.0,0.285714285714286,0.0,3.0,2.0,0.6031612172592498,0.3968387827407502,1,1.0962944900426455
411,0,37.0,1.0,27.0,6.0,14.0,0.46,1.0,97.0,1.0,4.0,1.482421875,2.0,10.2378640776699,0.0,6.83980582524272,0.0,1.0,1.02739726027397,0.0,1.478515625,0.283950617283951,6.0,5.0,20.0,0.5036915066489385,0.4963084933510615,2,1020.2860711257111
1444,0,27.0,1.0,9.0,6.0,0.0,0.79,0.0,88.0,1.0,1.0,16.0,2.0,6.75,1.0,4.32142857142857,1.0,1.0,0.915254237288136,0.0,42.0,0.916748046875,0.0,2.0,1.0,0.5235621035238701,0.4764378964761299,1,0.9838244732625491
412,0,16.0,1.0,8.0,4.0,29.0,0.3,0.0,96.0,3.0,2.0,6.45751953125,7.0,5.9811320754717,0.0,8.05031446540881,1.0,1.0,1.21764705882353,0.0,1.291015625,0.26984126984127,11.0,3.0,21.0,0.5079721195525055,0.49202788044749446,2,891.6031645425392
1445,0,8.0,1.0,7.0,2.0,3.0,0.33,0.0,93.0,1.0,1.0,9.49963665008545,2.0,4.87234042553191,0.0,6.84042553191489,1.0,1.0,0.919191919191919,0.0,0.483642578125,0.243243243243243,5.0,4.0,7.0,0.5204283503788213,0.4795716496211787,2,1335.8629941878607
428,0,7.0,2.0,2.0,2.0,0.0,0.31,0.0,87.0,2.0,2.0,15.499512791633606,2.0,4.02941176470588,0.0,5.29411764705882,1.0,1.0,1.3,0.0,292.0,0.357142857142857,0.0,4.0,9.0,0.5839648782795424,0.41603512172045765,1,0.5902615689271895
446,0,1.0,3.0,0.0,5.0,1.0,0.33,0.0,96.0,2.0,0.0,19.49755859375,2.0,5.46774193548387,0.0,5.85483870967742,1.0,1.0,2.73846153846154,0.0,131.0,0.230769230769231,0.0,5.0,7.0,0.5543110005889254,0.4456889994110747,1,2.1081952998529427
1461,0,7.0,1.0,0.0,6.0,0.0,0.67,0.0,65.0,1.0,0.0,14.499148547649384,2.0,5.23076923076923,1.0,5.76923076923077,1.0,1.0,0.941176470588235,0.0,66.0,0.625,0.0,1.0,2.0,0.5248333820597813,0.4751666179402187,1,0.7589456785966979
465,0,11.0,1.0,4.0,8.0,0.0,0.68,0.0,100.0,2.0,1.0,8.499390840530396,2.0,7.0,0.0,6.96296296296296,1.0,0.0,0.939393939393939,0.0,0.455078125,0.363636363636364,0.0,4.0,8.0,0.5090579068137366,0.49094209318626336,2,156.87715889739806
466,0,0.0,1.0,0.0,2.0,0.0,2.25,0.0,100.0,1.0,1.0,17.49988704919815,2.0,2.5,0.0,0.86,0.0,1.0,0.0,0.0,73.0,0.2,0.0,2.0,13.0,0.5141492800355765,0.48585071996442347,1,0.08433039100259077
467,0,11.0,1.0,3.0,3.0,0.0,0.44,0.0,92.0,1.0,2.0,17.49963879585266,2.0,7.61458333333333,0.0,3.875,1.0,1.0,0.613207547169811,0.0,1.3623046875,0.25,2.0,6.0,11.0,0.525829317613952,0.474170682386048,2,417.265485649406
470,0,4.0,2.0,1.0,5.0,5.0,0.37,2.0,87.0,2.0,0.0,23.0,4.0,8.48,0.0,7.04,1.0,1.0,1.37037037037037,0.0,19.486328125,0.3,0.0,6.0,7.0,0.5384506005142513,0.46154939948574875,1,46.211838577467816
1467,0,15.0,1.0,6.0,4.0,6.0,0.44,0.0,94.0,2.0,2.0,17.499269485473633,3.0,5.58730158730159,0.0,5.20634920634921,1.0,1.0,1.07575757575758,0.0,0.43115234375,0.368421052631579,0.0,2.0,6.0,0.5191059087217254,0.4808940912782746,2,595.2855416017613
476,0,12.0,1.0,0.0,4.0,0.0,1.85,0.0,100.0,1.0,1.0,8.0,2.0,5.79545454545455,0.0,0.818181818181818,0.0,1.0,0.0,0.0,164.0,0.363636363636364,0.0,4.0,2.4996341466903687,0.5266859790933144,0.4733140209066856,1,3.0354551823193012
479,0,25.0,2.0,12.0,4.0,3.0,0.32,0.0,100.0,2.0,3.0,15.498414099216461,2.0,6.25806451612903,2.0,5.96774193548387,1.0,1.0,1.23287671232877,0.0,51.0,0.333333333333333,0.0,2.0,9.0,0.59046297608022,0.40953702391978,1,1.7708056624817496
494,0,2.0,2.0,1.0,5.0,8.0,0.35,0.0,86.0,2.0,0.0,20.0,2.0,5.7741935483871,1.0,7.35483870967742,1.0,1.0,1.69444444444444,0.0,4.494140625,0.375,0.0,3.0,4.0,0.604672502915871,0.395327497084129,1,49.57902291579011
5,0,3.0,1.0,0.0,1.0,0.0,0.19,0.0,94.0,2.0,0.0,35.498291015625,5.0,3.30841121495327,0.0,3.91588785046729,0.0,1.0,0.761467889908257,0.0,412.0,0.25,0.0,6.0,7.0,0.526439229121983,0.4735607708780169,1,4.131544075335706
22,0,0.0,1.0,0.0,0.0,0.0,0.25,0.0,75.0,1.0,1.0,18.499879598617554,4.0,2.33333333333333,0.0,5.5,0.0,1.0,1.375,0.0,40.0,0.666666666666667,0.0,2.0,2.0,0.5600959001521921,0.4399040998478079,1,0.08433164733953236
1485,0,0.0,1.0,1.498046875,6.0,0.0,1.21,0.0,91.0,2.0,0.0,8.0,1.0,6.5625,0.0,3.125,1.0,1.0,0.684210526315789,0.0,118.0,0.733333333333333,0.0,1.0,2.0,0.755920632118443,0.244079367881557,1,11501953125000.0
589,0,7.0,1.0,6.0,0.0,9.0,0.08,0.0,89.0,1.0,2.0,15.497194349765778,2.0,6.24675324675325,0.0,6.8961038961039,1.0,0.0,1.34146341463415,0.0,19.0,0.5,0.0,2.0,3.0,0.5140192388495086,0.4859807611504913,1,3.6258609284754146
607,0,0.0,1.0,11.0,5.0,0.0,0.43,1.0,0.0,1.0,0.0,18.499145925045013,1.0,2.75,0.0,12.3333333333333,1.0,1.0,2.21428571428571,0.0,44.0,0.75,0.0,2.0,0.0,0.5236208976661766,0.4763791023338234,1,0.5903234309581813
641,0,2.0,2.0,55.0,7.0,1.0,0.63,0.0,86.0,1.0,2.0,1.498046875,2.0,7.95522388059702,0.0,4.58208955223881,0.0,1.0,1.22972972972973,0.0,141.0,0.2,0.0,6.0,9.0,0.5311247655763048,0.46887523442369516,1,2.7826037240316364
647,0,43.0,2.0,4.0,2.0,2.0,0.28,0.0,100.0,3.0,3.0,15.4970703125,2.0,4.91414141414141,0.0,5.59090909090909,0.0,0.0,0.858447488584475,0.0,254.0,0.333333333333333,0.0,4.0,9.0,0.5135178094472336,0.4864821905527664,1,6.829712951486101
710,0,2.0,1.0,2.0,3.0,0.0,0.42,0.0,76.0,2.0,0.0,18.499390304088593,2.0,2.41666666666667,0.0,4.95833333333333,1.0,1.0,0.6,0.0,214.0,0.125,0.0,2.0,6.0,0.5442166431041009,0.4557833568958991,1,1.4333956724521069
714,0,0.0,1.0,4.0,14.0,0.0,1.22,0.0,0.0,1.0,0.0,8.499633967876434,1.0,6.0,3.0,7.25,2.0,1.0,0.833333333333333,0.0,15.0,0.5,0.0,2.0,3.0,0.5877386848590986,0.41226131514090136,1,0.25299575612493463
717,0,2.0,1.0,2.0,2.0,1.0,0.14,2.0,52.0,1.0,0.0,12.49267578125,2.0,2.86440677966102,0.0,9.16949152542373,0.0,1.0,1.03076923076923,0.0,171.99024987220764,0.285714285714286,0.0,4.0,11.0,0.5008296367766303,0.4991703632233697,2,30.791416699991537
719,0,1.0,1.0,2.0,4.0,0.0,0.16,5.0,73.0,1.0,1.0,9.49866110086441,2.0,5.09401709401709,0.0,10.7777777777778,0.0,1.0,0.524590163934426,0.0,150.0,0.375,0.0,4.0,9.0,0.563336575381437,0.436663424618563,1,10.033275815986368
721,0,0.0,1.0,4.0,5.0,0.0,0.24,4.0,78.0,1.0,0.0,19.497926354408264,2.0,3.35294117647059,1.0,15.0,1.0,1.0,0.904761904761905,0.0,69.0,0.25,0.0,6.0,4.0,0.5479668171858901,0.45203318281410987,1,2.9512467364071204
726,0,0.0,1.0,3.0,3.0,0.0,0.22,2.0,68.0,1.0,0.0,12.49951171875,2.0,5.1304347826087,1.0,9.73913043478261,1.0,1.0,0.615384615384615,0.0,37.0,0.5,0.0,4.0,4.0,0.5118752942617765,0.48812470573822353,1,1.7706205789235514
1516,0,0.0,1.0,2.0,1.0,0.0,0.2,1.0,70.0,1.0,0.0,15.5,1.0,4.41666666666667,1.0,8.58333333333333,1.0,1.0,0.857142857142857,0.0,158.0,0.75,0.0,1.0,1.0,0.5341240762589594,0.46587592374104053,1,0.2529340348036806
1519,0,0.0,1.0,3.0,4.0,0.0,0.37,1.0,64.0,1.0,0.0,1.5,1.0,3.375,2.0,7.25,1.0,1.0,1.1,0.0,11.0,0.666666666666667,0.0,1.0,2.0,0.5348617105042838,0.46513828949571623,1,2.6136516929713656
749,0,0.0,1.0,3.0,0.0,0.0,0.1,0.0,69.0,1.0,0.0,15.498414039611816,2.0,3.875,1.0,8.5,1.0,1.0,0.458333333333333,0.0,71.0,0.571428571428571,0.0,4.0,0.0,0.512119943119761,0.4878800568802391,1,1.6021829826633252
752,0,0.0,1.0,1.5,1.0,0.0,0.26,0.0,75.0,3.0,0.0,13.0,2.0,1.6,0.0,2.66666666666667,0.0,1.0,0.380952380952381,0.0,8.0,0.5,0.0,2.0,2.0,0.6910194161552844,0.3089805838447156,1,500000000000.0
753,0,0.0,1.0,2.0,0.0,0.0,0.06,0.0,96.0,1.0,0.0,14.499269485473633,2.0,1.69747899159664,0.0,2.81512605042017,1.0,1.0,0.286885245901639,0.0,14.0,0.428571428571429,0.0,4.0,5.0,0.5236771323236108,0.4763228676763892,1,1.096170665473707
755,0,0.0,2.0,4.0,1.0,0.0,0.09,2.0,66.0,2.0,0.0,12.5,2.0,4.1,0.0,8.7,1.0,1.0,1.125,0.0,9.0,0.5,0.0,4.0,4.0,0.5384369562935107,0.4615630437064893,1,3.288142452447847
758,0,0.0,1.0,2.0,5.0,0.0,0.62,1.0,0.0,3.0,0.0,9.0,1.0,4.739013671875,1.0,6.5,1.0,1.0,1.14285714285714,0.0,5.0,0.75,0.0,1.0,4.0,0.528903966020743,0.47109603397925703,1,1.4599070391098674
1528,0,0.0,1.0,6.0,1.0,0.0,0.25,1.0,60.0,1.0,0.0,9.498902320861816,1.0,4.28571428571429,1.0,7.42857142857143,2.0,1.0,1.88888888888889,0.0,7.0,0.333333333333333,0.0,1.0,3.0,0.5095449036761472,0.49045509632385276,1,1.939346027103778
1529,0,0.0,1.0,6.0,1.0,0.0,0.22,1.0,60.0,1.0,0.0,14.499269485473633,1.0,3.71428571428571,1.0,7.57142857142857,2.0,1.0,2.22222222222222,0.0,6.0,0.5,0.0,1.0,2.0,0.5704228292527362,0.4295771707472638,1,1.096170665473707
777,0,1.0,1.0,1.5,5.0,1.0,0.55,0.0,97.0,2.0,1.0,15.4912109375,2.0,17.5104895104895,0.0,5.17482517482518,0.0,1.0,0.681818181818182,0.0,316.0,0.225806451612903,4.0,5.0,14.0,0.5432761079286532,0.45672389207134684,2,14500000000000.0
1541,0,2.0,1.0,1.0,3.0,0.0,0.29,0.0,55.0,2.0,1.0,14.499635934829712,2.0,2.25,0.0,8.5,0.0,1.0,0.785714285714286,0.0,40.0,0.5,0.0,2.0,1.0,0.5012750268928781,0.498724973107122,1,0.5902408041902227
832,0,1.0,1.0,3.0,2.0,0.0,0.22,2.0,78.0,1.0,1.0,14.4990234375,1.0,4.14285714285714,1.0,8.21428571428571,1.0,1.0,0.75,0.0,10.0,0.285714285714286,0.0,4.0,5.0,0.5207551568707902,0.47924484312920984,1,1.0962121547448576
833,0,4.0,1.0,6.0,2.0,4.0,0.24,1.0,78.0,1.0,1.0,17.5,2.0,4.4,1.0,6.15,1.0,1.0,1.11538461538462,0.0,12.0,0.2,0.0,2.0,4.0,0.5671881888911372,0.43281181110886274,1,0.5901794145419212
1556,0,0.0,1.0,4.0,6.0,0.0,0.35,3.0,70.0,1.0,0.0,15.5,1.0,4.81818181818182,1.0,10.7272727272727,1.0,1.0,0.846153846153846,0.0,48.0,0.75,0.0,1.0,2.0,0.516997258541261,0.48300274145873895,1,2.9508970727096067
1560,0,6.0,1.0,0.0,0.0,0.0,0.24,0.0,95.0,1.0,0.0,19.498904407024384,4.0,1.03703703703704,0.0,1.94444444444444,0.0,1.0,0.245614035087719,0.0,68.0,0.4,0.0,2.0,6.0,0.5304822857390293,0.46951771426097066,1,7.841139820748647
843,0,4.0,1.0,4.0,7.0,0.0,0.45,0.0,80.0,3.0,0.0,1.4921875,2.0,6.51219512195122,0.0,10.609756097561,1.0,1.0,0.787234042553192,0.0,51.0,0.454545454545455,0.0,4.0,3.0,0.5404929519745318,0.4595070480254681,1,9.359876652500782
1564,0,1.0,2.0,2.0,3.0,0.0,0.2,2.0,25.0,3.0,0.0,13.5,1.0,4.0,1.0,15.9166666666667,0.0,1.0,1.4375,0.0,20.0,1.0,0.0,1.0,1.0,0.5585134901970854,0.44148650980291465,1,1.770538243625764
844,0,2.0,1.0,0.0,2.0,0.0,0.29,0.0,91.0,1.0,0.0,18.4990234375,2.0,1.30909090909091,0.0,4.72727272727273,0.0,1.0,0.233333333333333,0.0,23.0,0.153846153846154,0.0,2.0,10.0,0.6097110232934979,0.39028897670650214,1,0.7589667750066167
848,0,2.0,2.0,0.0,2.0,0.0,0.12,1.0,66.0,1.0,0.0,18.4990234375,2.0,5.5625,0.0,11.5625,1.0,1.0,1.7,0.0,8.0,0.666666666666667,0.0,2.0,4.0,0.5162458183944695,0.4837541816055305,1,2.613816363566941
852,0,1.0,3.0,0.0,34.0,0.0,0.54,15.0,33.0,1.0,0.0,19.49853515625,2.0,3.375,0.0,25.125,1.0,1.0,1.09090909090909,0.0,146.0,0.285714285714286,0.0,2.0,5.0,0.579251245659149,0.420748754340851,1,1.6021625596500062
1568,0,6.0,1.0,2.0,6.0,0.0,0.44,0.0,41.0,1.0,0.0,15.49841421842575,2.0,2.64285714285714,0.0,7.92857142857143,0.0,1.0,0.578947368421053,0.0,45.0,0.9166707038879394,0.0,1.0,4.0,0.5665966387897096,0.43340336121029044,2,2.435483629571465
874,0,47.0,1.0,6.0,0.0,22.0,0.16,0.0,100.0,3.0,9.0,16.497194349765778,2.0,3.48484848484848,0.0,3.89393939393939,0.0,0.0,0.426900584795322,0.0,34.0,0.4,0.0,3.0,6.0,0.5444654008476754,0.45553459915232464,1,3.625860928475414
892,0,8.0,2.0,9.0,1.0,1.0,0.17,1.0,80.0,3.0,0.0,14.5,1.0,4.13636363636364,1.0,7.72727272727273,1.0,1.0,1.23076923076923,0.0,115.0,0.4,0.0,3.0,2.0,0.5644430561171532,0.43555694388284677,1,2.2764063132331245
896,0,2.0,1.0,3.0,3.0,2.0,0.15,3.0,90.0,3.0,1.0,15.4951171875,2.0,4.25490196078431,0.0,13.078431372549,1.0,1.0,1.57894736842105,0.0,664.0,0.25,0.0,3.0,14.0,0.5346350966759832,0.4653649033240168,1,11.214232229274382
899,0,3.0,1.0,4.0,1.0,0.0,0.22,1.0,84.0,4.0,0.0,14.49975848197937,2.0,4.5,0.0,7.07142857142857,2.0,1.0,0.9,0.0,6.0,0.4,0.0,1.0,6.0,0.5569643331901534,0.44303566680984663,1,0.4215974500910915
1595,0,0.0,1.0,0.0,2.0,0.0,0.32,1.0,25.0,1.0,0.0,18.499879598617554,1.0,3.5,2.0,15.25,5.0,1.0,0.0,0.0,45.0,0.5,0.0,1.0,3.0,0.5281653660788386,0.4718346339211615,1,0.08433164733953236
913,0,0.0,1.0,2.0,0.0,0.0,0.09,5.0,44.0,1.0,0.0,17.499269485473633,1.0,4.5,1.0,11.8,1.0,1.0,0.583333333333333,0.0,0.48193359375,0.5,0.0,3.0,3.0,0.506152701247197,0.493847298752803,2,221.58511147980022
1598,0,0.0,1.0,3.0,4.0,0.0,0.4,2.0,63.0,1.0,0.0,6.49609375,1.0,4.66666666666667,0.0,10.4,2.0,1.0,0.705882352941177,0.0,4.0,0.5,0.0,1.0,1.0,0.5054977652417445,0.49450223475825544,1,3.120178444961028
927,0,2.0,2.0,2.0,4.0,1.0,0.27,1.0,77.0,3.0,1.0,1.496826171875,2.0,4.37142857142857,0.0,10.6857142857143,1.0,1.0,1.14285714285714,0.0,412.0,0.294117647058824,0.0,5.0,4.0,0.5317715817843343,0.46822841821566574,1,6.155263359658513
929,0,1.0,1.0,1.0,5.0,0.0,0.21,3.0,80.0,3.0,0.0,31.0,1.0,7.34782608695652,0.0,14.8695652173913,1.0,1.0,1.52,0.0,8.4677734375,0.4,0.0,7.0,4.0,0.5225652246476986,0.4774347753523014,1,195.96130214643466
938,0,0.0,1.0,3.0,3.0,0.0,0.21,1.0,75.0,2.0,0.0,8.5,2.0,2.92857142857143,0.0,9.96428571428571,0.0,1.0,1.03125,0.0,192.0,0.571428571428571,0.0,1.5,8.0,0.5195392905393942,0.4804607094606058,2,3.648840720419225
941,0,0.0,1.0,7.0,1.0,4.0,0.12,1.0,100.0,2.0,1.0,9.499267578125,2.0,7.28169014084507,0.0,8.57746478873239,0.0,0.0,0.916666666666667,0.0,426.0,0.357142857142857,0.0,2.0,6.0,0.5285322912854391,0.47146770871456095,1,3.7941340250018896
944,0,4.0,1.0,2.0,3.0,0.0,0.28,2.0,66.0,1.0,0.0,17.498414039611816,2.0,3.28571428571429,0.0,8.90476190476191,0.0,1.0,1.04166666666667,0.0,2.0,0.916748046875,0.0,4.0,8.0,0.5145530750827854,0.48544692491721464,2,1.8801332144628156
948,0,0.0,1.0,2.0,4.0,4.0,0.28,1.0,76.0,2.0,1.0,13.498903512954712,2.0,4.45454545454545,0.0,11.3030303030303,1.0,1.0,0.568181818181818,0.0,55.0,0.454545454545455,0.0,3.0,7.0,0.5101198212522706,0.4898801787477293,1,5.311799623472274
951,0,2.0,1.0,2.0,1.0,0.0,0.14,1.0,70.0,2.0,0.0,12.4990234375,2.0,3.45,0.0,6.05,0.0,1.0,0.666666666666667,0.0,14.0,0.5,0.0,3.0,1.0,0.525465350163981,0.47453464983601895,1,2.2765709838287003
27,0,0.0,1.0,2.0,0.0,0.0,0.07,1.0,68.0,1.0,0.0,42.0,2.0,4.85123966942149,0.0,5.53719008264463,1.0,1.0,0.468085106382979,0.0,4.45703125,0.294117647058824,0.0,3.0,9.0,0.6072348432148722,0.3927651567851278,1,216.87776119640031
1602,0,0.0,1.0,19.0,4.0,0.0,0.43,0.0,89.0,1.0,0.0,1.4970703125,2.0,7.0,2.0,4.6,1.0,1.0,1.0,0.0,68.0,0.5,0.0,1.0,3.0,0.5804714904179109,0.41952850958208915,1,3.288636464234573
1605,0,1.0,1.0,3.0,4.0,0.0,0.29,2.0,51.0,1.0,0.0,9.49854826927185,2.0,4.69230769230769,2.0,11.1538461538462,1.0,1.0,1.3125,0.0,21.0,0.3,0.0,1.0,4.0,0.5033270081215118,0.4966729918784882,1,3.4570099370573137
1607,0,0.0,1.0,2.0,1.0,0.0,0.23,0.0,71.0,1.0,0.0,1.49658203125,1.0,4.35714285714286,0.0,5.92857142857143,0.0,1.0,0.5,0.0,65.0,0.6,0.0,1.0,2.0,0.5407198309194867,0.45928016908051333,1,2.95147341979412
1002,0,0.0,1.0,2.0,5.0,0.0,0.28,1.0,50.0,1.0,0.0,15.499512791633606,2.0,2.44444444444444,1.0,9.33333333333333,1.0,1.0,0.692307692307692,0.0,4.0,0.333333333333333,0.0,1.0,3.0,0.5196343102096328,0.48036568979036715,1,0.5902615689271895
1006,0,0.0,1.0,2.0,4.0,0.0,0.27,1.0,44.0,3.0,0.0,27.0,1.0,3.0,0.0,8.38888888888889,1.0,1.0,0.666666666666667,0.0,1.498046875,0.3535563151041664,0.0,4.0,5.0,0.5149518206926396,0.48504817930736044,2,7.765660134840986
1036,0,6.0,1.0,2.0,5.0,3.0,0.29,2.0,72.0,1.0,0.0,15.498046875,2.0,6.17391304347826,0.0,11.5652173913043,1.0,1.0,0.935897435897436,0.0,84.0,0.9166744626485384,0.0,4.0,7.0,0.5762069046758744,0.42379309532412557,2,5.254349862191833
