project,model,method,test_idx,flip_found_ours,flip_found_lime
activemq@0,RandomForest,kfeature,39,0,0
activemq@0,RandomForest,kfeature,41,1,1
activemq@0,RandomForest,kfeature,46,0,1
activemq@0,RandomForest,kfeature,56,1,1
activemq@0,RandomForest,kfeature,65,1,1
activemq@0,RandomForest,kfeature,92,0,0
activemq@0,RandomForest,kfeature,104,1,1
activemq@0,RandomForest,kfeature,147,1,1
activemq@0,RandomForest,kfeature,148,1,1
activemq@0,RandomForest,kfeature,149,1,1
activemq@0,RandomForest,kfeature,154,1,1
activemq@0,RandomForest,kfeature,157,1,1
activemq@0,RandomForest,kfeature,203,1,1
activemq@0,RandomForest,kfeature,218,0,1
activemq@0,RandomForest,kfeature,219,0,0
activemq@0,RandomForest,kfeature,225,0,1
activemq@0,RandomForest,kfeature,230,0,1
activemq@0,RandomForest,kfeature,246,0,0
activemq@0,RandomForest,kfeature,359,0,0
activemq@0,RandomForest,kfeature,379,1,1
activemq@0,RandomForest,kfeature,393,0,1
activemq@0,RandomForest,kfeature,427,0,1
activemq@0,RandomForest,kfeature,431,1,1
activemq@0,RandomForest,kfeature,503,1,0
activemq@0,RandomForest,kfeature,505,1,1
activemq@0,RandomForest,kfeature,725,1,1
activemq@0,RandomForest,kfeature,726,0,0
activemq@0,RandomForest,kfeature,727,1,1
activemq@0,RandomForest,kfeature,737,1,1
activemq@0,RandomForest,kfeature,754,1,1
activemq@0,RandomForest,kfeature,756,1,1
activemq@0,RandomForest,kfeature,771,1,1
activemq@0,RandomForest,kfeature,773,1,1
activemq@0,RandomForest,kfeature,832,0,1
activemq@0,RandomForest,kfeature,884,0,1
activemq@0,RandomForest,kfeature,886,1,1
activemq@0,RandomForest,kfeature,913,1,1
activemq@0,RandomForest,kfeature,914,1,1
activemq@0,RandomForest,kfeature,975,1,1
activemq@0,RandomForest,kfeature,991,1,1
activemq@0,RandomForest,kfeature,1009,1,1
activemq@0,RandomForest,kfeature,1028,1,1
activemq@0,RandomForest,kfeature,1093,1,1
activemq@0,RandomForest,kfeature,1103,1,1
activemq@0,RandomForest,kfeature,1105,1,1
activemq@0,RandomForest,kfeature,1134,1,1
activemq@0,RandomForest,kfeature,1169,1,1
activemq@0,RandomForest,kfeature,1309,1,1
activemq@0,RandomForest,kfeature,1318,1,1
activemq@0,RandomForest,kfeature,1335,1,1
activemq@0,RandomForest,kfeature,1795,1,1
activemq@0,RandomForest,kfeature,1366,1,1
activemq@0,RandomForest,kfeature,1429,1,1
activemq@0,RandomForest,kfeature,1496,1,1
activemq@0,RandomForest,kfeature,1582,1,0
activemq@0,RandomForest,kfeature,1583,1,1
activemq@0,RandomForest,kfeature,1594,1,1
activemq@0,RandomForest,kfeature,1595,1,1
activemq@0,RandomForest,kfeature,1598,1,1
activemq@0,RandomForest,kfeature,1600,1,1
activemq@0,RandomForest,kfeature,1601,1,1
activemq@0,RandomForest,kfeature,1712,1,1
activemq@0,RandomForest,kfeature,1721,1,1
activemq@0,RandomForest,kfeature,1722,0,0
activemq@0,RandomForest,kfeature,1735,1,1
