project,model,method,test_idx,pred_label,spearman,kendall,top3_overlap,top5_overlap,our_importance_json,lime_importance_json,feature_names_json
activemq@0,RandomForest,kfeature,39,1,0.3252967307694684,0.25935354708623826,0.3333333333333333,0.4,"[3.1679787493610134e-09, 3.1679629095464658e-09, 3.1679629095464658e-09, 3.167981917323923e-09, 3.1679787493610134e-09, 3.1679629095464658e-09, 3.1680896280628474e-09, 3.1679945891755614e-09, 3.1679629095464658e-09, 0.005419412948382091, 0.01695093902249941, 0.03063144975293742, 3.1680262688046566e-09, 0.6418989838130924, 0.02348411221642931, 3.1679945891755614e-09, 0.020697861990347382, 3.167998549129198e-09, 0.08478635903182404, 3.1679945891755614e-09, 3.1679945891755614e-09, 3.1679629095464658e-09, 0.08219438483764094, 3.1691825752666413e-09, 3.1679629095464658e-09, 0.09393643936182844, 3.1680262688046566e-09]","[0.01482417530359326, 0.05992654127878965, 0.0044427856369529395, 0.009761599107061512, 0.042472817284495396, 0.013720735323661032, 0.10163150489855595, 0.0009939176847917862, 0.0029481431541560767, 0.0036920121351441946, 0.0042874266377976675, 0.12485532724807803, 0.06250334623507389, 0.10285988346374977, 0.036366379399167495, 0.07109383931648881, 0.004886599035729819, 0.0027382198277985624, 0.04839118238056579, 0.04269201826887752, 0.07243993853963833, 0.003855234981390256, 0.029126090337084475, 0.08656918108043694, 0.0038178195457390877, 0.0043472511575259045, 0.04475603073765594]","[""CountDeclMethodPrivate"", ""CountDeclMethodDefault"", ""AvgEssential"", ""CountDeclClassVariable"", ""CountDeclClassMethod"", ""AvgLineComment"", ""AvgCyclomaticModified"", ""CountDeclClass"", ""CountDeclMethodProtected"", ""CountDeclInstanceVariable"", ""CountDeclMethodPublic"", ""RatioCommentToCode"", ""AvgLineBlank"", ""PercentLackOfCohesion"", ""MaxInheritanceTree"", ""CountClassDerived"", ""CountClassCoupled"", ""CountClassBase"", ""CountInput_Mean"", ""CountInput_Min"", ""CountOutput_Min"", ""MaxNesting_Min"", ""ADEV"", ""OWN_COMMIT"", ""MINOR_COMMIT"", ""MINOR_LINE"", ""MAJOR_LINE""]"
activemq@0,RandomForest,kfeature,41,1,0.15361733140667738,0.14002055137817102,0.0,0.0,"[4.961683943347446e-09, 4.961336649781961e-09, 4.961435876514957e-09, 4.961336649781961e-09, 4.961435876514957e-09, 4.961386263148459e-09, 4.961435876514957e-09, 4.961634329980949e-09, 4.961386263148459e-09, 0.019615145539926868, 0.02418305498972439, 0.3610969110666411, 4.961485489881455e-09, 0.31745556958781934, 0.07355678213094463, 4.961411069831708e-09, 0.057210831648865576, 4.961485489881455e-09, 0.03654644005323906, 4.961386263148459e-09, 4.961336649781961e-09, 4.961336649781961e-09, 4.961336649781961e-09, 4.961336649781961e-09, 4.961336649781961e-09, 0.1103351707158302, 4.961485489881455e-09]","[0.09031123133957913, 0.005600529313046805, 0.008172167271744458, 0.005398383597032857, 0.07984105678485588, 0.051860091735424725, 0.025076770632478915, 0.1172155252251023, 0.0071930007421869765, 0.0016623119400039756, 0.01381097912493442, 0.07909998982075374, 0.042537882749429864, 0.028194360722013437, 0.024041197874607293, 0.10623343590662863, 0.018502940347480155, 0.010905922690263374, 0.017848689167727316, 0.010746033470483519, 0.04278177561067338, 0.00039472923304492664, 0.04200054424712847, 0.15934246634220062, 0.0014329937792185977, 0.007891955091075044, 0.00190303524088113]","[""CountDeclMethodPrivate"", ""CountDeclMethodDefault"", ""AvgEssential"", ""CountDeclClassVariable"", ""CountDeclClassMethod"", ""AvgLineComment"", ""AvgCyclomaticModified"", ""CountDeclClass"", ""CountDeclMethodProtected"", ""CountDeclInstanceVariable"", ""CountDeclMethodPublic"", ""RatioCommentToCode"", ""AvgLineBlank"", ""PercentLackOfCohesion"", ""MaxInheritanceTree"", ""CountClassDerived"", ""CountClassCoupled"", ""CountClassBase"", ""CountInput_Mean"", ""CountInput_Min"", ""CountOutput_Min"", ""MaxNesting_Min"", ""ADEV"", ""OWN_COMMIT"", ""MINOR_COMMIT"", ""MINOR_LINE"", ""MAJOR_LINE""]"
activemq@0,RandomForest,kfeature,46,1,0.49502169542837615,0.3387904795452287,0.0,0.4,"[1.8261768071637057e-09, 1.8261804594881013e-09, 1.8261621978661225e-09, 1.8262717675979946e-09, 1.8261621978661225e-09, 1.8261804594881013e-09, 1.8262169827320586e-09, 1.8261667632716171e-09, 1.8261713286771118e-09, 0.003867813361244842, 0.04765143993835271, 0.29536015541337207, 1.8262169827320586e-09, 0.5045735975361495, 1.8261621978661225e-09, 1.8261804594881013e-09, 0.012995848584035343, 1.8261926339027537e-09, 0.06786440495170604, 1.826235244354037e-09, 1.8261804594881013e-09, 1.8261621978661225e-09, 0.027074682571723505, 1.8275318195145222e-09, 1.8261621978661225e-09, 0.04061202294450418, 1.8261987211100797e-09]","[0.0019378846001355439, 0.0034404731157222025, 0.006701369899841534, 0.042884571153282786, 0.018928953973516478, 0.0010033069211839685, 0.005474827266997699, 0.023338445490022185, 0.0022130894719578796, 0.021348259902629316, 0.08372259886772826, 0.07597717869473691, 0.04477629473048662, 0.013858301147187313, 0.013770515992103282, 0.05808494751659252, 0.0047065974978976535, 0.0014907751051330207, 0.0317303188208977, 0.042091262285080956, 0.02563011616731852, 0.0014960367543658062, 0.26535442168042855, 0.16244334358970572, 0.0046343292179762486, 0.006147611281239327, 0.03681416885583184]","[""CountDeclMethodPrivate"", ""CountDeclMethodDefault"", ""AvgEssential"", ""CountDeclClassVariable"", ""CountDeclClassMethod"", ""AvgLineComment"", ""AvgCyclomaticModified"", ""CountDeclClass"", ""CountDeclMethodProtected"", ""CountDeclInstanceVariable"", ""CountDeclMethodPublic"", ""RatioCommentToCode"", ""AvgLineBlank"", ""PercentLackOfCohesion"", ""MaxInheritanceTree"", ""CountClassDerived"", ""CountClassCoupled"", ""CountClassBase"", ""CountInput_Mean"", ""CountInput_Min"", ""CountOutput_Min"", ""MaxNesting_Min"", ""ADEV"", ""OWN_COMMIT"", ""MINOR_COMMIT"", ""MINOR_LINE"", ""MAJOR_LINE""]"
activemq@0,RandomForest,kfeature,56,1,0.046680554642734816,0.06992694716218728,0.0,0.2,"[2.1548751877056626e-09, 2.1548751877056626e-09, 2.1548967364575395e-09, 2.1548751877056626e-09, 2.1548751877056626e-09, 2.1548832684876163e-09, 2.1548967364575395e-09, 2.1548967364575395e-09, 2.1548751877056626e-09, 0.011980569479727615, 0.015213420980079507, 0.048324979599679775, 2.1549182852094164e-09, 0.6549376825698784, 0.09584454075357027, 2.1548751877056626e-09, 0.014057201149365721, 2.15490535595829e-09, 0.09574520330416599, 2.1548751877056626e-09, 2.1548751877056626e-09, 2.1548751877056626e-09, 2.1548751877056626e-09, 2.1548751877056626e-09, 2.1548751877056626e-09, 0.06389636122067191, 2.1549613827131703e-09]","[0.07278903622324849, 0.009300615968863155, 0.011305170281393216, 0.03691313158829403, 0.04200370332322621, 0.018797204844459254, 0.01986657337560975, 0.022828175288065494, 0.0006963388859836933, 0.0314889643248414, 0.0003026243981938694, 0.08040006438514433, 0.01988053344807061, 0.03561060066726679, 0.004259162354830406, 0.07278841584008816, 0.012951200820014323, 0.01790109442889297, 0.0727709791987549, 0.003972753650875807, 0.0007944111921922547, 0.010491977138839299, 0.07361726593986438, 0.2329614083959901, 0.009882303312960534, 0.03218344482454258, 0.0532428458994937]","[""CountDeclMethodPrivate"", ""CountDeclMethodDefault"", ""AvgEssential"", ""CountDeclClassVariable"", ""CountDeclClassMethod"", ""AvgLineComment"", ""AvgCyclomaticModified"", ""CountDeclClass"", ""CountDeclMethodProtected"", ""CountDeclInstanceVariable"", ""CountDeclMethodPublic"", ""RatioCommentToCode"", ""AvgLineBlank"", ""PercentLackOfCohesion"", ""MaxInheritanceTree"", ""CountClassDerived"", ""CountClassCoupled"", ""CountClassBase"", ""CountInput_Mean"", ""CountInput_Min"", ""CountOutput_Min"", ""MaxNesting_Min"", ""ADEV"", ""OWN_COMMIT"", ""MINOR_COMMIT"", ""MINOR_LINE"", ""MAJOR_LINE""]"
activemq@0,RandomForest,kfeature,65,1,0.19187707094980336,0.11788797594829012,0.3333333333333333,0.6,"[8.516338970206986e-10, 8.516310582505045e-10, 8.51639574561087e-10, 8.51639574561087e-10, 8.516310582505045e-10, 8.516424133312812e-10, 8.516480908716694e-10, 8.516438327163783e-10, 8.516338970206986e-10, 0.0063131418864416314, 0.04419198809528516, 0.5131972720648755, 8.516310582505045e-10, 0.2958157521867897, 0.012626282921242845, 8.516310582505045e-10, 0.0177703237644364, 8.51656607182252e-10, 0.018093738396887556, 8.516310582505045e-10, 8.516353164057957e-10, 8.516310582505045e-10, 0.05411263829289315, 8.527807601791426e-10, 8.516310582505045e-10, 0.037878847060494464, 8.516821561139996e-10]","[0.026838310365833985, 0.003722905834002268, 0.0076740277198352035, 0.022265864479111823, 0.02247201403798816, 0.0009220148066585885, 0.014016950595177585, 0.009842877718553772, 0.008965906338662559, 0.013454739492547092, 0.10059466510565836, 0.26475012661317293, 0.012901799955750522, 0.003309918348578955, 0.0015346427165202961, 0.01718219248477343, 0.006404712198672475, 0.020649739520161928, 0.005984155734676204, 0.005209718195106529, 0.016312160350005555, 0.001827853880015103, 0.05732551785939964, 0.33940165415752166, 0.0032173660207897065, 0.006706216616190598, 0.006511948854635028]","[""CountDeclMethodPrivate"", ""CountDeclMethodDefault"", ""AvgEssential"", ""CountDeclClassVariable"", ""CountDeclClassMethod"", ""AvgLineComment"", ""AvgCyclomaticModified"", ""CountDeclClass"", ""CountDeclMethodProtected"", ""CountDeclInstanceVariable"", ""CountDeclMethodPublic"", ""RatioCommentToCode"", ""AvgLineBlank"", ""PercentLackOfCohesion"", ""MaxInheritanceTree"", ""CountClassDerived"", ""CountClassCoupled"", ""CountClassBase"", ""CountInput_Mean"", ""CountInput_Min"", ""CountOutput_Min"", ""MaxNesting_Min"", ""ADEV"", ""OWN_COMMIT"", ""MINOR_COMMIT"", ""MINOR_LINE"", ""MAJOR_LINE""]"
activemq@0,RandomForest,kfeature,92,1,0.03310882731158173,0.07873862063101474,0.3333333333333333,0.2,"[9.204890725624352e-10, 9.204430504099147e-10, 9.204522548404189e-10, 9.204467321821164e-10, 9.204430504099147e-10, 9.204522548404189e-10, 9.204890725624352e-10, 9.204591581632969e-10, 9.204430504099147e-10, 0.001898642821714181, 0.002004030724449909, 0.06638832415703488, 9.20479868131931e-10, 0.8392590538156597, 0.02729297825119602, 9.204435918470032e-10, 0.0034657758195875223, 9.204890725624352e-10, 0.02330053955959362, 9.204476526251667e-10, 9.204522548404189e-10, 9.204430504099147e-10, 0.00909766003070014, 9.211011671909578e-10, 9.204430504099147e-10, 0.02729297825117581, 9.20470663701427e-10]","[0.07251776149067504, 0.011593470035826682, 0.008256028098661994, 0.002231386907053708, 0.007763549922341903, 0.0031526361559890384, 0.07285777167869707, 0.013466313985376956, 0.0002719612435325438, 0.0010635942813253365, 0.0036121232150518605, 0.18948816709922064, 0.03483425338153653, 0.002336607262467447, 0.024816169855470933, 0.036605445024425504, 0.0034906286986822314, 0.05745079157146096, 0.00249081203627042, 0.015739903489612714, 0.028126644401736157, 0.004752051009643806, 0.0045078477410686, 0.3740798371960382, 0.006765456512429098, 0.0032275614535496574, 0.014501226251854918]","[""CountDeclMethodPrivate"", ""CountDeclMethodDefault"", ""AvgEssential"", ""CountDeclClassVariable"", ""CountDeclClassMethod"", ""AvgLineComment"", ""AvgCyclomaticModified"", ""CountDeclClass"", ""CountDeclMethodProtected"", ""CountDeclInstanceVariable"", ""CountDeclMethodPublic"", ""RatioCommentToCode"", ""AvgLineBlank"", ""PercentLackOfCohesion"", ""MaxInheritanceTree"", ""CountClassDerived"", ""CountClassCoupled"", ""CountClassBase"", ""CountInput_Mean"", ""CountInput_Min"", ""CountOutput_Min"", ""MaxNesting_Min"", ""ADEV"", ""OWN_COMMIT"", ""MINOR_COMMIT"", ""MINOR_LINE"", ""MAJOR_LINE""]"
activemq@0,RandomForest,kfeature,104,1,0.4217619132277653,0.3066822041020215,0.3333333333333333,0.8,"[2.6777709289704262e-09, 2.6777709289704262e-09, 2.6777709289704262e-09, 2.6778512620982955e-09, 2.6777709289704262e-09, 2.6777977066797164e-09, 2.6777709289704262e-09, 2.6777709289704262e-09, 2.677784317825071e-09, 0.004411183988097129, 0.1446237327805213, 0.11343037922864779, 2.6778244843890057e-09, 0.32966600845084504, 0.03970063447065442, 2.6777977066797164e-09, 0.04691893116031698, 2.6777977066797164e-09, 0.12274591739983633, 2.677904817516875e-09, 2.6777977066797164e-09, 2.6777709289704262e-09, 2.6777709289704262e-09, 2.6785207048305377e-09, 2.6777709289704262e-09, 0.19850316164218815, 2.6778780398075848e-09]","[0.056335152981928, 0.008808009645000347, 0.006509236523770642, 0.01363721325925521, 0.024942913411503807, 0.013477768980156506, 0.003803365505747938, 0.045179467129209734, 0.0790058965408117, 0.01710508575890912, 0.19309085442149124, 0.10268012298797524, 0.027042714367610812, 0.04379293811177473, 0.03832652749399507, 0.015763140746214228, 0.005636127868654622, 0.008636419197768988, 0.06447630317429354, 0.05587842382217246, 0.035881005422627545, 0.002398738788034385, 0.03481276902081597, 0.005712607697244231, 0.008253363480675983, 0.0772822617623895, 0.011531571899968457]","[""CountDeclMethodPrivate"", ""CountDeclMethodDefault"", ""AvgEssential"", ""CountDeclClassVariable"", ""CountDeclClassMethod"", ""AvgLineComment"", ""AvgCyclomaticModified"", ""CountDeclClass"", ""CountDeclMethodProtected"", ""CountDeclInstanceVariable"", ""CountDeclMethodPublic"", ""RatioCommentToCode"", ""AvgLineBlank"", ""PercentLackOfCohesion"", ""MaxInheritanceTree"", ""CountClassDerived"", ""CountClassCoupled"", ""CountClassBase"", ""CountInput_Mean"", ""CountInput_Min"", ""CountOutput_Min"", ""MaxNesting_Min"", ""ADEV"", ""OWN_COMMIT"", ""MINOR_COMMIT"", ""MINOR_LINE"", ""MAJOR_LINE""]"
activemq@0,RandomForest,kfeature,147,1,0.2810219881644116,0.21699757014446314,0.3333333333333333,0.4,"[1.2135422467204163e-09, 1.2135422467204163e-09, 1.2135422467204163e-09, 1.2135786529878178e-09, 1.2135422467204163e-09, 1.2135503370020608e-09, 1.2135422467204163e-09, 1.2135462918612385e-09, 1.2135422467204163e-09, 0.02698796723836578, 0.02398930434670496, 0.08522515708120847, 1.2135543821428834e-09, 0.7376710725136678, 0.017991978563404613, 1.213560449854117e-09, 0.013327391843083708, 1.213572585276584e-09, 0.061821812332365174, 1.2135422467204163e-09, 1.2135543821428834e-09, 1.2135422467204163e-09, 0.03298529302166397, 1.2156052685398406e-09, 1.2135422467204163e-09, 1.2135422467204163e-09, 1.213590788410285e-09]","[0.037757482744217974, 0.015961735286730935, 0.0045825243642394885, 0.02604172809232819, 0.023824537870632923, 0.017182992322603032, 0.01471029674141151, 0.023628073641141396, 0.006228434740735927, 0.03731952049228657, 0.08632159069594357, 0.21951025453971362, 0.0066084461442420415, 0.0015625786074365986, 0.0005580228989202962, 0.019448542971382963, 0.010850534069557922, 0.014809287185812809, 0.02395166500133655, 0.016547897128305577, 0.004357762811310037, 0.005758846863018014, 0.022131052604851934, 0.34059689676742383, 0.006050400397778648, 0.003357355794932848, 0.010341539221704745]","[""CountDeclMethodPrivate"", ""CountDeclMethodDefault"", ""AvgEssential"", ""CountDeclClassVariable"", ""CountDeclClassMethod"", ""AvgLineComment"", ""AvgCyclomaticModified"", ""CountDeclClass"", ""CountDeclMethodProtected"", ""CountDeclInstanceVariable"", ""CountDeclMethodPublic"", ""RatioCommentToCode"", ""AvgLineBlank"", ""PercentLackOfCohesion"", ""MaxInheritanceTree"", ""CountClassDerived"", ""CountClassCoupled"", ""CountClassBase"", ""CountInput_Mean"", ""CountInput_Min"", ""CountOutput_Min"", ""MaxNesting_Min"", ""ADEV"", ""OWN_COMMIT"", ""MINOR_COMMIT"", ""MINOR_LINE"", ""MAJOR_LINE""]"
activemq@0,RandomForest,kfeature,148,1,0.4899098973231849,0.3783323217318225,0.6666666666666666,0.6,"[9.962522414327879e-10, 9.961327055081268e-10, 9.961327055081268e-10, 9.961924734704574e-10, 9.96142666835182e-10, 9.961327055081268e-10, 9.961924734704574e-10, 9.961327055081268e-10, 9.96152628162237e-10, 0.006329428206934272, 0.06276682083654338, 0.29757754896636973, 9.961327055081268e-10, 0.423860643210045, 9.961327055081268e-10, 9.96152628162237e-10, 0.036353634206877566, 9.962024347975123e-10, 0.010656605241243126, 9.96142666835182e-10, 9.96152628162237e-10, 9.961327055081268e-10, 0.10338064543909355, 9.98473617366071e-10, 9.961327055081268e-10, 0.0590746549635827, 9.961924734704574e-10]","[0.027670731810559346, 0.0045770703653308, 0.005329503424853584, 0.026302595908528514, 0.032965942711640155, 0.011820849143911497, 0.009053696076404624, 0.003605033096693457, 0.03573424002049644, 0.01030685039145042, 0.08471136230497713, 0.10358635655392116, 0.009079363740193788, 0.0037601661355149757, 0.00034786964240714386, 0.03323717342855747, 0.06362996235703579, 0.008373836777411041, 0.0008669476836086245, 0.009128174426712838, 0.0064726979542354835, 0.0032804096724249818, 0.19035208305076168, 0.2872930806277874, 0.0008634444588879045, 0.007580778479091049, 0.02006977975660281]","[""CountDeclMethodPrivate"", ""CountDeclMethodDefault"", ""AvgEssential"", ""CountDeclClassVariable"", ""CountDeclClassMethod"", ""AvgLineComment"", ""AvgCyclomaticModified"", ""CountDeclClass"", ""CountDeclMethodProtected"", ""CountDeclInstanceVariable"", ""CountDeclMethodPublic"", ""RatioCommentToCode"", ""AvgLineBlank"", ""PercentLackOfCohesion"", ""MaxInheritanceTree"", ""CountClassDerived"", ""CountClassCoupled"", ""CountClassBase"", ""CountInput_Mean"", ""CountInput_Min"", ""CountOutput_Min"", ""MaxNesting_Min"", ""ADEV"", ""OWN_COMMIT"", ""MINOR_COMMIT"", ""MINOR_LINE"", ""MAJOR_LINE""]"
activemq@0,RandomForest,kfeature,149,1,0.39148872511712873,0.30092058498359253,0.3333333333333333,0.4,"[2.401304175978126e-09, 2.401304175978126e-09, 2.401328189019886e-09, 2.4013522020616456e-09, 2.401304175978126e-09, 2.401328189019886e-09, 2.401304175978126e-09, 2.401304175978126e-09, 2.401328189019886e-09, 0.01186724763899316, 2.401304175978126e-09, 0.07628943607200124, 2.401328189019886e-09, 0.7298355844966954, 2.401304175978126e-09, 2.4013522020616456e-09, 0.04746898335204405, 2.4014962803122044e-09, 0.009932620612977536, 2.401304175978126e-09, 2.401304175978126e-09, 2.401304175978126e-09, 0.07120347382744503, 2.403801532321143e-09, 2.401304175978126e-09, 0.05340260597087819, 2.401304175978126e-09]","[0.038175124215627125, 0.0038263399188792715, 0.002833734545479815, 0.028850417682841932, 0.017528211093987715, 0.00906722627658545, 0.0038638137700891606, 0.0036312902788531833, 0.018099157273623774, 0.019900395447894365, 0.05394763518615437, 0.1086341910505855, 0.017992387659445497, 0.011741322439324667, 0.012599040011898422, 0.020527688092395295, 0.09445448474769727, 0.027216890349244707, 0.026093292883570724, 0.013969636843146891, 0.0053564706000712985, 0.004989988757577546, 0.0038411136113194254, 0.4298302816207928, 0.007708059414594213, 0.011857182348726049, 0.003464623879593469]","[""CountDeclMethodPrivate"", ""CountDeclMethodDefault"", ""AvgEssential"", ""CountDeclClassVariable"", ""CountDeclClassMethod"", ""AvgLineComment"", ""AvgCyclomaticModified"", ""CountDeclClass"", ""CountDeclMethodProtected"", ""CountDeclInstanceVariable"", ""CountDeclMethodPublic"", ""RatioCommentToCode"", ""AvgLineBlank"", ""PercentLackOfCohesion"", ""MaxInheritanceTree"", ""CountClassDerived"", ""CountClassCoupled"", ""CountClassBase"", ""CountInput_Mean"", ""CountInput_Min"", ""CountOutput_Min"", ""MaxNesting_Min"", ""ADEV"", ""OWN_COMMIT"", ""MINOR_COMMIT"", ""MINOR_LINE"", ""MAJOR_LINE""]"
activemq@0,RandomForest,kfeature,154,1,0.45608655221819555,0.33240062363470185,0.3333333333333333,0.6,"[1.7547312652373578e-09, 1.7547312652373578e-09, 1.7547312652373578e-09, 1.7547400388936838e-09, 1.7547312652373578e-09, 1.7547488125500103e-09, 1.7547488125500103e-09, 1.7547312652373578e-09, 1.7547312652373578e-09, 0.006503913189336718, 0.0037165225745040406, 0.052615914484137334, 1.754783907175315e-09, 0.49229606726387054, 0.02601564749311933, 1.7547488125500103e-09, 0.05203129323155292, 1.754801454487967e-09, 0.04162503493617931, 1.7547488125500103e-09, 1.754783907175315e-09, 1.7547312652373578e-09, 0.24714863626960085, 1.757100152445428e-09, 1.7547312652373578e-09, 0.07804693896989538, 1.7547488125500103e-09]","[0.036813770128313404, 0.0044187459750471775, 0.0053168517789431175, 0.023367915102748594, 0.002537224866522653, 0.0174830315814184, 0.001774865106709344, 0.006198083446855944, 0.02725740962380405, 0.02465444471459515, 0.08520319393297385, 0.10665118377091588, 0.027493392471094166, 0.014576635519947631, 0.0007932510851638178, 0.00867281582364653, 0.05471822326850974, 0.0011727708931187264, 0.00738630763259219, 0.013543526377712847, 0.01775502967268261, 0.0009469690752800257, 0.24437358281703964, 0.2332903633589234, 0.0011813136538399711, 0.02863353793386249, 0.0037855603877386345]","[""CountDeclMethodPrivate"", ""CountDeclMethodDefault"", ""AvgEssential"", ""CountDeclClassVariable"", ""CountDeclClassMethod"", ""AvgLineComment"", ""AvgCyclomaticModified"", ""CountDeclClass"", ""CountDeclMethodProtected"", ""CountDeclInstanceVariable"", ""CountDeclMethodPublic"", ""RatioCommentToCode"", ""AvgLineBlank"", ""PercentLackOfCohesion"", ""MaxInheritanceTree"", ""CountClassDerived"", ""CountClassCoupled"", ""CountClassBase"", ""CountInput_Mean"", ""CountInput_Min"", ""CountOutput_Min"", ""MaxNesting_Min"", ""ADEV"", ""OWN_COMMIT"", ""MINOR_COMMIT"", ""MINOR_LINE"", ""MAJOR_LINE""]"
activemq@0,RandomForest,kfeature,157,1,0.36762982050022125,0.23639496858945616,0.3333333333333333,0.4,"[2.1884478691090666e-09, 2.1884478691090666e-09, 2.1884697535877577e-09, 2.1884697535877577e-09, 2.1884478691090666e-09, 2.1884916380664484e-09, 2.1884478691090666e-09, 2.1884478691090666e-09, 2.1884478691090666e-09, 2.1884478691090666e-09, 0.03244593029586083, 0.14911320370341238, 2.1884478691090666e-09, 0.44342768632157537, 0.06489185840321753, 2.1884478691090666e-09, 0.05098646064295728, 2.1884478691090666e-09, 0.09690517413554726, 2.1884478691090666e-09, 2.1884916380664484e-09, 2.1884478691090666e-09, 0.09733778651072594, 2.1912928513389083e-09, 2.1884478691090666e-09, 0.06489185840321753, 2.1884478691090666e-09]","[0.031160295856532627, 0.013964335452907794, 0.00394227504671226, 0.011877318293156788, 0.0211575314518742, 0.007226864766184915, 0.014050759033214094, 0.004159139503751158, 0.020483139301262526, 0.014906745349870876, 0.06336992101742167, 0.1418310417978869, 0.013157189661181656, 0.015513520254627135, 0.0018810825155046386, 0.014100323465499304, 0.08930297422536021, 0.016691020527242365, 0.014802055837902587, 0.009632627226170701, 0.001351508996471958, 2.351877554091037e-05, 0.03182158482812232, 0.408980023305833, 0.00017715664991584308, 0.02795210973050384, 0.0064839371293478896]","[""CountDeclMethodPrivate"", ""CountDeclMethodDefault"", ""AvgEssential"", ""CountDeclClassVariable"", ""CountDeclClassMethod"", ""AvgLineComment"", ""AvgCyclomaticModified"", ""CountDeclClass"", ""CountDeclMethodProtected"", ""CountDeclInstanceVariable"", ""CountDeclMethodPublic"", ""RatioCommentToCode"", ""AvgLineBlank"", ""PercentLackOfCohesion"", ""MaxInheritanceTree"", ""CountClassDerived"", ""CountClassCoupled"", ""CountClassBase"", ""CountInput_Mean"", ""CountInput_Min"", ""CountOutput_Min"", ""MaxNesting_Min"", ""ADEV"", ""OWN_COMMIT"", ""MINOR_COMMIT"", ""MINOR_LINE"", ""MAJOR_LINE""]"
activemq@0,RandomForest,kfeature,203,1,0.29829084602310346,0.23352022429908542,0.0,0.4,"[3.844087996474938e-09, 3.844087996474938e-09, 3.844087996474938e-09, 3.844164878234867e-09, 3.844087996474938e-09, 3.8441264373549025e-09, 3.844087996474938e-09, 3.844087996474938e-09, 3.844164878234867e-09, 3.844087996474938e-09, 0.02093600538374945, 0.050287458522689184, 3.844087996474938e-09, 0.4673380826514587, 3.844087996474938e-09, 3.8441264373549025e-09, 0.0427443403209002, 3.844087996474938e-09, 0.06961528065081424, 3.844087996474938e-09, 3.844087996474938e-09, 3.844087996474938e-09, 0.17810140583085451, 3.850430741669122e-09, 3.844087996474938e-09, 0.17097734975116197, 3.8441264373549025e-09]","[0.034623098896453514, 0.004867035617915929, 0.0025478441636465816, 0.01813563991946808, 0.03288223757193468, 0.024415462937313736, 0.014338418056669211, 0.031797455583866444, 0.004116972930883008, 0.0020008139273170696, 0.03529419067074103, 0.16874931610239935, 0.024052782287211763, 0.05000325297828848, 0.002553759310660344, 0.0049657861197152575, 0.029089108983935824, 0.06697017430451573, 0.03275669605834302, 0.0043919520370378305, 0.002729945988490888, 0.00539602431630996, 0.010043666258270375, 0.3845924179918709, 0.004080949504650875, 0.0013561780802152318, 0.0032488194018750367]","[""CountDeclMethodPrivate"", ""CountDeclMethodDefault"", ""AvgEssential"", ""CountDeclClassVariable"", ""CountDeclClassMethod"", ""AvgLineComment"", ""AvgCyclomaticModified"", ""CountDeclClass"", ""CountDeclMethodProtected"", ""CountDeclInstanceVariable"", ""CountDeclMethodPublic"", ""RatioCommentToCode"", ""AvgLineBlank"", ""PercentLackOfCohesion"", ""MaxInheritanceTree"", ""CountClassDerived"", ""CountClassCoupled"", ""CountClassBase"", ""CountInput_Mean"", ""CountInput_Min"", ""CountOutput_Min"", ""MaxNesting_Min"", ""ADEV"", ""OWN_COMMIT"", ""MINOR_COMMIT"", ""MINOR_LINE"", ""MAJOR_LINE""]"
activemq@0,RandomForest,kfeature,218,1,0.4298721083647925,0.35562973129766673,0.6666666666666666,0.4,"[1.838020509690354e-09, 1.838020509690354e-09, 1.838020509690354e-09, 1.8381124107158385e-09, 1.8380296997929023e-09, 1.8380388898954512e-09, 1.8380756503056449e-09, 1.8380450166304833e-09, 1.838020509690354e-09, 0.018166996555803235, 0.021800395499357524, 0.1421764822376968, 1.8381124107158385e-09, 0.6094200973674464, 0.02725049391466766, 1.838020509690354e-09, 0.03488063169616469, 1.8380388898954512e-09, 0.08817048286831912, 1.838020509690354e-09, 1.8380388898954512e-09, 1.838020509690354e-09, 0.030883892858263373, 1.8409107969418422e-09, 1.838020509690354e-09, 0.02725049391468786, 1.8380266364253864e-09]","[0.03722298050551878, 0.0019578347951352618, 0.004085779604832425, 0.02699832448706465, 0.016012302600652402, 0.0034760832748932683, 0.0025657800044583787, 0.023171870505790754, 0.007000494640307005, 0.025714124891178, 0.06166264096014155, 0.15298577589768078, 0.025351632751848277, 0.0025303653734146843, 0.017105733264342646, 0.011705697519473826, 0.030495164323527366, 0.02233782619837005, 0.06168215283508504, 0.009197192388754874, 0.02044330436723863, 0.002118047149221176, 0.002780212583486042, 0.3864521077701581, 0.002651249938709133, 0.01914252778946614, 0.02315279357925081]","[""CountDeclMethodPrivate"", ""CountDeclMethodDefault"", ""AvgEssential"", ""CountDeclClassVariable"", ""CountDeclClassMethod"", ""AvgLineComment"", ""AvgCyclomaticModified"", ""CountDeclClass"", ""CountDeclMethodProtected"", ""CountDeclInstanceVariable"", ""CountDeclMethodPublic"", ""RatioCommentToCode"", ""AvgLineBlank"", ""PercentLackOfCohesion"", ""MaxInheritanceTree"", ""CountClassDerived"", ""CountClassCoupled"", ""CountClassBase"", ""CountInput_Mean"", ""CountInput_Min"", ""CountOutput_Min"", ""MaxNesting_Min"", ""ADEV"", ""OWN_COMMIT"", ""MINOR_COMMIT"", ""MINOR_LINE"", ""MAJOR_LINE""]"
activemq@0,RandomForest,kfeature,219,1,0.4561216845244367,0.360006031369051,0.3333333333333333,0.4,"[1.1473365693803506e-09, 1.1473308327261871e-09, 1.1473308327261871e-09, 1.1473480426886781e-09, 1.147335422049518e-09, 1.147365252651169e-09, 1.147365252651169e-09, 1.1473339618102766e-09, 1.147332471770234e-09, 0.006075117906619449, 0.009678290605227935, 0.38273235697861385, 1.1473537793428417e-09, 0.464948937119919, 0.017010328073315536, 1.1473423060345144e-09, 0.010886610379972867, 1.1473709893053325e-09, 0.06435195794472322, 1.1473365693803506e-09, 1.1473308327261871e-09, 1.1473308327261871e-09, 0.01029572533938907, 1.1480765977674592e-09, 1.1473308327261871e-09, 0.03402065499932545, 1.1473423060345144e-09]","[0.017531759672285024, 0.00431066032207185, 0.0060296648287892435, 0.021225541823451616, 0.0046012605145602, 0.012360029260312157, 0.05822651248332538, 9.03462951382913e-05, 0.013532419493232301, 0.0013364586833986881, 0.01156751719953866, 0.10672342447647834, 0.04442411189196742, 0.03387150661955935, 0.029097297961502632, 0.03803042513667216, 0.004204365961760856, 0.09991921380987216, 0.08805236639511672, 0.017743037791516314, 0.02113871988210135, 0.0028125162705960344, 0.0012214023966157814, 0.3043259786804651, 0.0003066059779978673, 0.02361800455830081, 0.033698851613373694]","[""CountDeclMethodPrivate"", ""CountDeclMethodDefault"", ""AvgEssential"", ""CountDeclClassVariable"", ""CountDeclClassMethod"", ""AvgLineComment"", ""AvgCyclomaticModified"", ""CountDeclClass"", ""CountDeclMethodProtected"", ""CountDeclInstanceVariable"", ""CountDeclMethodPublic"", ""RatioCommentToCode"", ""AvgLineBlank"", ""PercentLackOfCohesion"", ""MaxInheritanceTree"", ""CountClassDerived"", ""CountClassCoupled"", ""CountClassBase"", ""CountInput_Mean"", ""CountInput_Min"", ""CountOutput_Min"", ""MaxNesting_Min"", ""ADEV"", ""OWN_COMMIT"", ""MINOR_COMMIT"", ""MINOR_LINE"", ""MAJOR_LINE""]"
activemq@0,RandomForest,kfeature,225,1,0.4822018887330655,0.35298815699345465,0.3333333333333333,0.4,"[1.157614730099647e-09, 1.157614730099647e-09, 1.157614730099647e-09, 1.1576436704678994e-09, 1.157614730099647e-09, 1.157622447531181e-09, 1.1576494585415502e-09, 1.157614730099647e-09, 1.157618588815414e-09, 0.006241017880693506, 0.0039006366095374724, 0.22066452100883918, 1.1576205181732976e-09, 0.5277559777986774, 0.017162797146058242, 1.157614730099647e-09, 0.012772314451353867, 1.157661034688851e-09, 0.08492709153615452, 1.1576205181732976e-09, 1.157614730099647e-09, 1.157614730099647e-09, 0.04934303962445379, 1.1589459870392616e-09, 1.157614730099647e-09, 0.0772325831056677, 1.1576494585415502e-09]","[0.04024435521600582, 0.0008387577031695316, 0.0009490559725632467, 0.009734198431708235, 0.007017484178691927, 0.01422793855713141, 0.025052284634592546, 0.03607073817071725, 0.015159952970367752, 0.011441962589232201, 0.011518870523637433, 0.15568644882653832, 0.03480161975926285, 0.030769849326039534, 0.017964085662213566, 0.006280209231586736, 0.007243639352949607, 0.0533918104620542, 0.044790360308204234, 0.0017030522246913506, 0.010473294262593044, 0.00019798511364922813, 0.029573831111290704, 0.4037478240595518, 0.006037944819129489, 0.0069332263988236865, 0.018149220133604444]","[""CountDeclMethodPrivate"", ""CountDeclMethodDefault"", ""AvgEssential"", ""CountDeclClassVariable"", ""CountDeclClassMethod"", ""AvgLineComment"", ""AvgCyclomaticModified"", ""CountDeclClass"", ""CountDeclMethodProtected"", ""CountDeclInstanceVariable"", ""CountDeclMethodPublic"", ""RatioCommentToCode"", ""AvgLineBlank"", ""PercentLackOfCohesion"", ""MaxInheritanceTree"", ""CountClassDerived"", ""CountClassCoupled"", ""CountClassBase"", ""CountInput_Mean"", ""CountInput_Min"", ""CountOutput_Min"", ""MaxNesting_Min"", ""ADEV"", ""OWN_COMMIT"", ""MINOR_COMMIT"", ""MINOR_LINE"", ""MAJOR_LINE""]"
activemq@0,RandomForest,kfeature,230,1,0.30708181193668266,0.2620712091804796,0.3333333333333333,0.4,"[1.6526296813961201e-09, 1.652569087398229e-09, 1.6525635788529662e-09, 1.6526131557603318e-09, 1.6525718416708603e-09, 1.6525801044887549e-09, 1.6526627326676975e-09, 1.652576799361597e-09, 1.6525801044887549e-09, 0.024500909272636002, 0.02450090927263711, 0.3675136159501383, 1.6525635788529662e-09, 0.25113430475705484, 0.12250453975283493, 1.6525635788529662e-09, 0.016333940065950726, 1.6526296813961201e-09, 0.08541950837463372, 1.6525718416708603e-09, 1.6525801044887549e-09, 1.6525635788529662e-09, 0.03458951829268848, 1.654720174323369e-09, 1.6525635788529662e-09, 0.0735027245127264, 1.6525966301245431e-09]","[0.03208277913643234, 0.0062478844548200085, 0.002166164340270355, 0.021524041287994827, 0.00809239161638632, 0.005818409178997474, 0.047637286709552994, 0.0016537542391912262, 0.02400218959562822, 0.021576105745210333, 0.04673202506157472, 0.1382911966284902, 0.031629493530812604, 0.002872740987402664, 0.017968842500575705, 0.021142053123225275, 0.0064062653517226315, 0.024337281328211502, 0.079166147812709, 0.01480040321398906, 0.019543159762404037, 0.0034108667931295974, 0.0007581069788239798, 0.3848584570668263, 0.006830608067879811, 0.011587304214370646, 0.018864041273368215]","[""CountDeclMethodPrivate"", ""CountDeclMethodDefault"", ""AvgEssential"", ""CountDeclClassVariable"", ""CountDeclClassMethod"", ""AvgLineComment"", ""AvgCyclomaticModified"", ""CountDeclClass"", ""CountDeclMethodProtected"", ""CountDeclInstanceVariable"", ""CountDeclMethodPublic"", ""RatioCommentToCode"", ""AvgLineBlank"", ""PercentLackOfCohesion"", ""MaxInheritanceTree"", ""CountClassDerived"", ""CountClassCoupled"", ""CountClassBase"", ""CountInput_Mean"", ""CountInput_Min"", ""CountOutput_Min"", ""MaxNesting_Min"", ""ADEV"", ""OWN_COMMIT"", ""MINOR_COMMIT"", ""MINOR_LINE"", ""MAJOR_LINE""]"
activemq@0,RandomForest,kfeature,246,1,0.28150876086298476,0.18691888526633307,0.6666666666666666,0.4,"[1.2170459466268373e-09, 1.2170410784625236e-09, 1.2170410784625236e-09, 1.2170532488733083e-09, 1.2170459466268373e-09, 1.2170654192840926e-09, 1.2171262713380158e-09, 1.2170593340787005e-09, 1.2170424307303885e-09, 0.00349235948077592, 0.00997160310164781, 0.08119733084840516, 1.2171019305164467e-09, 0.7397978934087593, 0.027065777760967327, 1.2170431068643208e-09, 0.008764157431267986, 1.2170694760876876e-09, 0.07106833778130558, 1.2170410784625236e-09, 1.2170410784625236e-09, 1.2170410784625236e-09, 0.022554815003660918, 1.217635907289622e-09, 1.2170410784625236e-09, 0.03608770327560941, 1.2170654192840926e-09]","[0.0014579897596719198, 0.031999841172621696, 0.011921365101433646, 0.006218500404091849, 0.007712450591926024, 0.007541312822599622, 0.08796187447988553, 0.020998724381317183, 0.0018284622411662947, 0.0019660067335944614, 0.005600380135625873, 0.1283963327790623, 0.07147685635080236, 0.02064243230554818, 0.046644735851561966, 0.03504707246459127, 0.005510501904825403, 0.005694620774402339, 0.16893167391034647, 0.03246779846865814, 0.02762749298019381, 0.004872211715958583, 0.004961369211966504, 0.15962718023869119, 0.01553805135035854, 0.05285467970512933, 0.034500082163969485]","[""CountDeclMethodPrivate"", ""CountDeclMethodDefault"", ""AvgEssential"", ""CountDeclClassVariable"", ""CountDeclClassMethod"", ""AvgLineComment"", ""AvgCyclomaticModified"", ""CountDeclClass"", ""CountDeclMethodProtected"", ""CountDeclInstanceVariable"", ""CountDeclMethodPublic"", ""RatioCommentToCode"", ""AvgLineBlank"", ""PercentLackOfCohesion"", ""MaxInheritanceTree"", ""CountClassDerived"", ""CountClassCoupled"", ""CountClassBase"", ""CountInput_Mean"", ""CountInput_Min"", ""CountOutput_Min"", ""MaxNesting_Min"", ""ADEV"", ""OWN_COMMIT"", ""MINOR_COMMIT"", ""MINOR_LINE"", ""MAJOR_LINE""]"
activemq@0,RandomForest,kfeature,359,1,0.5714404641738494,0.42080852579016,0.3333333333333333,0.6,"[1.8881257109009067e-09, 1.8880643489629702e-09, 1.8880596288138983e-09, 1.8880973900064746e-09, 1.888063824501962e-09, 1.8880785094101865e-09, 1.888116270602763e-09, 1.888074733290929e-09, 1.8880879497083303e-09, 0.027992373944831887, 0.04702718694346882, 0.1399618621712061, 1.8880785094101865e-09, 0.045907492061176045, 0.027992373944831887, 1.8880596288138983e-09, 0.07837864364706518, 1.8880973900064746e-09, 0.46478579718460733, 1.8880973900064746e-09, 1.8880973900064746e-09, 1.8880596288138983e-09, 1.8880596288138983e-09, 1.8886449272988306e-09, 1.8880596288138983e-09, 0.16795423422869302, 1.8880973900064746e-09]","[0.045511796665601845, 0.0033227008400084214, 0.003383351623228349, 0.011666592778412437, 0.012111663118965669, 0.015692239523616366, 0.06825190723432695, 4.948002933925837e-05, 0.05516025504702793, 0.030099986452272406, 0.12971096933963142, 0.1536918296934299, 0.003402505673775293, 0.0582807756792306, 0.010914012407488398, 0.010342327459391348, 0.1110820911349611, 0.01779732577759594, 0.007575566396379413, 0.03632857978441249, 0.048248815415512875, 0.007539408304154999, 0.05024271703083636, 0.007523513476954247, 0.004579957399165862, 0.05754164055390348, 0.03994799116037663]","[""CountDeclMethodPrivate"", ""CountDeclMethodDefault"", ""AvgEssential"", ""CountDeclClassVariable"", ""CountDeclClassMethod"", ""AvgLineComment"", ""AvgCyclomaticModified"", ""CountDeclClass"", ""CountDeclMethodProtected"", ""CountDeclInstanceVariable"", ""CountDeclMethodPublic"", ""RatioCommentToCode"", ""AvgLineBlank"", ""PercentLackOfCohesion"", ""MaxInheritanceTree"", ""CountClassDerived"", ""CountClassCoupled"", ""CountClassBase"", ""CountInput_Mean"", ""CountInput_Min"", ""CountOutput_Min"", ""MaxNesting_Min"", ""ADEV"", ""OWN_COMMIT"", ""MINOR_COMMIT"", ""MINOR_LINE"", ""MAJOR_LINE""]"
activemq@0,RandomForest,kfeature,379,1,0.3800540808616529,0.28112374229618764,0.6666666666666666,0.4,"[3.928676676444083e-09, 3.928598104481993e-09, 3.928637390463038e-09, 3.928598104481993e-09, 3.9287159624251276e-09, 3.928598104481993e-09, 3.9295016820460236e-09, 3.9287159624251276e-09, 3.928598104481993e-09, 0.11649079492260413, 0.34947237691053307, 0.13050835898428007, 3.928598104481993e-09, 0.09552245254352955, 3.928598104481993e-09, 3.928637390463038e-09, 3.928598104481993e-09, 3.9287159624251276e-09, 0.19151513921419933, 3.928637390463038e-09, 3.9287159624251276e-09, 3.928676676444083e-09, 3.928598104481993e-09, 3.928637390463038e-09, 3.928598104481993e-09, 0.11649079492260413, 3.928598104481993e-09]","[0.028047692977733088, 0.04378362282198073, 0.0084542691042957, 0.009272428806009331, 0.020922175959076566, 0.0069288763727083725, 0.09766244738635976, 0.018808991851346876, 0.0468253636644334, 0.03087032835069531, 0.08615438973685524, 0.24648672229074725, 0.00882358605412451, 0.020908165641933617, 0.017787930559506254, 0.007765810700816623, 0.03258229216272771, 0.06739242691610722, 0.043258731514437126, 0.03646092822126566, 0.07560940762237993, 0.003450212487650214, 0.027774293837684025, 0.0031639379165998662, 0.0038897783528183197, 0.003440571474376105, 0.0034746172153311745]","[""CountDeclMethodPrivate"", ""CountDeclMethodDefault"", ""AvgEssential"", ""CountDeclClassVariable"", ""CountDeclClassMethod"", ""AvgLineComment"", ""AvgCyclomaticModified"", ""CountDeclClass"", ""CountDeclMethodProtected"", ""CountDeclInstanceVariable"", ""CountDeclMethodPublic"", ""RatioCommentToCode"", ""AvgLineBlank"", ""PercentLackOfCohesion"", ""MaxInheritanceTree"", ""CountClassDerived"", ""CountClassCoupled"", ""CountClassBase"", ""CountInput_Mean"", ""CountInput_Min"", ""CountOutput_Min"", ""MaxNesting_Min"", ""ADEV"", ""OWN_COMMIT"", ""MINOR_COMMIT"", ""MINOR_LINE"", ""MAJOR_LINE""]"
activemq@0,RandomForest,kfeature,393,1,0.5044518255087149,0.39952559357218587,0.3333333333333333,0.4,"[9.377933795381955e-10, 9.377911913623959e-10, 9.377990062759658e-10, 9.377909680791513e-10, 9.37797130696709e-10, 9.377915039589387e-10, 9.378271399648173e-10, 9.37789628379682e-10, 9.377943173278238e-10, 0.00748659195413999, 0.010427752710558794, 0.11041149029624045, 9.377990062759658e-10, 0.38003362109704164, 0.0027807347438621147, 9.377990062759658e-10, 0.033368806610648186, 9.378646515499526e-10, 0.10789925807243746, 9.377990062759658e-10, 9.377990062759658e-10, 9.37789628379682e-10, 0.30588071960540014, 9.382397674013042e-10, 9.37789628379682e-10, 0.041711008028827413, 9.37789628379682e-10]","[0.008725286600370964, 0.007466864470584271, 0.002329634164152714, 0.005102756126666608, 0.020362308793797034, 0.015138080607168628, 0.02954676291453078, 0.027147202750085468, 0.028951854434892035, 0.0057636456928710205, 0.0307000840550526, 0.030735931978656594, 0.04448625478137205, 0.05045750542824299, 0.0006352711076154739, 0.0412673224210289, 0.08038951789899558, 0.0692197440517697, 0.004188455676684525, 0.019984978218397866, 0.03319133694753211, 0.00453855760823757, 0.3137371595133043, 0.053713599806513135, 0.0003785669691843221, 0.04488333526496121, 0.026957981717331485]","[""CountDeclMethodPrivate"", ""CountDeclMethodDefault"", ""AvgEssential"", ""CountDeclClassVariable"", ""CountDeclClassMethod"", ""AvgLineComment"", ""AvgCyclomaticModified"", ""CountDeclClass"", ""CountDeclMethodProtected"", ""CountDeclInstanceVariable"", ""CountDeclMethodPublic"", ""RatioCommentToCode"", ""AvgLineBlank"", ""PercentLackOfCohesion"", ""MaxInheritanceTree"", ""CountClassDerived"", ""CountClassCoupled"", ""CountClassBase"", ""CountInput_Mean"", ""CountInput_Min"", ""CountOutput_Min"", ""MaxNesting_Min"", ""ADEV"", ""OWN_COMMIT"", ""MINOR_COMMIT"", ""MINOR_LINE"", ""MAJOR_LINE""]"
activemq@0,RandomForest,kfeature,427,1,0.16717992765625425,0.11992457325666063,0.3333333333333333,0.6,"[2.5941431898403176e-09, 2.5941129253408443e-09, 2.5941258958406186e-09, 2.5941258958406186e-09, 2.594134542840468e-09, 2.5942037188392634e-09, 2.59409995484107e-09, 2.59409995484107e-09, 2.5941155194407995e-09, 0.02197721741152626, 0.05288267574850341, 0.2006615291877886, 2.5941129253408443e-09, 0.3504144832916109, 0.03846012852457112, 2.5941258958406186e-09, 0.07692025445484531, 2.5941648073399408e-09, 0.14330328170721776, 2.5941258958406186e-09, 2.594151836840167e-09, 2.59409995484107e-09, 0.05769019148983518, 2.59409995484107e-09, 2.59409995484107e-09, 0.0576901914898067, 2.594151836840167e-09]","[0.0037150464201045263, 0.010270797535045933, 0.003953750558798859, 0.025719474939186995, 0.02672168140997979, 0.06530767029599582, 0.06529035325695016, 0.026580320252229495, 0.032404966883965, 0.02093867777499396, 0.10529243780118108, 0.10072344054312969, 0.03257540472577679, 0.004272372771059205, 0.03677482685138788, 0.012541156357184757, 0.07439689923430035, 0.008599572698188335, 0.0833609110781668, 0.0129923387238853, 0.003915389441192315, 0.004770255821365191, 0.009352171162169545, 0.18797726353629673, 0.002946471983888051, 0.016372565050010668, 0.022233782893566794]","[""CountDeclMethodPrivate"", ""CountDeclMethodDefault"", ""AvgEssential"", ""CountDeclClassVariable"", ""CountDeclClassMethod"", ""AvgLineComment"", ""AvgCyclomaticModified"", ""CountDeclClass"", ""CountDeclMethodProtected"", ""CountDeclInstanceVariable"", ""CountDeclMethodPublic"", ""RatioCommentToCode"", ""AvgLineBlank"", ""PercentLackOfCohesion"", ""MaxInheritanceTree"", ""CountClassDerived"", ""CountClassCoupled"", ""CountClassBase"", ""CountInput_Mean"", ""CountInput_Min"", ""CountOutput_Min"", ""MaxNesting_Min"", ""ADEV"", ""OWN_COMMIT"", ""MINOR_COMMIT"", ""MINOR_LINE"", ""MAJOR_LINE""]"
activemq@0,RandomForest,kfeature,431,1,0.21245297167975294,0.13696999914412852,0.3333333333333333,0.6,"[3.295401530845075e-09, 3.295425069427438e-09, 3.295401530845075e-09, 3.2954180078527287e-09, 3.295401530845075e-09, 3.2954344848603836e-09, 3.2954509618680377e-09, 3.295401530845075e-09, 3.295401530845075e-09, 0.05700056357446019, 0.08794372486875807, 0.02064406939245156, 3.295401530845075e-09, 0.11783309429196297, 3.295401530845075e-09, 3.2954344848603836e-09, 0.5862914804495702, 3.2956322089522337e-09, 3.295401530845075e-09, 3.295412515516844e-09, 3.2955003928910003e-09, 3.295401530845075e-09, 0.03257175202628015, 3.295401530845075e-09, 3.295401530845075e-09, 0.0977152494879408, 3.2954509618680377e-09]","[0.05551651547073354, 0.011439857344271514, 0.020661310604138058, 0.030923125937902283, 0.013026555709076312, 0.019403159057126803, 0.012472563380867092, 0.020738950348647606, 0.07143558743918843, 0.07106579373501502, 0.30140717099491166, 0.005734444002732622, 0.0011728557581246412, 0.022416365018940638, 0.025573500534985343, 0.0019330472796465757, 0.09500123859762154, 0.009331994768553122, 0.07092916694621254, 0.03221619241021106, 0.04351680519803947, 0.005584433706611057, 0.0393738614034356, 0.0036501674444497723, 0.002884170176253142, 0.004061336758786423, 0.008529829973518083]","[""CountDeclMethodPrivate"", ""CountDeclMethodDefault"", ""AvgEssential"", ""CountDeclClassVariable"", ""CountDeclClassMethod"", ""AvgLineComment"", ""AvgCyclomaticModified"", ""CountDeclClass"", ""CountDeclMethodProtected"", ""CountDeclInstanceVariable"", ""CountDeclMethodPublic"", ""RatioCommentToCode"", ""AvgLineBlank"", ""PercentLackOfCohesion"", ""MaxInheritanceTree"", ""CountClassDerived"", ""CountClassCoupled"", ""CountClassBase"", ""CountInput_Mean"", ""CountInput_Min"", ""CountOutput_Min"", ""MaxNesting_Min"", ""ADEV"", ""OWN_COMMIT"", ""MINOR_COMMIT"", ""MINOR_LINE"", ""MAJOR_LINE""]"
activemq@0,RandomForest,kfeature,503,1,0.30154126711443363,0.2506402059138015,0.3333333333333333,0.6,"[1.169970514470329e-09, 1.1699295669354861e-09, 1.1699529655268249e-09, 1.1699412662311557e-09, 1.1699529655268249e-09, 1.1699412662311557e-09, 1.1699529655268249e-09, 1.1699373664659323e-09, 1.1699306811541215e-09, 0.004186816008404542, 0.026018064809010078, 0.46832514667091624, 1.1699412662311557e-09, 0.3282278809229263, 0.034690752688672555, 1.1699412662311557e-09, 0.01387630177744163, 1.1699529655268249e-09, 0.050014483281228456, 1.1699295669354861e-09, 1.1699529655268249e-09, 1.1699295669354861e-09, 0.057315155853140363, 1.1699295669354861e-09, 1.1699295669354861e-09, 0.017345376929313917, 1.1699295669354861e-09]","[0.04022281701772168, 0.031982567979574286, 0.005457484122808848, 0.034498131108512985, 0.02297530635127575, 0.003881865223349701, 0.038659211466211, 0.007570058209638382, 0.0007798757124790185, 0.004505749339598273, 0.04609832378295452, 0.1871839993040033, 0.018692383309131796, 0.06023458919981091, 0.030296307608853212, 0.031266679305017586, 0.0046099886779353595, 0.037611399803025226, 0.09117080597068818, 0.01549729814050594, 0.021148851653444708, 0.0011601727393756535, 0.010006430032667409, 0.17886665551375916, 0.004156322696157709, 0.012530173033245844, 0.058936552698253535]","[""CountDeclMethodPrivate"", ""CountDeclMethodDefault"", ""AvgEssential"", ""CountDeclClassVariable"", ""CountDeclClassMethod"", ""AvgLineComment"", ""AvgCyclomaticModified"", ""CountDeclClass"", ""CountDeclMethodProtected"", ""CountDeclInstanceVariable"", ""CountDeclMethodPublic"", ""RatioCommentToCode"", ""AvgLineBlank"", ""PercentLackOfCohesion"", ""MaxInheritanceTree"", ""CountClassDerived"", ""CountClassCoupled"", ""CountClassBase"", ""CountInput_Mean"", ""CountInput_Min"", ""CountOutput_Min"", ""MaxNesting_Min"", ""ADEV"", ""OWN_COMMIT"", ""MINOR_COMMIT"", ""MINOR_LINE"", ""MAJOR_LINE""]"
activemq@0,RandomForest,kfeature,505,1,0.25671400744636813,0.16809954440415772,0.6666666666666666,0.6,"[1.3576208750770725e-09, 1.3576208750770725e-09, 1.3576208750770725e-09, 1.3577294847470789e-09, 1.3576751799120755e-09, 1.3576412393901988e-09, 1.3577430609558294e-09, 1.3576208750770725e-09, 1.3576412393901988e-09, 0.040256175545403575, 1.3576208750770725e-09, 0.16468435030689985, 1.3576548155989493e-09, 0.5501677152536472, 0.030192131998457893, 1.3576208750770725e-09, 0.07380298736854914, 1.3576208750770725e-09, 1.3576208750770725e-09, 1.357648027494574e-09, 1.3576208750770725e-09, 1.3576208750770725e-09, 0.12076852392087933, 1.3594129346321742e-09, 1.3576208750770725e-09, 0.020128088451512222, 1.3576751799120755e-09]","[0.0288958443348284, 0.008855379639788642, 0.009004664574215471, 0.009037025879372248, 0.016845180208361635, 0.0015490508413974623, 0.02366456113160184, 0.01703778100219863, 0.061077298685551416, 0.0038857420377749574, 0.09164137901445873, 0.13269130204944565, 0.023719246058197366, 0.0017300477133054513, 0.021728003347994566, 0.0009474292637986233, 0.0976459584019621, 0.018355005321517598, 0.005735177711815727, 0.025809208587316865, 0.029793842824919568, 0.0048718580065706734, 0.14539090388699605, 0.20392414663073494, 0.0005191792023218166, 0.015311185172816752, 0.00033359847073678733]","[""CountDeclMethodPrivate"", ""CountDeclMethodDefault"", ""AvgEssential"", ""CountDeclClassVariable"", ""CountDeclClassMethod"", ""AvgLineComment"", ""AvgCyclomaticModified"", ""CountDeclClass"", ""CountDeclMethodProtected"", ""CountDeclInstanceVariable"", ""CountDeclMethodPublic"", ""RatioCommentToCode"", ""AvgLineBlank"", ""PercentLackOfCohesion"", ""MaxInheritanceTree"", ""CountClassDerived"", ""CountClassCoupled"", ""CountClassBase"", ""CountInput_Mean"", ""CountInput_Min"", ""CountOutput_Min"", ""MaxNesting_Min"", ""ADEV"", ""OWN_COMMIT"", ""MINOR_COMMIT"", ""MINOR_LINE"", ""MAJOR_LINE""]"
activemq@0,RandomForest,kfeature,725,1,0.5914203087576907,0.45682805638298185,0.6666666666666666,0.4,"[8.709559082168246e-10, 8.709624403861362e-10, 8.709559082168246e-10, 8.709733273349889e-10, 8.709559082168246e-10, 8.709733273349889e-10, 8.709907464531532e-10, 8.709559082168246e-10, 8.709559082168246e-10, 0.00774767624809357, 0.02152132136299316, 0.4648605234934657, 8.709559082168246e-10, 0.3529496569332288, 0.0025825593300014145, 8.709559082168246e-10, 0.019676636749394263, 8.710081655713177e-10, 0.035967798297689334, 8.709559082168246e-10, 8.709602629963656e-10, 8.709559082168246e-10, 0.06886822644548907, 8.718617023613701e-10, 8.709559082168246e-10, 0.02582558546139945, 8.709559082168246e-10]","[0.03418682347598713, 0.01365424996411671, 0.002138994578462944, 0.03522374806409432, 0.012611582284602787, 0.009155053495418005, 0.04425838918652593, 0.007718411740457361, 0.022097397918575207, 0.018560365152662905, 0.05579156417248968, 0.11493025863433198, 0.018242613280092846, 0.019357926710052386, 0.009743239947190589, 0.027745916753345288, 0.045190295659560877, 0.028312613664977254, 0.02534868023019787, 0.0023818524968186746, 0.009675727084257745, 1.869539028746273e-05, 0.11744332851503247, 0.29939216086792086, 0.0005400595942984189, 0.015167276525476489, 0.011112774612765674]","[""CountDeclMethodPrivate"", ""CountDeclMethodDefault"", ""AvgEssential"", ""CountDeclClassVariable"", ""CountDeclClassMethod"", ""AvgLineComment"", ""AvgCyclomaticModified"", ""CountDeclClass"", ""CountDeclMethodProtected"", ""CountDeclInstanceVariable"", ""CountDeclMethodPublic"", ""RatioCommentToCode"", ""AvgLineBlank"", ""PercentLackOfCohesion"", ""MaxInheritanceTree"", ""CountClassDerived"", ""CountClassCoupled"", ""CountClassBase"", ""CountInput_Mean"", ""CountInput_Min"", ""CountOutput_Min"", ""MaxNesting_Min"", ""ADEV"", ""OWN_COMMIT"", ""MINOR_COMMIT"", ""MINOR_LINE"", ""MAJOR_LINE""]"
activemq@0,RandomForest,kfeature,726,1,0.2707641516697411,0.18107767010176018,0.6666666666666666,0.6,"[9.932072038095523e-10, 9.931952854661264e-10, 9.932052174189811e-10, 9.931972718566973e-10, 9.932012446378393e-10, 9.932052174189811e-10, 9.93235013277545e-10, 9.932019067680294e-10, 9.931965269602334e-10, 0.002945023653661284, 0.007912002170562935, 0.3786457716104348, 9.932151493718359e-10, 0.4829837173034533, 0.029450227597813093, 9.931952854661264e-10, 0.009061609179241216, 9.93221770673739e-10, 0.040408754722602795, 9.931952854661264e-10, 9.931952854661264e-10, 9.931952854661264e-10, 0.019142648286222388, 9.937117470145687e-10, 9.931952854661264e-10, 0.029450227597813093, 9.932250813246906e-10]","[0.0011938737311031522, 0.014969191756283256, 0.006193028825393566, 0.005653735616120567, 0.012148920445261837, 0.02102192301286328, 0.05182869714211318, 0.014001874109659248, 0.014875265455530879, 0.002195212350426541, 0.0008652195157730478, 0.1346996563038354, 0.02710623066958467, 0.04151276212360578, 0.02337230435189933, 0.011482139128305124, 0.00015177129227069135, 0.00018243958122316056, 0.12164858762784418, 0.011599919876869298, 0.02616048499129918, 0.004787812824480837, 0.00024351750231876127, 0.38185619535773435, 0.002760378930587861, 0.051782569503943866, 0.015706287973668832]","[""CountDeclMethodPrivate"", ""CountDeclMethodDefault"", ""AvgEssential"", ""CountDeclClassVariable"", ""CountDeclClassMethod"", ""AvgLineComment"", ""AvgCyclomaticModified"", ""CountDeclClass"", ""CountDeclMethodProtected"", ""CountDeclInstanceVariable"", ""CountDeclMethodPublic"", ""RatioCommentToCode"", ""AvgLineBlank"", ""PercentLackOfCohesion"", ""MaxInheritanceTree"", ""CountClassDerived"", ""CountClassCoupled"", ""CountClassBase"", ""CountInput_Mean"", ""CountInput_Min"", ""CountOutput_Min"", ""MaxNesting_Min"", ""ADEV"", ""OWN_COMMIT"", ""MINOR_COMMIT"", ""MINOR_LINE"", ""MAJOR_LINE""]"
activemq@0,RandomForest,kfeature,727,1,0.3489734729545544,0.24304701143919502,0.3333333333333333,0.4,"[1.6860371305145993e-09, 1.686020270311896e-09, 1.686020270311896e-09, 1.686020270311896e-09, 1.686020270311896e-09, 1.686020270311896e-09, 1.6861045713254116e-09, 1.686020270311896e-09, 1.6860539907173023e-09, 0.018747704081762566, 0.06427783847136458, 0.19850508587565444, 1.686020270311896e-09, 0.23292600114751935, 0.12498468432414009, 1.6860371305145993e-09, 0.06999142396340605, 1.6861045713254116e-09, 0.21557641883181344, 1.6860877111227083e-09, 1.6860371305145993e-09, 1.686020270311896e-09, 1.686020270311896e-09, 1.6867283988254272e-09, 1.686020270311896e-09, 0.07499081126889225, 1.6860539907173023e-09]","[0.03950833749079806, 0.024522096026732023, 0.011124911106725265, 0.018552584949327267, 0.015823679551104572, 0.03146101844322538, 0.0026548778693050628, 0.01400265568039621, 0.05371820006612003, 0.03133386474188898, 0.2836779595198955, 0.0633679080494591, 0.0003814409655222241, 0.011300263543505754, 0.014197075720265576, 0.0029106411937499872, 0.06455280851779786, 0.010423668518594009, 0.1294914039835046, 0.03733149305317118, 0.06158976864348546, 0.00293271420940533, 0.03682269700544548, 0.002327765741743203, 0.002021901405394946, 0.030340976381200726, 0.0036272876222362875]","[""CountDeclMethodPrivate"", ""CountDeclMethodDefault"", ""AvgEssential"", ""CountDeclClassVariable"", ""CountDeclClassMethod"", ""AvgLineComment"", ""AvgCyclomaticModified"", ""CountDeclClass"", ""CountDeclMethodProtected"", ""CountDeclInstanceVariable"", ""CountDeclMethodPublic"", ""RatioCommentToCode"", ""AvgLineBlank"", ""PercentLackOfCohesion"", ""MaxInheritanceTree"", ""CountClassDerived"", ""CountClassCoupled"", ""CountClassBase"", ""CountInput_Mean"", ""CountInput_Min"", ""CountOutput_Min"", ""MaxNesting_Min"", ""ADEV"", ""OWN_COMMIT"", ""MINOR_COMMIT"", ""MINOR_LINE"", ""MAJOR_LINE""]"
activemq@0,RandomForest,kfeature,737,1,0.21784970622793043,0.1537237553410218,0.3333333333333333,0.4,"[3.2415381010624558e-09, 3.2414246511996638e-09, 3.241457065446176e-09, 3.2415543081857115e-09, 3.2414246511996638e-09, 3.241432754761292e-09, 3.241570515308968e-09, 3.2414246511996638e-09, 3.241457065446176e-09, 0.024028684180766174, 0.09746845550241953, 0.07457177167389482, 3.241489479692688e-09, 0.5629576709534099, 0.03844589274435399, 3.241450582596874e-09, 0.08238405217630818, 3.2415218939392e-09, 3.2414246511996638e-09, 3.241489479692688e-09, 3.24144085832292e-09, 3.2414246511996638e-09, 3.2414246511996638e-09, 3.242850878046192e-09, 3.2414246511996638e-09, 0.12014340793813225, 3.241489479692688e-09]","[0.031690637711668974, 0.016396451097122115, 0.0035014213243923877, 0.030427189529610547, 0.03561139938991592, 0.011801390484116558, 0.04579026326907509, 0.01724936678767104, 0.06520699121617732, 0.04242088129878825, 0.17718244467698482, 0.11747910669834537, 0.00803737858290705, 0.03198436362881833, 0.008600916511286338, 0.01837813349560774, 0.03825356866305286, 0.03440725238090793, 0.04613475027508071, 0.04289274394683348, 0.06159293022016715, 0.0019492104578710256, 0.0562898641806235, 0.0026951427642630775, 0.002226205137617781, 0.018640792739194546, 0.03315920353190006]","[""CountDeclMethodPrivate"", ""CountDeclMethodDefault"", ""AvgEssential"", ""CountDeclClassVariable"", ""CountDeclClassMethod"", ""AvgLineComment"", ""AvgCyclomaticModified"", ""CountDeclClass"", ""CountDeclMethodProtected"", ""CountDeclInstanceVariable"", ""CountDeclMethodPublic"", ""RatioCommentToCode"", ""AvgLineBlank"", ""PercentLackOfCohesion"", ""MaxInheritanceTree"", ""CountClassDerived"", ""CountClassCoupled"", ""CountClassBase"", ""CountInput_Mean"", ""CountInput_Min"", ""CountOutput_Min"", ""MaxNesting_Min"", ""ADEV"", ""OWN_COMMIT"", ""MINOR_COMMIT"", ""MINOR_LINE"", ""MAJOR_LINE""]"
activemq@0,RandomForest,kfeature,754,1,0.3443471743132376,0.2669769929811303,0.3333333333333333,0.4,"[1.5818872253888034e-09, 1.5817343249137298e-09, 1.5817448697740797e-09, 1.5817369611288173e-09, 1.5817765043551295e-09, 1.581729052483555e-09, 1.5817765043551295e-09, 1.5817870492154792e-09, 1.5817448697740797e-09, 0.023450716513859094, 0.023983687307765053, 0.3332470032468738, 1.5817527784193422e-09, 0.240369829634149, 0.09380286131013793, 1.581729052483555e-09, 0.03490339124814412, 1.581808138936179e-09, 0.08608747457923673, 1.581729052483555e-09, 1.5817606870646045e-09, 1.581729052483555e-09, 0.07035214637803582, 1.581729052483555e-09, 1.581729052483555e-09, 0.09380286131013793, 1.5817765043551295e-09]","[0.08781600210415344, 0.001746293139225175, 0.00404239383268982, 0.001815381503029149, 0.05898207346451938, 0.04009741283695683, 0.042001574598544575, 0.046133741218675486, 0.052267122920812176, 0.05009940798954778, 0.03590256904337961, 0.10008024724257376, 0.015071538356201569, 0.03888059473177503, 0.0037574858842793998, 0.022697954962897574, 0.025655857107191142, 0.05516276150216142, 0.06658634754797209, 0.01183229727128051, 0.013612712841697778, 0.0031414288869392737, 0.008738946838461534, 0.16502945411194012, 0.0015198769672224832, 0.029993261936698302, 0.017335261159174532]","[""CountDeclMethodPrivate"", ""CountDeclMethodDefault"", ""AvgEssential"", ""CountDeclClassVariable"", ""CountDeclClassMethod"", ""AvgLineComment"", ""AvgCyclomaticModified"", ""CountDeclClass"", ""CountDeclMethodProtected"", ""CountDeclInstanceVariable"", ""CountDeclMethodPublic"", ""RatioCommentToCode"", ""AvgLineBlank"", ""PercentLackOfCohesion"", ""MaxInheritanceTree"", ""CountClassDerived"", ""CountClassCoupled"", ""CountClassBase"", ""CountInput_Mean"", ""CountInput_Min"", ""CountOutput_Min"", ""MaxNesting_Min"", ""ADEV"", ""OWN_COMMIT"", ""MINOR_COMMIT"", ""MINOR_LINE"", ""MAJOR_LINE""]"
activemq@0,RandomForest,kfeature,756,1,-0.16609475428887638,-0.12018712189542471,0.3333333333333333,0.2,"[7.5774765055774e-09, 7.5774765055774e-09, 7.5774765055774e-09, 7.5774765055774e-09, 7.577552280342456e-09, 7.5774765055774e-09, 7.577552280342456e-09, 7.5774765055774e-09, 7.577779604637622e-09, 0.00910895352383558, 0.11086546810876852, 7.5774765055774e-09, 7.5774765055774e-09, 7.5774765055774e-09, 7.5774765055774e-09, 7.5774765055774e-09, 0.6740620076058489, 7.5774765055774e-09, 7.5774765055774e-09, 7.577552280342456e-09, 7.577628055107511e-09, 7.5774765055774e-09, 0.037447896468046804, 7.580810595239855e-09, 7.5774765055774e-09, 0.16851550758500117, 7.5774765055774e-09]","[0.07721721446303374, 0.01778519820596623, 0.010697433307617191, 0.027926154561815193, 0.0003508744752344742, 0.04897213125522647, 0.02372745095855488, 0.020051412726547726, 0.0004908155892186844, 0.006143758590445422, 0.0029295071152177768, 0.05651783300417764, 0.034001834667797354, 0.033719778256915495, 0.008178032472054026, 0.04617941528384238, 0.0875751780547396, 0.06367921096677955, 0.12225214906962746, 0.06883368230925777, 0.14283347010456468, 0.0011954637076544846, 0.04104224240054465, 0.010751567603632902, 0.0012224949019123965, 0.004130792309523869, 0.04159490363809782]","[""CountDeclMethodPrivate"", ""CountDeclMethodDefault"", ""AvgEssential"", ""CountDeclClassVariable"", ""CountDeclClassMethod"", ""AvgLineComment"", ""AvgCyclomaticModified"", ""CountDeclClass"", ""CountDeclMethodProtected"", ""CountDeclInstanceVariable"", ""CountDeclMethodPublic"", ""RatioCommentToCode"", ""AvgLineBlank"", ""PercentLackOfCohesion"", ""MaxInheritanceTree"", ""CountClassDerived"", ""CountClassCoupled"", ""CountClassBase"", ""CountInput_Mean"", ""CountInput_Min"", ""CountOutput_Min"", ""MaxNesting_Min"", ""ADEV"", ""OWN_COMMIT"", ""MINOR_COMMIT"", ""MINOR_LINE"", ""MAJOR_LINE""]"
activemq@0,RandomForest,kfeature,771,1,0.4159856367317589,0.3138750591474909,0.6666666666666666,0.4,"[9.381942223317527e-10, 9.381520057025791e-10, 9.381473149660044e-10, 9.381566964391541e-10, 9.381473149660044e-10, 9.381473149660044e-10, 9.381473149660044e-10, 9.381473149660044e-10, 9.381473149660044e-10, 0.027817945121517397, 0.003927240116976362, 0.44707410388160534, 9.381473149660044e-10, 0.2534523812738286, 0.02781794512149682, 9.381504421237209e-10, 0.014571305034202155, 9.38184840858603e-10, 0.08161301573989957, 9.381473149660044e-10, 9.381566964391541e-10, 9.381473149660044e-10, 0.08809015751884106, 9.381473149660044e-10, 9.381473149660044e-10, 0.055635889304846246, 9.381707686488784e-10]","[0.057704211190009236, 0.024259173360001118, 0.005061454429567943, 0.010418931144692131, 0.02014763904684932, 0.016344031349164196, 0.00549765004288682, 0.03550181882669823, 0.019165677711394363, 0.03232005130231309, 0.05061393785632716, 0.16993043143821043, 0.02261083757717545, 0.01747235461906958, 0.010523712522339553, 0.01226171382929254, 0.018535685280134103, 0.03373264983597666, 0.04347352403879393, 0.017226368603873117, 0.0009006133028470239, 0.0022589120080504467, 0.11780042140132856, 0.21848164281320287, 0.0008420654519644103, 0.025379164312019663, 0.011535326705818047]","[""CountDeclMethodPrivate"", ""CountDeclMethodDefault"", ""AvgEssential"", ""CountDeclClassVariable"", ""CountDeclClassMethod"", ""AvgLineComment"", ""AvgCyclomaticModified"", ""CountDeclClass"", ""CountDeclMethodProtected"", ""CountDeclInstanceVariable"", ""CountDeclMethodPublic"", ""RatioCommentToCode"", ""AvgLineBlank"", ""PercentLackOfCohesion"", ""MaxInheritanceTree"", ""CountClassDerived"", ""CountClassCoupled"", ""CountClassBase"", ""CountInput_Mean"", ""CountInput_Min"", ""CountOutput_Min"", ""MaxNesting_Min"", ""ADEV"", ""OWN_COMMIT"", ""MINOR_COMMIT"", ""MINOR_LINE"", ""MAJOR_LINE""]"
activemq@0,RandomForest,kfeature,773,1,0.5206212480422668,0.42305533917143867,0.3333333333333333,0.6,"[8.561533696686113e-10, 8.56144808306142e-10, 8.561362469436724e-10, 8.561405276249071e-10, 8.561362469436724e-10, 8.561362469436724e-10, 8.561876151184892e-10, 8.561405276249071e-10, 8.56144808306142e-10, 0.004231026188532643, 0.029291714695794852, 0.4393757084494703, 8.561362469436724e-10, 0.297380638501937, 0.02538615285048953, 8.56157650349846e-10, 0.028206836405445298, 8.56144808306142e-10, 0.02381099381926596, 8.56144808306142e-10, 8.56144808306142e-10, 8.561362469436724e-10, 0.06346538084209782, 8.561362469436724e-10, 8.561362469436724e-10, 0.08885153283637268, 8.561362469436724e-10]","[0.041464629772811346, 0.009814933540589797, 0.0013523000871031668, 0.020150837685200693, 0.013907068751398008, 0.001317474572726526, 0.027159356086721168, 0.01092434589514247, 0.02184631188723594, 0.02439454018164048, 0.1084698652139642, 0.17105047713783056, 0.0072241310834157725, 0.0060691902249092305, 0.003990787316820484, 0.008657779854303504, 0.08002580581842686, 0.03424733568735153, 0.03865364693218265, 0.01993152993266492, 0.00562164640715547, 0.0017519938083763087, 0.06465034624459014, 0.26263644550420834, 9.586037557769697e-05, 0.014313162049887196, 0.00027819794776547466]","[""CountDeclMethodPrivate"", ""CountDeclMethodDefault"", ""AvgEssential"", ""CountDeclClassVariable"", ""CountDeclClassMethod"", ""AvgLineComment"", ""AvgCyclomaticModified"", ""CountDeclClass"", ""CountDeclMethodProtected"", ""CountDeclInstanceVariable"", ""CountDeclMethodPublic"", ""RatioCommentToCode"", ""AvgLineBlank"", ""PercentLackOfCohesion"", ""MaxInheritanceTree"", ""CountClassDerived"", ""CountClassCoupled"", ""CountClassBase"", ""CountInput_Mean"", ""CountInput_Min"", ""CountOutput_Min"", ""MaxNesting_Min"", ""ADEV"", ""OWN_COMMIT"", ""MINOR_COMMIT"", ""MINOR_LINE"", ""MAJOR_LINE""]"
activemq@0,RandomForest,kfeature,832,1,0.4171465900089005,0.28555498027356846,0.0,0.6,"[1.6051097100792977e-09, 1.6051097100792977e-09, 1.6051177355877208e-09, 1.6051177355877208e-09, 1.6051097100792977e-09, 1.605101684570875e-09, 1.6051337866045662e-09, 1.6051337866045662e-09, 1.6051177355877208e-09, 0.0050099463578306, 0.008567007132264052, 0.2294733639390272, 1.6051097100792977e-09, 0.557535281939332, 0.009518896635284393, 1.605101684570875e-09, 0.04419487138808169, 1.6051979906719494e-09, 0.051503201768389406, 1.6051097100792977e-09, 1.605101684570875e-09, 1.605101684570875e-09, 0.02280568761491979, 1.6065061485448744e-09, 1.605101684570875e-09, 0.07139171433138736, 1.605101684570875e-09]","[0.04121551254178526, 0.0010965367832713817, 0.0009525078985674335, 0.029515006872100878, 0.004071155525396801, 0.017221564972427956, 0.006976262924671547, 0.0158428172249738, 0.03609691333308202, 0.001861129645167955, 0.01902927559166604, 0.0736469851337191, 0.03414130386393806, 0.02830617230263556, 0.021714581192279883, 0.00034014013527117957, 0.0902536422036758, 0.04371808982907144, 0.11416099354230529, 0.008695421099382738, 0.016680310376932208, 0.015182253495301702, 0.0003648167270859437, 0.3469203013030659, 0.0017845339256781093, 0.0160904881584906, 0.014121283398055481]","[""CountDeclMethodPrivate"", ""CountDeclMethodDefault"", ""AvgEssential"", ""CountDeclClassVariable"", ""CountDeclClassMethod"", ""AvgLineComment"", ""AvgCyclomaticModified"", ""CountDeclClass"", ""CountDeclMethodProtected"", ""CountDeclInstanceVariable"", ""CountDeclMethodPublic"", ""RatioCommentToCode"", ""AvgLineBlank"", ""PercentLackOfCohesion"", ""MaxInheritanceTree"", ""CountClassDerived"", ""CountClassCoupled"", ""CountClassBase"", ""CountInput_Mean"", ""CountInput_Min"", ""CountOutput_Min"", ""MaxNesting_Min"", ""ADEV"", ""OWN_COMMIT"", ""MINOR_COMMIT"", ""MINOR_LINE"", ""MAJOR_LINE""]"
activemq@0,RandomForest,kfeature,884,1,0.45376820173474125,0.3101918410030766,0.0,0.2,"[8.925951834977463e-10, 8.926041094495813e-10, 8.925951834977463e-10, 8.926264243291687e-10, 8.925996464736637e-10, 8.926041094495813e-10, 8.926487392087562e-10, 8.926174983773336e-10, 8.926018779616224e-10, 0.00850732558651704, 0.030089065073187038, 0.5955127294279511, 8.926398132569212e-10, 0.15502236198040628, 0.008822411686288506, 8.926041094495813e-10, 0.05293446565472414, 8.926415984472882e-10, 0.08294354178505538, 8.926130354014162e-10, 8.926041094495813e-10, 8.925951834977463e-10, 0.02646723327366859, 8.936127420069338e-10, 8.925951834977463e-10, 0.03970084946420529, 8.925981588150246e-10]","[0.07082180969671398, 0.005019857244166173, 0.005814578004454766, 0.02649117266200459, 0.011579084178290618, 0.015684624849193633, 0.014849050794417281, 0.03329484525365895, 0.011105736666907751, 0.01212631766524978, 0.08090512856593342, 0.03766855083323446, 0.0253024102213179, 0.030432730243744148, 0.017488008475377077, 0.01189329355839943, 0.05700805063441281, 0.013166100546918014, 0.040346036142950174, 0.022102566779780605, 0.04765263898894512, 0.005707291164271609, 0.13212599463484923, 0.21745146824093817, 0.0073175128695459205, 0.00873110727616212, 0.03791403380816227]","[""CountDeclMethodPrivate"", ""CountDeclMethodDefault"", ""AvgEssential"", ""CountDeclClassVariable"", ""CountDeclClassMethod"", ""AvgLineComment"", ""AvgCyclomaticModified"", ""CountDeclClass"", ""CountDeclMethodProtected"", ""CountDeclInstanceVariable"", ""CountDeclMethodPublic"", ""RatioCommentToCode"", ""AvgLineBlank"", ""PercentLackOfCohesion"", ""MaxInheritanceTree"", ""CountClassDerived"", ""CountClassCoupled"", ""CountClassBase"", ""CountInput_Mean"", ""CountInput_Min"", ""CountOutput_Min"", ""MaxNesting_Min"", ""ADEV"", ""OWN_COMMIT"", ""MINOR_COMMIT"", ""MINOR_LINE"", ""MAJOR_LINE""]"
activemq@0,RandomForest,kfeature,886,1,0.1800344688203633,0.17041878527878232,0.3333333333333333,0.2,"[1.2901611982890908e-09, 1.290174099901074e-09, 1.2901611982890908e-09, 1.290277312796937e-09, 1.2901676490950822e-09, 1.2901611982890908e-09, 1.2902128047370223e-09, 1.2901870015130566e-09, 1.2901870015130566e-09, 0.025503907857950855, 0.04442616111788931, 0.40506204677583985, 1.2901870015130566e-09, 0.23527353937649417, 0.057383791067617054, 1.2901654988264184e-09, 0.012751954574051731, 1.2902128047370223e-09, 0.14308685372206892, 1.2901676490950822e-09, 1.290193452319048e-09, 1.2901611982890908e-09, 1.2901611982890908e-09, 1.2913223433675513e-09, 1.2901611982890908e-09, 0.07651172099349234, 1.290174099901074e-09]","[0.038679389496710556, 0.012693211997137101, 0.003263482634630062, 0.05053599501096153, 0.019352977487950007, 0.014793428621469068, 0.0012328327951675253, 0.035755205523064985, 0.046432395856064734, 0.032698073349387936, 0.16578814342134643, 0.07469497968244618, 0.03549155259524405, 0.01384834082747185, 0.025353696914135363, 0.01904608919042546, 0.06612901437338214, 0.012883247206704645, 0.0005019312105500232, 0.024921576587694668, 0.03438245102596122, 0.0034503752208356452, 0.14254911717158023, 0.07089338217960357, 0.007634228647268254, 0.013507376115723143, 0.033487504857083586]","[""CountDeclMethodPrivate"", ""CountDeclMethodDefault"", ""AvgEssential"", ""CountDeclClassVariable"", ""CountDeclClassMethod"", ""AvgLineComment"", ""AvgCyclomaticModified"", ""CountDeclClass"", ""CountDeclMethodProtected"", ""CountDeclInstanceVariable"", ""CountDeclMethodPublic"", ""RatioCommentToCode"", ""AvgLineBlank"", ""PercentLackOfCohesion"", ""MaxInheritanceTree"", ""CountClassDerived"", ""CountClassCoupled"", ""CountClassBase"", ""CountInput_Mean"", ""CountInput_Min"", ""CountOutput_Min"", ""MaxNesting_Min"", ""ADEV"", ""OWN_COMMIT"", ""MINOR_COMMIT"", ""MINOR_LINE"", ""MAJOR_LINE""]"
activemq@0,RandomForest,kfeature,913,1,0.5855264425048705,0.46343390467439183,0.6666666666666666,0.6,"[2.2494522734679257e-09, 2.2493847919241677e-09, 2.2493847919241677e-09, 2.249459771417232e-09, 2.2494072857720873e-09, 2.2493847919241677e-09, 2.2493847919241677e-09, 2.2493847919241677e-09, 2.249429779620006e-09, 0.0015158831096160638, 0.07182943378028324, 2.2493847919241677e-09, 2.2493960388481273e-09, 0.621511154940404, 2.2493847919241677e-09, 2.2493847919241677e-09, 0.05836141536825134, 2.2493847919241677e-09, 0.03556933012084194, 2.2493847919241677e-09, 2.2493847919241677e-09, 2.2493847919241677e-09, 0.1445139775913709, 2.251184299757707e-09, 2.2493847919241677e-09, 0.06669876009951571, 2.2493847919241677e-09]","[0.055928614620706835, 0.00547486020071009, 0.0015620347224871611, 0.0125010308584929, 0.006888326458006079, 0.011305589245615439, 0.00812885850884407, 0.004125839268402075, 0.04686320841192341, 0.014765748937496189, 0.12734385972510587, 0.057400080269344386, 0.029451009511200693, 0.020499261059307744, 0.002742703223358932, 0.01296560324606696, 0.08055457995834783, 0.0273245711161211, 0.010355529998190498, 0.003655425476202569, 0.025165597541360912, 0.00014901352578922203, 0.2498469880162025, 0.14133385541202262, 0.0008376007350189175, 0.02261553583683295, 0.020214674116842198]","[""CountDeclMethodPrivate"", ""CountDeclMethodDefault"", ""AvgEssential"", ""CountDeclClassVariable"", ""CountDeclClassMethod"", ""AvgLineComment"", ""AvgCyclomaticModified"", ""CountDeclClass"", ""CountDeclMethodProtected"", ""CountDeclInstanceVariable"", ""CountDeclMethodPublic"", ""RatioCommentToCode"", ""AvgLineBlank"", ""PercentLackOfCohesion"", ""MaxInheritanceTree"", ""CountClassDerived"", ""CountClassCoupled"", ""CountClassBase"", ""CountInput_Mean"", ""CountInput_Min"", ""CountOutput_Min"", ""MaxNesting_Min"", ""ADEV"", ""OWN_COMMIT"", ""MINOR_COMMIT"", ""MINOR_LINE"", ""MAJOR_LINE""]"
activemq@0,RandomForest,kfeature,914,1,0.37630193231671477,0.2844632300341767,0.3333333333333333,0.2,"[3.894616637948666e-09, 3.894558219575372e-09, 3.894597165157569e-09, 3.894571201436105e-09, 3.89467505632196e-09, 3.894597165157569e-09, 3.894597165157569e-09, 3.894558219575372e-09, 3.89457769236647e-09, 0.07698763077909986, 3.894558219575372e-09, 0.5196664853626893, 3.894636110739764e-09, 0.1651653197106345, 3.894558219575372e-09, 3.894558219575372e-09, 0.007217593914987381, 3.894597165157569e-09, 3.894558219575372e-09, 3.89457769236647e-09, 3.89467505632196e-09, 3.894558219575372e-09, 3.894558219575372e-09, 3.898219104301773e-09, 3.894558219575372e-09, 0.23096288454806935, 3.894558219575372e-09]","[0.029058290510005785, 0.0035655819740099235, 0.003166448816820729, 0.012289576382138425, 0.045048218023203065, 0.00011124652544453785, 0.024856525955171252, 0.027195087266007827, 0.05240925019656948, 0.013758833089556055, 0.10490651140105375, 0.15395656383199843, 0.024752806734102895, 0.043742621765951936, 0.025147082343101645, 0.019940604227974754, 0.04712271418628409, 0.02102861581556721, 0.0014608346814934622, 0.06406201108210263, 0.05260772226655375, 0.0033502581860486392, 0.0974494967763051, 0.07066788449347745, 0.003149262391116393, 0.0443655689089945, 0.01083038216894636]","[""CountDeclMethodPrivate"", ""CountDeclMethodDefault"", ""AvgEssential"", ""CountDeclClassVariable"", ""CountDeclClassMethod"", ""AvgLineComment"", ""AvgCyclomaticModified"", ""CountDeclClass"", ""CountDeclMethodProtected"", ""CountDeclInstanceVariable"", ""CountDeclMethodPublic"", ""RatioCommentToCode"", ""AvgLineBlank"", ""PercentLackOfCohesion"", ""MaxInheritanceTree"", ""CountClassDerived"", ""CountClassCoupled"", ""CountClassBase"", ""CountInput_Mean"", ""CountInput_Min"", ""CountOutput_Min"", ""MaxNesting_Min"", ""ADEV"", ""OWN_COMMIT"", ""MINOR_COMMIT"", ""MINOR_LINE"", ""MAJOR_LINE""]"
activemq@0,RandomForest,kfeature,975,1,0.4017234973856504,0.29683119655740176,0.3333333333333333,0.2,"[1.1492946809688953e-09, 1.1492831883668635e-09, 1.1492602031628004e-09, 1.1492946809688953e-09, 1.1492602031628004e-09, 1.1492602031628004e-09, 1.1492602031628004e-09, 1.1492831883668635e-09, 1.1493061735709268e-09, 0.008519467035310218, 0.038946130914016976, 0.8364566517703222, 1.1492831883668635e-09, 0.04366226381521271, 0.017038932921350756, 1.1492831883668635e-09, 0.021298665864374105, 1.1492602031628004e-09, 1.1492602031628004e-09, 1.149271695764832e-09, 1.149271695764832e-09, 1.1492602031628004e-09, 1.1492602031628004e-09, 1.1498233406623503e-09, 1.1492602031628004e-09, 0.034077864693416046, 1.1492602031628004e-09]","[0.04939868207531299, 0.023627772994821827, 0.011746036095236891, 0.03578369707928609, 0.007494469885713146, 0.018778447308197013, 0.012707109123866286, 0.032650816164063096, 0.160072019562902, 0.0038485288293382716, 0.052242462475747375, 0.19916561971826396, 0.009008018099686396, 0.014419763735273582, 0.06216266681262476, 0.0032878768510076397, 0.052795496983468256, 0.041285575813905705, 0.01568420322780077, 0.06194525021737601, 0.0658685345373239, 0.0007392410524907221, 0.03868152278718054, 0.0073989429316292975, 0.0018967367052165234, 0.015011185327872368, 0.002299323604394509]","[""CountDeclMethodPrivate"", ""CountDeclMethodDefault"", ""AvgEssential"", ""CountDeclClassVariable"", ""CountDeclClassMethod"", ""AvgLineComment"", ""AvgCyclomaticModified"", ""CountDeclClass"", ""CountDeclMethodProtected"", ""CountDeclInstanceVariable"", ""CountDeclMethodPublic"", ""RatioCommentToCode"", ""AvgLineBlank"", ""PercentLackOfCohesion"", ""MaxInheritanceTree"", ""CountClassDerived"", ""CountClassCoupled"", ""CountClassBase"", ""CountInput_Mean"", ""CountInput_Min"", ""CountOutput_Min"", ""MaxNesting_Min"", ""ADEV"", ""OWN_COMMIT"", ""MINOR_COMMIT"", ""MINOR_LINE"", ""MAJOR_LINE""]"
activemq@0,RandomForest,kfeature,991,1,0.5482728159228795,0.38437110679803677,0.3333333333333333,0.4,"[8.66659798528314e-10, 8.66659798528314e-10, 8.66659798528314e-10, 8.666857983222699e-10, 8.666641318273066e-10, 8.666857983222699e-10, 8.666944649202551e-10, 8.666684651262994e-10, 8.667291313121963e-10, 0.03854729538557103, 0.13491553168268833, 0.20558557163344143, 8.666814650232771e-10, 0.30837835701637484, 0.05873873537170467, 8.666771317242845e-10, 0.025698197212591947, 8.667031315182404e-10, 0.1895889998445932, 8.667031315182404e-10, 8.66672798425292e-10, 8.667031315182404e-10, 8.66659798528314e-10, 8.671711278094458e-10, 8.66659798528314e-10, 0.03854729538557103, 8.667247980132035e-10]","[0.014018703006296809, 0.016066298211526574, 0.023618961123905286, 0.006673450161492549, 0.0021449048721813415, 0.023781851148422194, 0.003003428470011008, 0.012383386885197394, 0.10234846555742899, 0.034648552621824334, 0.01590757292168382, 0.2906937863998755, 0.002081522600833513, 0.04615157392188666, 0.06895910596600432, 0.0025712495952482472, 0.01722228165884836, 0.083641466993175, 0.04461196960241511, 0.0600388343814165, 0.045165964332637094, 0.006816690055671566, 0.014848179532894775, 0.002505886038182854, 0.0011222987670526552, 0.02501849907165776, 0.033955116102229975]","[""CountDeclMethodPrivate"", ""CountDeclMethodDefault"", ""AvgEssential"", ""CountDeclClassVariable"", ""CountDeclClassMethod"", ""AvgLineComment"", ""AvgCyclomaticModified"", ""CountDeclClass"", ""CountDeclMethodProtected"", ""CountDeclInstanceVariable"", ""CountDeclMethodPublic"", ""RatioCommentToCode"", ""AvgLineBlank"", ""PercentLackOfCohesion"", ""MaxInheritanceTree"", ""CountClassDerived"", ""CountClassCoupled"", ""CountClassBase"", ""CountInput_Mean"", ""CountInput_Min"", ""CountOutput_Min"", ""MaxNesting_Min"", ""ADEV"", ""OWN_COMMIT"", ""MINOR_COMMIT"", ""MINOR_LINE"", ""MAJOR_LINE""]"
activemq@0,RandomForest,kfeature,1009,1,0.6049218621977576,0.4431879475805645,0.6666666666666666,0.4,"[1.4394697850638422e-09, 1.4394337992188617e-09, 1.4394481935568541e-09, 1.4394445949723559e-09, 1.4395201652468152e-09, 1.4395201652468152e-09, 1.4395201652468152e-09, 1.439462587894846e-09, 1.4394337992188617e-09, 0.0256092560481061, 0.048017353830633595, 0.4161503888298994, 1.4394553907258502e-09, 0.062498777567673386, 0.08536418346832458, 1.4394769822328385e-09, 0.17926478370002621, 1.4395057709088228e-09, 0.03370790921493356, 1.4394385973315258e-09, 1.4394673860075102e-09, 1.4394481935568541e-09, 0.04268209245383697, 1.439908812372604e-09, 1.4394337992188617e-09, 0.10670522897544182, 1.4397360803166976e-09]","[0.005753519105252057, 0.01228266501754904, 0.0011686374506670036, 0.00871528669330429, 0.09983687844866408, 0.048918540014138825, 0.02713739554342929, 0.018759392589628648, 0.011742479707571536, 0.017638677145480074, 0.10533198942393869, 0.1911101799164075, 0.002434111418321631, 0.017567549816337263, 0.06125889489093029, 0.03734715352868839, 0.15566320247183527, 0.010873652034063784, 0.005955161405885374, 0.0037237748825379577, 0.009713683252945469, 0.0007983160337710598, 0.0009656627983280282, 0.053293938921845994, 0.0011584863851460024, 0.016763482769928645, 0.07408728833340364]","[""CountDeclMethodPrivate"", ""CountDeclMethodDefault"", ""AvgEssential"", ""CountDeclClassVariable"", ""CountDeclClassMethod"", ""AvgLineComment"", ""AvgCyclomaticModified"", ""CountDeclClass"", ""CountDeclMethodProtected"", ""CountDeclInstanceVariable"", ""CountDeclMethodPublic"", ""RatioCommentToCode"", ""AvgLineBlank"", ""PercentLackOfCohesion"", ""MaxInheritanceTree"", ""CountClassDerived"", ""CountClassCoupled"", ""CountClassBase"", ""CountInput_Mean"", ""CountInput_Min"", ""CountOutput_Min"", ""MaxNesting_Min"", ""ADEV"", ""OWN_COMMIT"", ""MINOR_COMMIT"", ""MINOR_LINE"", ""MAJOR_LINE""]"
activemq@0,RandomForest,kfeature,1028,1,0.315272092411674,0.24224354804560913,0.3333333333333333,0.4,"[3.917486985066654e-09, 3.917486985066654e-09, 3.917486985066654e-09, 3.917486985066654e-09, 3.917526159936505e-09, 3.917486985066654e-09, 3.918348832203369e-09, 3.917565334806355e-09, 3.917604509676206e-09, 0.029040334937784174, 0.17424199003854599, 0.2864251865828333, 3.9176436845460564e-09, 0.14287843253718738, 3.917486985066654e-09, 3.917526159936505e-09, 0.2710430934401023, 3.917604509676206e-09, 0.09637088019228479, 3.91780038402546e-09, 3.917565334806355e-09, 3.917486985066654e-09, 3.917486985066654e-09, 3.919445728559187e-09, 3.917486985066654e-09, 3.917486985066654e-09, 3.917761209155609e-09]","[0.04864700628833027, 0.03206109060510335, 0.004896552526805349, 0.012556639995996186, 0.0021581786714977573, 0.002181462495877477, 0.08154040871504592, 0.008698746727050021, 0.10158082109106684, 0.015768913174422836, 0.06504391918490582, 0.21930386861925846, 0.010635580060613683, 0.021060435917803072, 0.05903140101668042, 0.007749251731003793, 0.004559167186995032, 0.07699018123246344, 0.04114778677111796, 0.03859609146122827, 0.06132724472706791, 0.001954927097282166, 0.020405792484097827, 0.0026377587169522376, 0.010196317485230076, 0.020151101096408327, 0.029119354919695476]","[""CountDeclMethodPrivate"", ""CountDeclMethodDefault"", ""AvgEssential"", ""CountDeclClassVariable"", ""CountDeclClassMethod"", ""AvgLineComment"", ""AvgCyclomaticModified"", ""CountDeclClass"", ""CountDeclMethodProtected"", ""CountDeclInstanceVariable"", ""CountDeclMethodPublic"", ""RatioCommentToCode"", ""AvgLineBlank"", ""PercentLackOfCohesion"", ""MaxInheritanceTree"", ""CountClassDerived"", ""CountClassCoupled"", ""CountClassBase"", ""CountInput_Mean"", ""CountInput_Min"", ""CountOutput_Min"", ""MaxNesting_Min"", ""ADEV"", ""OWN_COMMIT"", ""MINOR_COMMIT"", ""MINOR_LINE"", ""MAJOR_LINE""]"
activemq@0,RandomForest,kfeature,1093,1,0.38153089934288226,0.29522901602981816,0.6666666666666666,0.4,"[8.444868118784693e-10, 8.444868118784693e-10, 8.444868118784693e-10, 8.444935677729644e-10, 8.445205913509444e-10, 8.445121464828257e-10, 8.444868118784693e-10, 8.444885897454418e-10, 8.444868118784693e-10, 0.009390271949172312, 0.01878054305385214, 0.2817081339822557, 8.444896268345089e-10, 0.586668366983338, 0.021910633422086295, 8.444868118784693e-10, 0.037561085263211474, 8.444868118784693e-10, 0.018940225510227886, 8.445079240487662e-10, 8.444868118784693e-10, 8.444868118784693e-10, 8.444868118784693e-10, 8.446894887133202e-10, 8.444868118784693e-10, 0.02504072379028697, 8.445121464828257e-10]","[0.10342315960231785, 0.004680107076269481, 0.0045877234733239115, 0.044309360456610075, 0.07245772352006954, 0.0426597132294888, 0.028213159880495074, 0.0007391513474366842, 0.05686963590314288, 0.005997314347491675, 0.07967383688147668, 0.1084255394088116, 0.0202183667686931, 0.02005513943711339, 0.06267330089937079, 0.004802279028808653, 0.1026918431385692, 0.008119810286854696, 0.02655886218378905, 0.04798506103348128, 0.03885715137533383, 0.0028967786064625508, 0.03866178456854164, 0.0006033839607792393, 0.002847471304891954, 0.047115112102311764, 0.023877230178064694]","[""CountDeclMethodPrivate"", ""CountDeclMethodDefault"", ""AvgEssential"", ""CountDeclClassVariable"", ""CountDeclClassMethod"", ""AvgLineComment"", ""AvgCyclomaticModified"", ""CountDeclClass"", ""CountDeclMethodProtected"", ""CountDeclInstanceVariable"", ""CountDeclMethodPublic"", ""RatioCommentToCode"", ""AvgLineBlank"", ""PercentLackOfCohesion"", ""MaxInheritanceTree"", ""CountClassDerived"", ""CountClassCoupled"", ""CountClassBase"", ""CountInput_Mean"", ""CountInput_Min"", ""CountOutput_Min"", ""MaxNesting_Min"", ""ADEV"", ""OWN_COMMIT"", ""MINOR_COMMIT"", ""MINOR_LINE"", ""MAJOR_LINE""]"
activemq@0,RandomForest,kfeature,1103,1,0.3719361672279123,0.30613264932110207,0.6666666666666666,0.4,"[1.4758296046938888e-09, 1.4758369838419122e-09, 1.4758296046938888e-09, 1.475927993334202e-09, 1.4758296046938888e-09, 1.47583944355792e-09, 1.4758591212859827e-09, 1.4758591212859827e-09, 1.4758400223146278e-09, 0.030632911082709414, 0.009377422784050734, 0.5907775438870053, 1.4758886378780765e-09, 0.1794213291710227, 0.04376130091417747, 1.4758886378780765e-09, 0.08752260035259306, 1.4758296046938888e-09, 0.058506862291493426, 1.4758480525639477e-09, 1.4758296046938888e-09, 1.4758296046938888e-09, 1.4758296046938888e-09, 1.4758296046938888e-09, 1.4758296046938888e-09, 1.4758296046938888e-09, 1.4758640407179983e-09]","[0.039010894122498946, 0.005209827674334401, 0.011715272772426158, 0.0549657976702921, 0.03854612429523177, 0.01851366925572148, 0.011586663743507121, 0.020518283789962122, 0.01730945880530382, 0.04728711253170678, 0.05620514994767646, 0.12435454821926968, 0.022485492320198336, 0.0002138536836000459, 0.022751623879631283, 0.053175358582334964, 0.12084593299940173, 0.03226231019446069, 0.04043022168192728, 0.008946317485014258, 0.01080578509115476, 0.005009074581655773, 0.039618298358707754, 0.1257396229886966, 0.00263764774330735, 0.006338987349345715, 0.06351667023263269]","[""CountDeclMethodPrivate"", ""CountDeclMethodDefault"", ""AvgEssential"", ""CountDeclClassVariable"", ""CountDeclClassMethod"", ""AvgLineComment"", ""AvgCyclomaticModified"", ""CountDeclClass"", ""CountDeclMethodProtected"", ""CountDeclInstanceVariable"", ""CountDeclMethodPublic"", ""RatioCommentToCode"", ""AvgLineBlank"", ""PercentLackOfCohesion"", ""MaxInheritanceTree"", ""CountClassDerived"", ""CountClassCoupled"", ""CountClassBase"", ""CountInput_Mean"", ""CountInput_Min"", ""CountOutput_Min"", ""MaxNesting_Min"", ""ADEV"", ""OWN_COMMIT"", ""MINOR_COMMIT"", ""MINOR_LINE"", ""MAJOR_LINE""]"
activemq@0,RandomForest,kfeature,1105,1,0.4670842968979425,0.3352490579192354,0.0,0.2,"[1.2565813262992365e-09, 1.2565624778620685e-09, 1.2565624778620685e-09, 1.2565750434868472e-09, 1.2565708549452542e-09, 1.2565859336949887e-09, 1.256713265359412e-09, 1.2565813262992365e-09, 1.2566881341098548e-09, 0.013040857964317459, 0.11177877303703712, 0.2740729512958334, 1.2565926353615372e-09, 0.13400379198752518, 0.12774716900590974, 1.2565834205700329e-09, 0.13040856833389433, 1.2566378716107404e-09, 0.08785419381387462, 1.2566001747364045e-09, 1.2565755088803576e-09, 1.2567509622337479e-09, 0.04657448949851691, 1.2570902341027706e-09, 1.2565624778620685e-09, 0.07451918244368962, 1.2565876091116256e-09]","[0.01094899222788336, 0.01922933960813204, 0.010087451069784484, 0.04699539444305059, 0.013429287378348568, 0.04914239527363631, 0.08642330962955694, 0.023365660534204406, 0.07617458901399492, 0.02907548651408302, 0.03127861921962669, 0.03470788116327836, 0.0657585197866841, 0.0422748362135292, 0.10617525507852622, 0.028360180598170394, 0.014113233522917299, 0.04357030787534743, 0.05020441696055685, 0.01812350646226063, 0.007587954663465031, 0.010665223312146914, 0.04095120803398217, 0.09679032047301743, 0.005221812409629263, 0.03564024358775613, 0.003704574946431075]","[""CountDeclMethodPrivate"", ""CountDeclMethodDefault"", ""AvgEssential"", ""CountDeclClassVariable"", ""CountDeclClassMethod"", ""AvgLineComment"", ""AvgCyclomaticModified"", ""CountDeclClass"", ""CountDeclMethodProtected"", ""CountDeclInstanceVariable"", ""CountDeclMethodPublic"", ""RatioCommentToCode"", ""AvgLineBlank"", ""PercentLackOfCohesion"", ""MaxInheritanceTree"", ""CountClassDerived"", ""CountClassCoupled"", ""CountClassBase"", ""CountInput_Mean"", ""CountInput_Min"", ""CountOutput_Min"", ""MaxNesting_Min"", ""ADEV"", ""OWN_COMMIT"", ""MINOR_COMMIT"", ""MINOR_LINE"", ""MAJOR_LINE""]"
activemq@0,RandomForest,kfeature,1134,1,0.4514141720281727,0.35474712771005035,0.6666666666666666,0.6,"[1.6521634450891613e-09, 1.6520973611947136e-09, 1.6520973611947136e-09, 1.6521414171243456e-09, 1.6521056216815196e-09, 1.6521180124117287e-09, 1.6520973611947136e-09, 1.6520973611947136e-09, 1.6521237947524926e-09, 0.024493997129177613, 0.07348198808316875, 0.5511148998778682, 1.6521221426551316e-09, 0.03674099486767992, 0.024493997129174574, 1.6521138821683257e-09, 0.09797598356032484, 1.6521138821683257e-09, 0.14271011535583397, 1.6521304031419375e-09, 1.6521304031419375e-09, 1.6520973611947136e-09, 1.6520973611947136e-09, 1.6525103855350124e-09, 1.6520973611947136e-09, 0.048987992606203325, 1.6521138821683257e-09]","[0.07186083866800291, 0.0023510857270615105, 0.012398349303827818, 0.002727810271824802, 0.010295181770423014, 0.013514946721894374, 0.02145173820681121, 0.010696022987217927, 0.03532886224278752, 0.03584339784224455, 0.25553920495683646, 0.13046313042822427, 0.03406228405153083, 0.01450614633185839, 0.017863111020390676, 0.0061097741764120014, 0.09064318752269035, 0.019954262604004548, 0.008241033472531996, 0.04722176951586949, 0.06555125555287869, 0.002692671873183021, 0.04644427236758546, 0.003152286403116016, 0.002232406514932702, 0.013342215254329975, 0.025512754211529494]","[""CountDeclMethodPrivate"", ""CountDeclMethodDefault"", ""AvgEssential"", ""CountDeclClassVariable"", ""CountDeclClassMethod"", ""AvgLineComment"", ""AvgCyclomaticModified"", ""CountDeclClass"", ""CountDeclMethodProtected"", ""CountDeclInstanceVariable"", ""CountDeclMethodPublic"", ""RatioCommentToCode"", ""AvgLineBlank"", ""PercentLackOfCohesion"", ""MaxInheritanceTree"", ""CountClassDerived"", ""CountClassCoupled"", ""CountClassBase"", ""CountInput_Mean"", ""CountInput_Min"", ""CountOutput_Min"", ""MaxNesting_Min"", ""ADEV"", ""OWN_COMMIT"", ""MINOR_COMMIT"", ""MINOR_LINE"", ""MAJOR_LINE""]"
activemq@0,RandomForest,kfeature,1169,1,0.43623945615167414,0.3329492643806558,0.3333333333333333,0.4,"[7.916279880809691e-10, 7.916319461615383e-10, 7.916161138392616e-10, 7.916319461615383e-10, 7.916398623226767e-10, 7.916240300004e-10, 7.91687359289507e-10, 7.916279880809691e-10, 7.916636108060919e-10, 0.023473001799182127, 0.05281425305858327, 0.5281425234273142, 7.916359042421075e-10, 0.1924786090512861, 0.04694600280670178, 7.916279880809691e-10, 0.04694600280668595, 7.916398623226767e-10, 0.06225358920203513, 7.916359042421075e-10, 7.916161138392616e-10, 7.916161138392616e-10, 7.916161138392616e-10, 7.921069158298418e-10, 7.916161138392616e-10, 0.04694600280670178, 7.91647778483815e-10]","[0.05447521817273946, 0.025360224157340298, 0.004120942830021713, 0.002030373203663448, 0.01357010539116475, 0.0036674905186421477, 0.04157143905945758, 0.009534325005163168, 0.14655391491125994, 0.028340060956059045, 0.08304603276730009, 0.21720104788712769, 0.008010051927892694, 0.009856517746258916, 0.03874643892587095, 0.00997519426586835, 0.033088638223038314, 0.08284291772522553, 0.037774106184530275, 0.029058580475429318, 0.06311586303332416, 0.0019876087695935326, 0.028313014792606617, 0.0022793664026857126, 0.001348565833030436, 0.008652337404281386, 0.015479623430424253]","[""CountDeclMethodPrivate"", ""CountDeclMethodDefault"", ""AvgEssential"", ""CountDeclClassVariable"", ""CountDeclClassMethod"", ""AvgLineComment"", ""AvgCyclomaticModified"", ""CountDeclClass"", ""CountDeclMethodProtected"", ""CountDeclInstanceVariable"", ""CountDeclMethodPublic"", ""RatioCommentToCode"", ""AvgLineBlank"", ""PercentLackOfCohesion"", ""MaxInheritanceTree"", ""CountClassDerived"", ""CountClassCoupled"", ""CountClassBase"", ""CountInput_Mean"", ""CountInput_Min"", ""CountOutput_Min"", ""MaxNesting_Min"", ""ADEV"", ""OWN_COMMIT"", ""MINOR_COMMIT"", ""MINOR_LINE"", ""MAJOR_LINE""]"
activemq@0,RandomForest,kfeature,1309,1,0.3007081288364845,0.2151600925043801,0.6666666666666666,0.8,"[1.0733168324145895e-09, 1.0733168324145895e-09, 1.0733168324145895e-09, 1.073349031919562e-09, 1.0733168324145895e-09, 1.0733382987512377e-09, 1.0733275655829138e-09, 1.073323987860139e-09, 1.073334721028463e-09, 0.0009360596237514244, 0.2386949314329894, 0.5276414260800752, 1.0733168324145895e-09, 0.08155410227957426, 0.01591299643068269, 1.0733168324145895e-09, 0.03182599178806608, 1.073323987860139e-09, 1.0733168324145895e-09, 1.0733168324145895e-09, 1.0733168324145895e-09, 1.0733168324145895e-09, 0.08752147553889383, 1.0754634660794187e-09, 1.0733168324145895e-09, 0.01591299643068269, 1.0733382987512377e-09]","[0.031153099039375336, 0.006056474380554813, 0.007605502567293269, 0.0383212963204395, 0.021046913072371234, 0.005880847669837699, 0.012639475051979192, 0.009664170117229897, 0.010365387074328034, 0.010363983760885506, 0.05474494013924216, 0.17082143066329988, 0.005736555387989015, 0.0006775029536886314, 0.004377100378798143, 0.01389462099808139, 0.06168413685338584, 0.0009311279623189451, 0.0050211686990051865, 0.008016903333615042, 0.03557581118195872, 0.004968412571371969, 0.17377169373265855, 0.2872873123500919, 0.0023157368315677605, 0.0029652813334253908, 0.014113115575206885]","[""CountDeclMethodPrivate"", ""CountDeclMethodDefault"", ""AvgEssential"", ""CountDeclClassVariable"", ""CountDeclClassMethod"", ""AvgLineComment"", ""AvgCyclomaticModified"", ""CountDeclClass"", ""CountDeclMethodProtected"", ""CountDeclInstanceVariable"", ""CountDeclMethodPublic"", ""RatioCommentToCode"", ""AvgLineBlank"", ""PercentLackOfCohesion"", ""MaxInheritanceTree"", ""CountClassDerived"", ""CountClassCoupled"", ""CountClassBase"", ""CountInput_Mean"", ""CountInput_Min"", ""CountOutput_Min"", ""MaxNesting_Min"", ""ADEV"", ""OWN_COMMIT"", ""MINOR_COMMIT"", ""MINOR_LINE"", ""MAJOR_LINE""]"
activemq@0,RandomForest,kfeature,1318,1,0.3361012587686549,0.27631762943845506,0.6666666666666666,0.6,"[7.916760812560953e-10, 7.916681645744495e-10, 7.916681645744495e-10, 7.916681645744495e-10, 7.917156646643241e-10, 7.916998313010324e-10, 7.916681645744495e-10, 7.916919146193868e-10, 7.916721229152723e-10, 0.026828051552762494, 0.04694908962353231, 0.37920417981671356, 7.916919146193868e-10, 0.1772945862484979, 0.0821609062474673, 7.916681645744495e-10, 0.017605909103632248, 7.916681645744495e-10, 0.25039514122677115, 7.916919146193868e-10, 7.91683997937741e-10, 7.916681645744495e-10, 7.916681645744495e-10, 7.92087748701674e-10, 7.916681645744495e-10, 0.01956212113830633, 7.916919146193868e-10]","[0.016064720572084096, 0.020030020922147937, 0.00888181813423542, 0.021862903157385188, 0.06832779096897675, 0.0062604970487858454, 0.011475070239258865, 0.013549747944438069, 0.03856702064130299, 0.019386043137032325, 0.05243373478125074, 0.2291686122960169, 0.031317785603307356, 0.0859474176668276, 0.0809161497815239, 0.01610276187049423, 0.048815955724671775, 0.0647523572174536, 0.0008421083988340252, 0.06301802736042836, 0.04489097784668563, 0.002330506105120527, 0.019076485559996127, 0.005764846107675093, 0.005940039238391824, 0.01935736161724923, 0.004919240058425647]","[""CountDeclMethodPrivate"", ""CountDeclMethodDefault"", ""AvgEssential"", ""CountDeclClassVariable"", ""CountDeclClassMethod"", ""AvgLineComment"", ""AvgCyclomaticModified"", ""CountDeclClass"", ""CountDeclMethodProtected"", ""CountDeclInstanceVariable"", ""CountDeclMethodPublic"", ""RatioCommentToCode"", ""AvgLineBlank"", ""PercentLackOfCohesion"", ""MaxInheritanceTree"", ""CountClassDerived"", ""CountClassCoupled"", ""CountClassBase"", ""CountInput_Mean"", ""CountInput_Min"", ""CountOutput_Min"", ""MaxNesting_Min"", ""ADEV"", ""OWN_COMMIT"", ""MINOR_COMMIT"", ""MINOR_LINE"", ""MAJOR_LINE""]"
activemq@0,RandomForest,kfeature,1335,1,0.47266785301834124,0.35452011944685846,0.6666666666666666,0.8,"[9.660788929624236e-10, 9.660692322701007e-10, 9.66088553654746e-10, 9.660692322701007e-10, 9.660692322701007e-10, 9.660740626162621e-10, 9.660692322701007e-10, 9.660692322701007e-10, 9.660917738855202e-10, 0.014322943403694183, 0.05908213852131671, 0.6042491350522458, 9.66098214347069e-10, 0.03523443936263421, 0.05729177071656904, 9.660788929624236e-10, 0.04774314242482656, 9.661078750393914e-10, 0.13910758388404676, 9.661078750393914e-10, 9.660692322701007e-10, 9.660692322701007e-10, 0.014322943403708339, 9.66127196424037e-10, 9.660692322701007e-10, 0.02864588584134037, 9.66210922424167e-10]","[0.04341380752171165, 0.019856300891901206, 0.005921676459648278, 0.000959278481746886, 0.019837693996604646, 0.006695042295969811, 0.05155509255485709, 0.0043498151139531455, 0.106773903253758, 0.012665125225504708, 0.21428026806850003, 0.16906038797651415, 0.007557917666397066, 0.015321306197536577, 0.027412621932811614, 0.008754344103291222, 0.06673492812969403, 0.03657779393785312, 0.06241901934547711, 0.032048725381012014, 0.038412255832619764, 0.0019561434867259283, 0.02249276097659816, 0.004077661024665615, 0.001305874270758559, 0.006813620345927568, 0.012746635527961925]","[""CountDeclMethodPrivate"", ""CountDeclMethodDefault"", ""AvgEssential"", ""CountDeclClassVariable"", ""CountDeclClassMethod"", ""AvgLineComment"", ""AvgCyclomaticModified"", ""CountDeclClass"", ""CountDeclMethodProtected"", ""CountDeclInstanceVariable"", ""CountDeclMethodPublic"", ""RatioCommentToCode"", ""AvgLineBlank"", ""PercentLackOfCohesion"", ""MaxInheritanceTree"", ""CountClassDerived"", ""CountClassCoupled"", ""CountClassBase"", ""CountInput_Mean"", ""CountInput_Min"", ""CountOutput_Min"", ""MaxNesting_Min"", ""ADEV"", ""OWN_COMMIT"", ""MINOR_COMMIT"", ""MINOR_LINE"", ""MAJOR_LINE""]"
