test_idx,candidate_id,CountDeclMethodPrivate,CountDeclMethodDefault,AvgEssential,CountDeclClassVariable,CountDeclClassMethod,AvgLineComment,CountLineComment,CountDeclClass,CountDeclMethodProtected,CountDeclInstanceVariable,CountDeclMethodPublic,RatioCommentToCode,AvgLineBlank,PercentLackOfCohesion,MaxInheritanceTree,CountClassDerived,CountClassCoupled,CountClassBase,CountInput_Mean,CountInput_Min,CountOutput_Min,MaxNesting_Mean,MaxNesting_Min,Added_lines,OWN_LINE,MINOR_COMMIT,MAJOR_LINE,proba0,proba1,num_features_changed,dist_unit_l2
10,0,20.0,0.0,2.0,0.0,1.0,7.0,542.0,1.0,0.0,13.0,3.0,0.99,5.0,89.0,1.0,0.0,0.0,1.0,4.52173913043478,0.0,2.0,1.48,0.0,6.48046875,0.914331465172138,0.0,2.0,0.5187889529189615,0.4812110470810384,1,81519531250000.0
1955,0,50.0,0.0,1.0,59.0,1.0,3.0,32.4609375,3.0,0.0,18.0,24.0,0.5,1.0,97.0,2.0,0.0,3.0,1.0,4.54054054054054,1.0,0.0,0.564102564102564,0.0,6.39013671875,0.929274292742927,0.0,0.0,0.5400795996763337,0.4599204003236664,2,1597609863281250.0
12,0,0.0,2.0,2.0,1.0,3.0,9.0,56.0,1.0,0.0,0.0,1.0,0.38,9.0,33.0,1.0,0.0,2.0,1.0,22.6666666666667,1.0,1.0,0.9735416412353515,0.0,0.0,0.639676113360324,0.0,1.0,0.5032673966550825,0.49673260334491753,1,0.4646528206190738
16,0,1.8359375,1.0,1.0,0.0,0.0,5.0,186.0,1.0,3.0,4.0,19.0,0.5850511932373047,1.0,76.0,2.0,0.0,10.0,2.0,6.46428571428571,1.0,1.0,1.4,0.0,281.0,0.429503916449086,0.0,4.0,0.5240210221075969,0.4759789778924031,2,3164062500000.0
1956,0,1.0,0.0,1.0,0.0,0.0,4.5,107.0,1.0,0.0,4.0,4.0,1.26,0.0,40.0,2.0,0.0,6.0,1.0,5.0,1.0,2.0,1.42857142857143,1.0,244.0,0.938388625592417,0.0,4.0,0.5016174680353859,0.49838253196461413,1,1.6862268986911086
1957,0,1.0,0.0,1.0,0.0,0.0,6.0,70.0,1.0,0.0,3.0,4.0,1.27,0.0,66.0,2.0,0.0,5.0,1.0,3.8,1.0,1.0,0.714285714285714,0.0,95.492431640625,0.945205479452055,0.0,0.0,0.5066299757636106,0.4933700242363894,1,79507568359375.0
1958,0,3.0,17.0,2.0,2.0,0.0,18.0,423.0,1.0,0.0,18.0,0.0,0.74,2.0,89.0,1.0,0.0,9.0,1.0,7.55,2.0,2.0,1.90909090909091,0.0,6.276123046875,0.790307548928239,0.0,0.0,0.7991383987928169,0.20086160120718305,1,1130723876953125.0
19,0,8.0,5.0,1.0,3.0,0.0,0.0,60.0,1.0,2.0,2.0,86.0,0.09500355362892152,0.0,97.0,3.0,1.0,12.0,4.0,5.91089108910891,0.0,1.0,1.12621359223301,0.0,17.0,0.49563838223632,0.0,1.08984375,0.6926549472998491,0.3073450527001509,2,3.3125042912941733
23,0,7.0,1.0,1.0,0.0,0.0,4.0,244.0,1.0,3.0,8.0,30.0,0.35,1.0,87.0,2.0,0.0,17.0,2.0,6.21951219512195,1.0,1.0,1.2093023255814,0.0,6.4423828125,0.4786555574652218,0.0,0.5,0.5152390173506118,0.4847609826493882,3,301557617187500.0
1959,0,2.0,0.0,1.0,0.0,0.0,11.0,107.0,1.0,0.0,3.0,4.0,1.45,0.0,69.50134193897247,2.0,0.0,7.0,1.0,4.0,1.0,2.0,1.25,0.0,220.0,0.733990147783251,0.0,1.0,0.5186876745318255,0.4813123254681745,1,0.1433519145246919
1960,0,2.0,0.0,1.0,0.0,0.0,10.0,118.0,1.0,0.0,5.0,5.0,1.26,0.0,60.0,2.0,0.0,7.0,1.0,4.14285714285714,1.0,0.0,1.33333333333333,1.0,273.0,0.955899419225832,0.0,1.0,0.5284677423790254,0.47153225762097456,1,0.8597472968885933
1961,0,2.0,0.0,1.0,0.0,0.0,6.0,92.0,1.0,0.0,4.0,6.0,1.53,0.0,78.0,2.0,0.0,4.0,1.0,3.125,0.0,0.0,0.7,0.0,109.99658745527267,0.976878612716763,0.0,1.0,0.5435692082855241,0.4564307917144759,1,77003412544727.33
27,0,6.0,5.0,4.0,0.0,0.0,1.0,52.492431640625,1.0,1.0,38.0,28.0,0.18,0.0,94.0,1.0,1.0,7.0,2.0,8.5,0.0,1.0,1.30952380952381,0.0,10.0,0.533261802575107,0.0,1.08984375,0.5242507968841745,0.47574920311582547,2,3.0017370251169244
30,0,11.0,10.0,1.0,8.0,0.0,1.0,22.485107421875,1.0,35.0,36.0,7.49853515625,0.23,0.0,96.0,1.0,1.0,25.0,3.0,4.97959183673469,0.0,0.0,0.899328859060403,0.0,199.0,0.468253968253968,0.0,8.0,0.5107901411508489,0.48920985884915114,2,19.876806570361403
33,0,25.0,18.0,2.0,13.0,0.0,1.0,21.48583984375,1.0,5.0,28.0,35.0,0.2,0.0,94.0,1.0,1.0,14.0,1.0,6.68674698795181,0.0,0.0,0.670588235294118,0.0,26.0,0.631297709923664,0.0,1.08935546875,0.5091937479101911,0.49080625208980894,2,5.191825566415699
34,0,2.49951171875,0.0,1.0,112.0,0.0,1.0,21.406005859375,1.0,4.0,8.0,173.0,0.25,0.0,99.0,1.0,1.0,13.0,2.0,4.07441860465116,0.0,0.0,0.493087557603687,0.0,11.0,0.579288025889968,0.0,4.0,0.5076240048586418,0.4923759951413582,2,35500488281250.0
35,0,3.0,0.0,1.0,3.0,16.0,14.0,285.0,1.0,0.0,0.0,14.0,0.63,3.0,72.0,1.0,0.0,5.0,1.0,6.47058823529412,0.0,1.0,0.421052631578947,0.0,6.486328125,0.506602641056423,0.0,2.4998779892921448,0.5275051189900051,0.472494881009995,2,165513671875000.0
41,0,0.0,0.0,1.0,0.0,5.0,2.0,31.0,1.0,0.0,0.0,5.0,0.22,2.0,0.0,1.0,0.0,4.0,1.0,4.6,4.0,5.0,2.42857142857143,0.0,1.0,0.47864746912912626,0.0,2.0,0.6591506044376556,0.3408493955623444,1,0.8360376442008421
48,0,0.0,8.0,1.0,9.0,2.0,4.0,139.0,1.0,7.0,7.0,9.0,0.76,0.0,94.0,1.0,2.0,8.0,2.0,6.25,0.0,0.0,0.576923076923077,0.0,6.4833984375,0.9400592330658109,0.0,3.0,0.5053512667143949,0.4946487332856051,2,179516601562500.0
56,0,22.0,25.0,1.0,22.0,2.0,3.0,279.48046875,2.0,4.0,9.49951171875,0.4951171875,0.24,1.0,43.979736328125,2.0,2.0,23.0,3.0,5.677960966404598,0.0,1.0,1.15151515151515,0.0,19.0,0.351164254247955,0.0,8.0,0.512003770430633,0.487996229569367,5,18.225615843299284
60,0,76.0,11.0,1.0,29.0,0.0,2.0,21.4560546875,1.0,16.0,52.0,7.490234375,0.22,0.0,96.0,1.0,1.0,23.0,3.0,7.19805194805195,0.0,0.0,0.07331542968750024,0.0,255.0,0.390789687043944,0.0,7.0,0.5132165610089992,0.48678343899100085,3,48.163929462243395
67,0,5.0,4.0,2.0,1.0,0.0,2.0,104.0,1.0,2.0,20.0,14.0,0.36,0.0,91.0,1.0,1.0,11.0,1.0,5.04,2.0,1.0,1.0,0.0,133.0,0.562780269058296,0.0,1.08984375,0.6002855298076346,0.3997144701923654,1,1.288382739780596
69,0,2.0,4.0,1.0,6.0,3.0,2.0,200.0,3.0,2.0,11.0,28.0,0.72,0.0,93.0,3.0,4.0,9.0,2.0,1.5616590711805562,1.0,1.0,0.45,0.0,6.494140625,0.9787516800507619,0.0,2.0,0.5464494592196226,0.4535505407803774,3,43505859375000.0
74,0,20.0,29.0,1.0,16.0,1.0,2.0,32.4091796875,1.0,12.0,42.0,83.0,0.27,0.0,95.0,1.0,2.0,20.0,3.0,5.97916666666667,0.0,0.0,1.26712328767123,0.0,13.0,0.986944039998661,0.0,1.08935546875,0.5015583434294497,0.4984416565705503,3,12.494580615989257
77,0,1.0,0.0,8.0,18.0,2.0,4.0,59.0,1.0,0.0,0.0,2.0,0.5,0.0,37.0,1.0,0.0,6.0,1.0,27.3333333333333,0.0,1.0,1.4,0.0,0.0,0.8575703682772604,0.0,1.0,0.54789232526909,0.45210767473090996,1,6.396583004188304
1962,0,0.0,0.0,1.0,0.0,0.0,14.0,67.0,1.0,1.0,1.0,2.0,2.23,0.0,0.0,3.0,0.0,4.0,1.0,4.0,3.0,2.0,0.6,0.0,14.485107421875,0.981651376146789,0.0,1.0,0.6020706581230881,0.3979293418769119,1,96514892578125.0
1963,0,1.0,0.0,1.0,0.0,0.0,13.0,125.0,1.0,3.0,6.0,3.0,1.54,0.0,42.0,2.0,0.0,5.0,1.0,3.42857142857143,1.0,1.0,1.0,0.0,6.451171875,0.991341991341991,0.0,1.0,0.9373582498205456,0.06264175017945442,1,230548828125000.0
1964,0,1.0,0.0,1.0,0.0,0.0,13.0,127.0,1.0,3.0,6.0,2.0,1.98,0.0,58.0,2.0,2.0,3.0,1.0,3.83333333333333,1.0,1.0,1.0,0.0,6.46142578125,0.990654205607477,0.0,1.0,0.9360182154402277,0.06398178455977228,1,209538574218750.0
82,0,1.0,0.0,2.0,4.0,1.0,7.0,66.0,1.0,0.0,0.0,2.0,0.99,3.0,66.0,1.0,0.0,4.0,2.0,3.66666666666667,0.0,1.0,2.83333333333333,0.0,0.0,0.6679036390530173,0.0,2.0,0.5732710062800841,0.42672899371991596,1,4.482647085035838
83,0,1.0,0.0,1.0,0.0,0.0,3.0,83.0,1.0,2.0,11.0,12.0,0.39,1.0,74.0,1.0,2.0,13.0,2.0,4.73333333333333,1.0,0.0,1.05882352941176,0.0,0.0,0.8640536550314664,0.0,2.0,0.5115791958006749,0.4884208041993251,1,9.917725560781921
96,0,1.0,0.0,1.0,21.0,0.0,0.0,24.0,1.0,0.0,0.0,0.0,0.92,0.0,100.0,1.0,0.0,0.0,1.0,0.0,0.0,1.0,0.0,0.0,0.0,0.47866357409435734,0.0,0.0,0.6295965534536052,0.37040344654639473,1,0.006936063997263098
104,0,43.0,7.0,1.0,1.0,0.0,2.0,32.425537109375,1.0,32.0,35.0,53.0,0.3,0.0,96.0,2.0,1.0,39.0,1.0,5.34814814814815,0.0,0.0,0.496350364963504,0.0,9.0,0.73784355179704,0.0,8.0,0.5023803590662184,0.49761964093378164,1,6.830614065579579
105,0,0.0,0.0,1.0,0.0,0.0,6.0,156.0,1.0,0.0,1.0,19.0,0.8,0.0,89.0,3.0,0.0,10.0,1.0,3.15789473684211,0.0,2.0,0.636363636363636,0.0,0.0,0.6678470774572723,0.0,2.0,0.5041880217356227,0.49581197826437734,1,1.7485599465630406
106,0,38.0,35.0,1.0,1.0,0.0,1.0,735.9756116867065,1.0,54.0,0.0,6.0,0.57,1.0,95.0,2.0,1.0,21.0,2.0,6.56390977443609,0.0,0.0,0.82962962962963,0.0,0.0,0.936464920204758,0.0,5.0,0.5177992380783765,0.48220076192162353,1,6.220760606616141
108,0,31.0,13.0,1.0,0.0,0.0,4.0,414.0,1.0,8.0,6.4990234375,5.0,0.53,2.0,93.0,2.0,1.0,22.0,1.0,5.08771929824561,1.0,1.0,1.11864406779661,0.0,6.496826171875,0.644832605531296,0.0,6.0,0.5417858376867095,0.45821416231329054,2,36503173828125.0
109,0,0.0,2.0,1.0,0.0,0.0,1.0,46.0,1.0,1.0,3.0,2.0,1.1,0.0,66.0,2.0,1.0,6.0,1.0,3.4,1.0,1.0,0.428571428571429,0.0,0.0,0.4364083083014648,0.0,1.0,0.5323416987147029,0.467658301285297,1,1.1546589052134326
123,0,31.0,14.0,1.0,0.0,0.0,3.0,593.0,1.0,28.0,0.0,9.0,0.38,2.0,0.0,4.0,1.0,30.0,2.0,5.59756097560976,1.0,1.0,1.01190476190476,0.0,0.0,0.908003300330033,0.0,2.4996341466903687,0.748940049260791,0.25105995073920895,1,3.0354551823193012
124,0,25.0,12.0,1.0,0.0,0.0,4.0,515.0,1.0,5.0,3.0,10.0,0.45,2.0,94.0,4.0,1.0,25.0,2.0,6.94230769230769,1.0,1.0,1.27777777777778,0.0,6.4951171875,0.9857008076504575,0.0,0.49951171875,0.5173733305690209,0.48262666943097915,3,51504882812500.0
129,0,5.0,0.0,2.0,23.0,1.0,10.0,296.0,1.0,4.0,19.0,15.0,0.39,1.0,92.0,1.0,0.0,16.0,2.0,10.4583333333333,2.0,1.0,0.3372427133413468,0.0,6.49169921875,0.75868544600939,0.0,0.5,0.5249856508884416,0.4750143491115584,3,52508300781250.0
132,0,14.0,46.0,1.0,1.0,1.0,1.0,267.9678192138672,1.0,25.0,12.0,2.0,0.32,1.0,85.0,1.0,1.0,18.0,1.0,7.74712643678161,1.0,1.0,0.764044943820225,0.0,0.0,0.647854203409759,0.0,5.0,0.5076877109468176,0.4923122890531824,1,1.5744147066364502
139,0,2.0,23.0,1.0,14.0,0.0,1.0,52.41259765625,1.0,0.0,14.0,2.0,0.86,0.0,91.0,1.0,0.0,12.0,2.0,5.14814814814815,0.0,1.0,0.482758620689655,0.0,0.0,0.881547139403707,0.0,4.0,0.607213891594415,0.3927861084055851,1,11.645971085775335
140,0,8.0,7.0,1.0,7.49951171875,23.0,2.0,28.48681640625,2.0,0.0,20.0,54.0,0.76,0.0,98.0,1.0,1.0,12.0,3.0,3.68115942028985,1.0,1.0,0.602739726027397,0.0,157.0,0.514598540145985,0.0,1.08935546875,0.5038641299704703,0.4961358700295297,3,22500488281250.0
159,0,8.0,0.0,1.0,7.0,9.0,10.0,405.0,1.0,1.0,1.0,17.0,1.85,1.0,88.0,1.0,0.0,3.0,1.0,5.42307692307692,1.0,0.0,0.535714285714286,0.0,6.45703125,0.904951028733614,0.0,4.0,0.5425962956065282,0.45740370439347183,2,311542968750000.0
160,0,1.0,1.0,2.0,6.0,0.0,5.972856044769287,122.0,1.0,10.0,11.0,0.0,0.79,1.0,84.0,1.0,0.0,5.0,1.0,5.75,2.0,1.0,1.8,0.0,0.0,0.838926174496644,0.0,5.0,0.5110424644273496,0.4889575355726504,1,0.006102782326252665
163,0,0.0,1.0,3.0,0.0,0.0,11.0,50.0,2.0,0.0,4.0,2.0,0.86,7.0,37.0,2.0,0.0,1.0,2.0,3.0,1.0,2.0,0.44715648889541626,0.0,6.497314453125,0.700729927007299,0.0,2.0,0.6027462519869851,0.39725374801301494,2,96502685546875.0
166,0,0.0,1.0,2.0,0.0,0.0,7.0,60.0,1.0,0.0,2.0,4.0,1.71,0.0,40.0,1.0,0.0,0.0,1.0,3.0,3.0,1.0,1.14285714285714,0.0,0.0,0.8606977152087532,0.0,1.0,0.5258998074968599,0.4741001925031401,1,0.9778955976646204
168,0,16.0,10.0,1.0,9.0,0.0,7.0,28.4169921875,1.0,50.0,19.0,0.0,0.66,1.0,90.0,1.0,0.0,16.0,1.0,7.48684210526316,1.0,1.0,0.692307692307692,0.0,6.498046875,0.849949647532729,0.0,5.0,0.5492028687645824,0.45079713123541765,2,11501953125000.0
169,0,18.0,7.0,1.0,5.0,4.0,8.0,754.0,1.0,57.0,16.0,1.0,0.77,1.0,90.0,1.0,0.0,13.0,1.0,7.40963855421687,1.0,1.0,0.670588235294118,0.0,6.485595703125,0.946419629444166,0.0,0.5,0.5807088953587723,0.41929110464122765,2,220514404296875.0
171,0,153.0,3.0,2.0,26.0,6.0,13.0,2618.0,2.0,25.0,36.0,4.0,0.51,2.0,96.0,2.0,0.0,41.4966459274292,1.0,1.5620249155405401,0.0,1.0,1.51595744680851,0.0,6.4814453125,0.863466409359547,0.0,0.498046875,0.510828928969415,0.48917107103058494,4,115518554687500.0
172,0,0.0,3.0,1.0,17.0,2.0,3.0,81.0,2.0,4.0,13.0,1.0,0.31,1.0,84.0,3.0,1.0,8.0,1.0,10.25,3.0,1.0,0.9735986319455225,0.0,3.0,0.865853658536585,0.0,3.0,0.5139173710216831,0.48608262897831694,1,0.12781701782898258
175,0,13.0,7.0,1.0,1.0,2.0,4.0,29.462890625,2.0,93.0,49.0,5.0,0.7,0.0,95.0,1.0,0.0,13.0,1.0,3.97457627118644,1.0,1.0,0.471074380165289,0.0,45.0,0.684674751929438,0.0,3.0,0.5147050317142645,0.48529496828573543,1,11.926066620482562
177,0,23.0,2.0,1.0,0.0,0.0,7.0,28.45947265625,1.0,2.0,4.0,0.0,0.49,1.0,75.0,1.0,0.0,11.0,1.0,6.85185185185185,1.0,1.0,1.41379310344828,0.0,6.48974609375,0.825857519788918,0.0,2.0,0.5115269698554479,0.4884730301445522,2,117510253906250.0
184,0,0.0,0.0,10.0,39.0,2.0,9.0,28.490234375,1.0,2.0,0.0,0.0,0.46,0.0,97.0,1.0,0.0,4.0,1.0,14.0,4.0,1.0,0.75,0.0,0.0,0.959016393442623,0.0,3.0,0.6630919992286691,0.3369080007713309,1,0.890136052748908
186,0,69.0,3.0,1.0,76.0,3.0,8.0,1189.0,6.0,23.0,61.0,38.0,0.52,1.0,98.0,1.0,0.0,32.0,2.0,5.90225563909774,0.0,0.0,0.978571428571429,0.0,6.47265625,0.9318876869404679,0.0,0.5,0.544749890385789,0.45525010961421103,3,483527343750000.0
189,0,1.0,1.0,1.0,9.0,0.0,5.0,116.0,1.0,12.0,15.0,0.0,0.77,0.0,88.0,1.0,0.0,5.0,1.0,4.64285714285714,1.0,1.0,1.0625,0.0,0.0,0.8882195844219838,0.0,1.0,0.5012421713843833,0.49875782861561674,1,1.4941391161746442
193,0,28.0,0.0,2.0,64.0,2.0,5.0,176.0,1.0,0.0,9.0,1.0,0.21,0.0,92.0,1.0,0.0,7.0,1.0,8.68965517241379,1.0,1.0,1.25806451612903,0.0,6.499267578125,0.88568683957733,0.0,3.0,0.5928894858633226,0.4071105141366774,1,4500732421875.0
196,0,0.0,0.0,1.0,12.0,0.0,8.0,42.0,1.0,0.0,0.0,1.0,2.47,0.0,100.0,0.0,2.0,1.5001219511032104,0.0,1.0,1.0,1.0,1.0,0.0,8.0,0.814285714285714,0.0,0.0,0.5182048685901157,0.4817951314098843,1,0.3372727980356295
204,0,6.0,0.0,1.0,6.0,62.0,9.0,659.0,2.0,0.0,0.0,57.0,0.78,1.0,98.0,1.0,0.0,24.0,2.0,4.04761904761905,0.0,1.0,0.636363636363636,0.0,6.423828125,0.9318922301361326,0.0,0.49951171875,0.5133356195877514,0.4866643804122485,3,433576171875000.0
208,0,1.0,0.0,1.0,0.0,0.0,5.0,28.49963915348053,1.0,1.0,4.0,13.0,0.47,1.0,73.0,1.0,2.0,10.0,2.0,9.86666666666667,1.0,1.0,0.666666666666667,0.0,6.49951171875,0.960648148148148,0.0,2.0,0.7137112565289158,0.28628874347108424,2,5500488281250.0
209,0,0.0,0.0,1.0,0.0,0.0,3.0,35.5,1.0,0.0,0.0,4.0,1.06,1.0,0.0,2.0,0.0,1.0,1.0,2.5,1.0,2.0,0.5,0.0,5.0,0.928571428571429,0.0,0.0,0.5218772743964002,0.4781227256035998,1,0.009367927214952498
213,0,0.0,0.0,1.0,0.0,0.0,3.0,33.5,1.0,0.0,1.0,7.0,0.91,0.0,28.0,1.0,0.0,1.0,3.0,2.71428571428571,0.0,1.0,0.888888888888889,0.0,0.0,0.953846153846154,0.0,1.0,0.5533451171437924,0.44665488285620764,1,0.34661330695324377
214,0,0.0,0.0,1.0,6.0,1.0,3.0,99.0,1.0,0.0,11.0,17.0,0.5,1.0,83.0,2.0,0.0,7.0,1.0,6.52941176470588,0.0,1.0,0.736842105263158,0.0,6.498779296875,0.9049211834788204,0.0,2.0,0.5048462818890995,0.49515371811090053,2,8501220703125.0
216,0,0.0,0.0,1.0,0.0,0.0,2.0,32.498046875,1.0,0.0,2.0,9.0,0.98,0.0,44.0,1.0,0.0,1.0,3.0,2.0,0.0,1.0,0.0,0.0,2.0,0.944444444444444,0.0,0.0,0.5835915510001501,0.41640844899984986,1,0.2154989194095917
217,0,0.0,0.0,1.0,0.0,0.0,5.97265625,32.482666015625,1.0,0.0,7.0,27.0,0.94,0.0,62.0,1.0,0.0,4.0,3.0,5.25925925925926,0.0,1.0,0.482758620689655,0.0,224.0,0.515650741350906,0.0,3.0,0.5869428397730239,0.41305716022697614,2,4.41746145386821
247,0,0.0,4.0,1.0,0.0,0.0,2.0,52.5,1.0,1.0,7.0,41.0,0.35,0.0,89.0,1.0,1.0,12.0,2.0,4.71739130434783,0.0,1.0,0.875,0.0,23.496337890625,0.792048929663609,0.0,5.0,0.5033445555780917,0.49665544442190834,2,37503662109375.0
259,0,0.0,0.0,1.0,0.0,0.0,6.0,79.0,1.0,0.0,0.0,9.0,3.95,0.0,0.0,2.0,2.0,0.0,1.0,2.33333333333333,1.0,0.0,0.0,0.0,23.49963879585266,0.75,0.0,0.0,0.5856048204338928,0.4143951795661071,1,1500361204147.338
267,0,0.0,0.0,0.0,0.0,0.0,0.0,179.0,1.0,0.0,30.0,0.0,5.42,0.0,0.0,0.0,0.0,0.0,0.0,0.0,0.0,0.0,0.0,0.0,6.497314453125,0.685393258426966,0.0,2.0,0.9256298308871173,0.07437016911288279,1,20502685546875.0
327,0,2.0,0.0,2.0,2.0,15.0,4.0,98.0,1.0,0.0,0.0,14.0,0.51,2.0,81.0,1.0,0.0,2.0,1.0,10.895224452018738,1.0,1.0,1.27777777777778,0.0,2.0,0.974137931034483,0.0,3.0,0.5737735496859688,0.4262264503140312,1,1.964700747866984
339,0,0.0,2.0,2.0,0.0,0.0,3.0,27.0,1.0,0.0,1.0,2.0,0.51,0.5,25.0,2.0,0.0,7.0,1.0,3.25,2.0,1.0,1.0,0.0,30.0,0.672727272727273,0.0,0.0,0.6150528494522742,0.3849471505477257,1,3500000000000.0
341,0,1.0,1.0,1.0,1.0,0.0,2.0,72.0,1.0,0.0,4.0,15.0,0.58,1.0,58.0,2.0,0.0,1.0,1.0,4.932995445588057,1.0,1.0,0.631578947368421,0.0,0.0,0.975903614457831,0.0,1.0,0.5386156598264161,0.4613843401735839,1,1.479255300901711
347,0,9.0,0.0,2.0,0.0,7.0,8.0,397.0,1.0,0.0,3.0,31.0,0.92,1.0,65.0,1.0,0.0,4.0,3.0,19.075,1.0,0.0,0.80952380952381,0.0,0.0,0.9521090698163175,0.0,2.0,0.5495580375048505,0.45044196249514945,1,4.652057636833544
356,0,0.0,0.0,2.0,0.0,4.0,7.0,43.497713804244995,1.0,0.0,0.0,4.0,1.06,3.0,0.0,1.0,0.0,0.0,1.0,5.0,3.0,1.0,1.83333333333333,1.0,0.0,0.951219512195122,0.0,1.0,0.5006094937128611,0.4993905062871389,1,0.12182588762524699
363,0,0.0,0.0,0.0,0.0,0.0,0.0,508.0,1.0,0.0,1.0,0.0,1.07,0.0,0.0,0.0,0.0,0.0,0.0,0.0,0.0,0.0,0.0,0.0,6.49951171875,0.958724202626642,0.0,5.0,0.7345851576700546,0.26541484232994544,1,5500488281250.0
386,0,0.0,0.0,3.0,0.0,0.0,14.0,83.0,1.0,0.0,2.0,2.0,2.13,2.0,0.0,1.0,0.0,0.0,1.0,3.0,3.0,6.0,1.8295826673507691,1.0,0.0,0.956521739130435,0.0,1.0,0.5162511264652373,0.4837488735347627,1,0.8394174467731481
395,0,0.0,1.0,2.0,5.0,22.0,4.0,52.476318359375,1.0,0.0,0.0,21.0,0.71,3.0,95.0,1.0,0.0,10.0,1.0,7.86363636363636,3.0,2.0,1.20833333333333,0.0,6.5,0.974308300395257,0.0,2.0,0.5576207513905621,0.4423792486094379,2,500000000000.0
420,0,0.0,6.0,1.0,3.0,0.0,8.0,75.0,1.0,0.0,0.0,0.0,3.6199619680643083,0.0,100.0,0.0,1.0,4.0,0.0,1.16666666666667,1.0,0.0,0.0,0.0,0.0,0.944954128440367,0.0,0.0,0.6003165684732586,0.39968343152674135,1,0.6183544522668027
426,0,0.0,0.0,1.0,21.0,0.0,6.0,75.0,1.0,0.0,0.0,6.0,2.14,1.0,100.0,0.0,1.0,2.0,0.0,2.66666666666667,0.0,0.0,0.111111111111111,0.0,0.0,0.6156974431679827,0.0,2.0,0.5132839553160203,0.48671604468397967,1,0.06471195113691142
428,0,0.0,34.0,1.0,14.0,0.0,6.0,739.0,1.0,0.0,0.0,77.0,4.2,0.0,100.0,1.0,1.0,25.0,1.0,4.14414414414414,0.0,0.0,0.0,0.0,6.5,0.941564561734213,0.0,0.499267578125,0.5517774403853244,0.44822255961467555,2,1500000000000.0
437,0,0.0,0.0,1.0,0.0,1.0,5.0,156.0,1.0,0.0,9.0,21.0,0.89,0.0,82.0,2.0,0.0,14.0,3.0,4.52380952380952,1.0,1.0,0.625,0.0,6.491943359375,0.958762886597938,0.0,2.0,0.6360910653017275,0.36390893469827246,1,64508056640625.0
438,0,0.0,0.0,1.0,0.0,0.0,4.0,156.0,1.0,1.0,13.0,24.0,1.09,0.0,91.0,1.0,17.0,14.0,1.0,8.52,1.0,1.0,0.333333333333333,0.0,6.5,0.979942693409742,0.0,1.0,0.5287384776835697,0.4712615223164302,1,1500000000000.0
441,0,1.0,0.0,1.0,0.0,1.0,5.972861051559448,200.0,1.0,0.0,11.0,25.0,0.96,0.0,83.0,2.0,0.0,10.0,1.0,8.88461538461539,0.0,1.0,0.357142857142857,0.0,0.0,0.785249457700651,0.0,3.0,0.8562979917858429,0.14370200821415718,1,0.006101656648353271
443,0,0.0,1.0,1.0,0.0,0.0,6.0,166.0,1.0,0.0,9.0,20.0,0.93,0.0,83.0,2.0,0.0,15.0,3.0,5.67776185403139,1.0,1.0,0.608695652173913,0.0,55.0,0.981958762886598,0.0,1.0,0.5072460086585919,0.4927539913414081,1,2.230964927738811
446,0,0.0,2.0,1.0,4.0,1.0,8.0,333.0,1.0,0.0,9.0,33.0,1.12,0.0,92.0,2.0,2.0,18.0,4.0,5.11428571428571,0.0,1.0,0.621621621621622,0.0,6.48974609375,0.987252124645892,0.0,1.0,0.5364744161931414,0.4635255838068586,1,58510253906250.0
449,0,0.0,1.0,1.0,41.0,0.0,10.0,279.490478515625,1.0,0.0,1.0,110.0,3.52,0.0,100.0,0.0,2.0,31.0,0.0,4.0990990990991,0.0,0.0,0.0,0.0,44.0,0.833517699115044,0.0,2.5,0.6146638642131925,0.3853361357868074,2,19.211510988514185
464,0,3.0,0.0,1.0,5.0,1.0,9.0,504.0,1.0,0.0,15.0,37.0,0.95,1.0,91.0,2.0,0.0,28.0,4.0,6.125,1.0,1.0,0.738095238095238,0.0,6.5,0.946397188049209,0.0,0.49951171875,0.6200832059857138,0.37991679401428624,2,15500000000000.0
468,0,0.0,0.0,2.0,0.0,0.0,5.0,44.0,1.0,0.0,3.0,3.0,0.77,1.0,33.0,2.0,0.0,11.0,1.0,5.0,0.0,1.0,1.2,0.0,0.0,0.46549613287592095,0.0,0.0,0.5010222715731487,0.49897772842685123,1,0.509799224053042
475,0,2.0,0.0,1.0,9.0,0.0,7.0,532.0,1.0,0.0,15.0,61.0,0.86,0.0,94.0,2.0,0.0,28.0,3.0,10.2063492063492,0.0,1.0,0.707692307692308,0.0,6.4921875,0.95810705973623,0.0,2.4998779892921448,0.6213076864785287,0.3786923135214713,2,35507812500000.0
477,0,0.0,0.0,1.0,4.0,0.0,7.0,378.0,1.0,1.0,21.0,40.0,0.92,0.0,91.0,2.0,0.0,18.0,5.0,3.90243902439024,0.0,1.0,0.441860465116279,0.0,6.498046875,0.971363115693013,0.0,0.49951171875,0.6290890184500395,0.37091098154996055,2,29501953125000.0
493,0,0.0,1.0,1.0,6.0,0.0,5.972683906555176,147.0,1.0,0.0,0.0,15.0,4.9,0.0,100.0,2.0,2.0,4.0,2.0,5.75,0.0,0.0,0.0,0.0,5.0,0.780487804878049,0.0,1.0,0.6267587197764126,0.3732412802235873,1,0.23097173736332421
494,0,0.0,32.0,1.0,0.0,0.0,23.0,1025.0,1.0,0.0,1.0,9.0,2.37,1.0,100.0,0.0,1.0,7.0,0.0,0.024390243902439,0.0,1.0,0.0,0.0,6.494384765625,0.923566878980892,0.0,4.0,0.6676926531489453,0.3323073468510546,1,44505615234375.0
505,0,0.0,0.49951171875,1.0,0.0,0.0,7.0,170.0,1.0,0.0,0.0,8.0,4.47,0.0,0.0,2.0,1.0,6.0,1.0,2.05263157894737,1.0,0.0,0.0,0.0,1.0,0.937238493723849,0.0,2.0,0.6039163680903956,0.3960836319096044,1,10500488281250.0
527,0,0.0,0.0,1.0,4.0,0.0,12.0,139.0,1.0,0.0,0.0,8.0,4.34,0.0,100.0,2.0,1.0,8.0,1.0,5.25,1.0,0.0,0.0,0.0,23.499879598617554,0.84020618556701,0.0,1.0,0.6341887539141142,0.3658112460858857,1,500120401382.4453
572,0,0.0,4.0,1.0,4.0,0.0,4.0,109.48597198724747,1.0,0.0,0.0,23.0,3.4,0.0,100.0,1.0,2.0,12.0,1.0,1.51851851851852,0.0,0.0,0.0,0.0,7.0,0.692090395480226,0.0,4.0,0.5255245943915141,0.47447540560848595,1,2.0893105957392875
578,0,0.0,13.0,1.0,19.0,0.0,23.0,897.0,1.0,0.0,0.0,20.0,7.12,1.0,100.0,0.0,1.0,7.0,0.0,19.3333333333333,1.0,0.0,0.0,0.0,6.497314453125,0.874555160142349,0.0,2.0,0.7628376462154471,0.2371623537845529,1,20502685546875.0
1988,0,1.0,2.0,1.0,0.0,0.0,5.0,90.0,1.0,1.0,1.0,7.0,1.17,0.0,27.0,3.0,0.0,5.0,2.0,2.45454545454545,1.0,2.0,0.538461538461538,0.0,6.440673828125,0.893617021276596,0.0,1.0,0.838303428126257,0.16169657187374298,1,360559326171875.0
1989,0,1.0,2.0,1.0,0.0,0.0,5.0,90.0,1.0,1.0,1.0,7.0,1.17,0.0,27.0,5.0,0.0,5.0,2.0,2.45454545454545,1.0,2.0,0.538461538461538,0.0,6.49560546875,0.888888888888889,0.0,1.0,0.8678105964174162,0.13218940358258383,1,202504394531250.0
1990,0,0.0,2.0,1.0,0.0,0.0,5.0,90.0,1.0,2.0,1.0,7.0,1.17,0.0,27.0,5.0,0.0,5.0,2.0,2.45454545454545,1.0,2.0,0.538461538461538,0.0,6.48828125,0.905263157894737,0.0,1.0,0.8061342560591696,0.1938657439408304,1,199511718750000.0
1991,0,1.0,2.0,1.0,0.0,0.0,4.0,90.0,1.0,2.0,1.0,7.0,1.08,0.0,25.0,4.0,0.0,5.0,2.0,2.41666666666667,1.0,2.0,0.5,0.0,6.46142578125,0.892857142857143,0.0,1.0,0.8550666746764909,0.1449333253235091,1,209538574218750.0
600,0,0.0,4.0,1.0,0.0,1.0,7.0,524.0,1.0,6.0,0.0,56.0,1.08,0.0,0.0,1.0,13.0,10.0,4.0,3.22727272727273,0.0,0.0,0.308823529411765,0.0,6.48779296875,0.905393457117595,0.0,1.08984375,0.5133819024300206,0.4866180975699795,2,73512207031250.0
601,0,2.0,0.0,2.0,0.0,16.0,5.971930980682373,658.0,1.0,0.0,2.0,54.0,0.87,1.0,60.0,1.0,0.0,18.0,3.0,11.2321428571429,0.0,1.0,0.741379310344828,0.0,6.475341796875,0.689369828134946,5.0,7.0,0.6226545425844696,0.3773454574155304,2,648524658203125.0
603,0,0.0,23.0,1.0,0.0,0.0,8.0,601.0,1.0,0.0,0.0,38.0,5.46,0.0,0.0,4.0,10.0,4.0,2.0,10.983606557377,0.0,0.0,0.0,0.0,6.5,0.969811320754717,0.0,1.08984375,0.6527572630556652,0.34724273694433483,2,3500000000000.0
611,0,6.0,4.0,4.0,3.0,22.0,10.0,276.0,1.0,0.0,0.0,13.0,0.43,3.0,75.0,1.0,0.0,5.0,1.0,6.82608695652174,0.0,1.0,2.2,0.0,0.0,0.914705882352941,0.0,2.5,0.5637426885912471,0.43625731140875285,1,1.0117361392142104
620,0,3.0,5.0,2.0,2.0,2.0,5.0,333.0,1.0,1.0,3.0,33.0,0.51,1.0,77.0,2.0,2.0,15.0,2.0,3.52380952380952,0.0,1.0,1.18181818181818,0.0,6.5,0.961605584642234,0.0,2.5,0.5230906068547473,0.4769093931452527,2,15500000000000.0
624,0,8.0,0.0,2.0,4.0,6.0,7.0,894.0,1.0,24.0,9.0,77.0,0.55,1.0,94.0,2.0,3.0,25.0,3.0,5.11926605504587,0.0,1.0,0.981981981981982,0.0,6.485595703125,0.942817294281729,0.0,1.08984375,0.6632645712286278,0.33673542877137214,2,116514404296875.0
625,0,0.0,1.0,1.0,0.0,0.0,1.0,90.0,1.0,0.0,0.0,35.0,0.44,0.0,0.0,4.0,1.0,8.0,1.0,0.611111111111111,0.0,1.0,0.315789473684211,0.0,6.498046875,0.759206798866855,0.0,3.0,0.8509410588708024,0.14905894112919754,1,16501953125000.0
628,0,1.0,1.0,1.0,2.0,0.0,4.0,338.0,1.0,3.0,2.0,49.0,0.77,0.0,78.0,3.0,0.0,11.0,1.0,2.09259259259259,0.0,1.0,0.535714285714286,0.0,2.0,0.990066225165563,0.0,0.49951171875,0.6204620728312196,0.3795379271687804,1,1.686556239881501
637,0,0.0,0.5,1.0,2.0,0.0,4.0,337.0,1.0,3.0,2.0,49.0,0.78,0.0,81.0,3.0,0.0,13.0,1.0,2.09433962264151,0.0,1.0,0.527272727272727,0.0,0.0,0.993311036789298,0.0,1.0,0.8203028968070638,0.17969710319293625,1,500000000000.0
640,0,5.0,9.0,1.0,8.0,10.0,4.0,267.95570707321167,1.0,6.0,3.0,37.0,0.59,0.0,92.0,2.0,0.0,18.0,2.0,3.50877192982456,0.0,1.0,0.610169491525424,0.0,6.494384765625,0.921830314585319,0.0,3.0,0.5021712493991095,0.4978287506008905,2,44505615234375.0
641,0,6.0,8.0,2.0,15.0,7.0,5.0,344.0,1.0,2.0,4.0,7.5,0.41,1.0,93.0,2.0,0.0,22.0,2.0,4.64285714285714,0.0,1.0,1.0,0.0,6.498046875,0.685931558935361,0.0,4.0,0.693013785507923,0.3069862144920769,2,19501953125000.0
645,0,2.0,0.0,1.0,0.0,0.0,5.96923828125,440.0,3.0,3.0,7.0,9.0,1.59,3.0,68.0,1.0,0.0,10.0,2.0,4.0,1.0,0.0,1.0,0.0,0.0,0.851990049751244,0.0,3.0,0.5666451383841138,0.43335486161588627,1,4.278690975031638
646,0,0.0,0.0,1.0,8.0,0.0,10.0,147.0,1.0,0.0,0.0,10.0,3.42,0.0,100.0,6.0,1.0,3.0,1.0,0.4,0.0,1.0,0.0,0.0,6.49072265625,0.679245283018868,0.0,3.0,0.8225781310049007,0.17742186899509932,1,66509277343750.0
647,0,2.0,0.0,2.0,131.0,4.0,6.0,28.4931640625,1.0,0.0,21.0,53.0,0.41,1.0,97.0,1.0,0.0,39.0,2.0,14.4909090909091,0.0,1.0,0.526315789473684,0.0,6.49658203125,0.938299055030573,0.0,1.090087890625,0.5189621346503639,0.4810378653496361,3,17503417968750.0
1992,0,0.0,7.0,2.0,0.0,0.0,9.0,111.0,1.0,0.0,5.0,0.0,0.8,3.0,65.0,1.0,0.0,12.0,1.0,5.67773834296635,6.0,1.0,1.11111111111111,0.0,305.0,0.895470383275261,0.0,1.0,0.556300606430442,0.443699393569558,1,1.2288738856002195
651,0,1.0,0.0,2.0,11.0,1.0,5.971687018871307,126.48312306404114,1.0,1.0,4.0,29.0,1.32,1.0,92.0,2.0,0.0,20.0,3.0,3.32258064516129,0.0,1.0,1.03030303030303,0.0,6.49951171875,0.472306143001007,0.0,4.0,0.5044328892255849,0.4955671107744151,3,61500488281250.0
1993,0,0.0,0.0,1.0,0.0,3.0,5.0,59.0,4.0,0.0,0.0,6.0,1.07,0.0,0.0,1.0,0.0,1.0,2.0,2.5,1.0,2.0,0.454545454545455,0.0,13.490234375,1.0,0.0,0.0,0.5042117776345787,0.4957882223654213,1,110509765625000.0
663,0,1.0,0.0,1.0,0.0,1.0,2.0,31.4697265625,1.0,11.0,19.0,32.0,0.41,1.0,93.0,1.0,1.0,10.498046875,6.0,3.02272727272727,0.0,0.0,0.851063829787234,0.0,6.493408203125,0.942583732057416,0.0,3.0,0.5308049302953944,0.46919506970460556,3,42506591796875.0
1995,0,1.0,1.0,1.0,0.0,0.0,7.0,75.0,1.0,0.0,3.0,4.0,1.03,0.0,22.0,3.0,0.0,5.0,1.0,4.16666666666667,2.0,2.0,1.77777777777778,0.0,11.4775390625,1.0,0.0,0.0,0.5215626735606818,0.4784373264393183,1,152522460937500.0
1996,0,0.0,1.0,1.0,0.0,0.0,14.0,66.0,1.0,0.0,2.0,2.0,2.54,0.0,33.0,2.0,0.0,0.0,1.0,3.33333333333333,2.0,1.0,1.2,0.0,14.471923828125,0.817307692307692,0.0,0.0,0.5304351013856193,0.46956489861438067,1,120528076171875.0
1997,0,2.0,3.0,1.0,0.0,0.0,9.0,101.0,1.0,0.0,7.0,2.0,1.37222599029541,0.0,53.0,2.0,0.0,11.0,1.0,5.0,1.0,1.0,1.66666666666667,0.0,279.0,0.841880341880342,0.0,1.0,0.5144149481750386,0.4855850518249613,1,0.9034915956474856
688,0,0.0,13.0,1.0,0.0,0.0,3.0,69.49805688858032,1.0,0.0,3.0,0.0,1.47,0.0,64.0,1.0,6.0,2.0,1.0,19.3076923076923,2.0,1.0,0.2,0.0,0.0,0.962025316455696,0.0,1.0,0.5138589990182427,0.48614100098175733,1,0.1592911685068933
689,0,6.0,2.0,3.0,1.0,0.0,11.0,344.0,1.0,2.0,8.0,11.0,0.59,1.0,72.0,2.0,0.0,16.0,2.0,7.57142857142857,2.0,1.0,0.7668032438858707,0.0,6.498779296875,0.655276381909548,0.0,0.5,0.5487822624345824,0.4512177375654176,3,226501220703125.0
695,0,3.0,2.0,2.0,0.0,0.0,5.971931219100952,136.46728515625,1.0,1.0,2.0,13.0,0.89,0.0,60.0,2.0,0.0,16.0,2.0,4.89473684210526,0.0,1.0,2.14285714285714,0.0,1050.0,0.684879288437103,0.0,4.0,0.5743768860932342,0.42562311390676577,2,4.469474207103167
696,0,14.0,4.0,1.0,6.0,0.0,9.0,1044.0,1.0,13.0,15.0,60.0,0.97,1.0,95.0,1.0,1.0,35.0,2.0,6.20879120879121,0.0,1.0,0.827956989247312,0.0,6.4794921875,0.76875,2.0,2.5,0.550126771322964,0.44987322867703605,2,490520507812500.0
700,0,17.0,0.0,1.0,2.0,1.0,11.0,2316.0,1.0,3.0,2.0,180.0,2.08,0.0,99.0,2.0,1.0,23.0,3.0,1.395,0.0,1.0,0.222772277227723,0.0,6.4775390625,0.747786423396834,0.0,2.499878168106079,0.751927576161538,0.2480724238384619,2,162522460937500.0
705,0,11.0,5.0,1.0,0.0,0.0,9.0,870.0,1.0,5.0,5.0,58.0,1.07,1.0,93.0,3.0,3.0,31.0,2.0,2.008118448378165,0.0,1.0,0.802469135802469,0.0,0.0,0.633699633699634,0.0,0.49951171875,0.5362940258911203,0.4637059741088797,2,3.864791829044376
710,0,18.0,8.0,1.0,8.0,2.0,13.0,2581.0,1.0,12.0,26.0,149.0,1.3,1.0,97.0,2.0,2.0,39.4998779296875,3.0,1.4361239346590913,0.0,1.0,0.793650793650794,0.0,6.4951171875,0.655260570304818,0.0,0.498046875,0.5237956028931054,0.47620439710689455,4,51504882812500.0
719,0,3.0,10.0,1.0,0.0,0.0,11.0,276.977783203125,1.0,0.0,12.498046875,45.0,1.09,2.0,94.0,2.0,2.0,16.0,2.0,5.17241379310345,0.0,0.0,0.916666666666667,0.0,35.0,0.902935889754344,0.0,0.4990234375,0.536751127397218,0.463248872602782,3,12.72760707212714
2002,0,6.0,14.0,2.0,1.0,0.0,4.0,50.49574089050293,3.0,1.0,7.0,2.0,0.37,0.0,71.0,1.0,0.0,9.0,2.0,6.69565217391304,0.0,1.0,1.48148148148148,0.0,23.39794921875,0.781431334622824,0.0,1.0,0.5083142501514527,0.4916857498485473,2,624602050781250.0
724,0,0.0,22.0,1.0,0.0,1.0,3.0,196.0,1.0,0.0,9.0,1.0,1.07,1.0,82.0,1.0,0.0,16.0,1.0,3.91304347826087,1.0,1.0,0.76,0.0,45.0,0.89438202247191,0.0,1.0900659561157227,0.563200437130108,0.436799562869892,1,0.6137421043327017
725,0,5.0,1.0,3.0,0.0,0.0,3.0,83.0,1.0,0.0,12.0,7.0,0.27,3.0,71.0,2.0,0.0,7.0,1.0,5.92307692307692,1.0,2.0,0.44718424479166596,0.0,6.43359375,0.883928571428571,0.0,2.0,0.6523642147539561,0.3476357852460438,2,443566406250000.0
726,0,3.0,6.0,1.0,1.0,24.0,1.0,86.0,1.0,0.0,0.0,15.0,0.43,0.0,83.0,1.0,0.0,19.0,1.0,18.375,2.0,1.0,0.461538461538462,0.0,6.49560546875,0.739255014326648,0.0,2.0,0.5844543614990815,0.4155456385009185,1,28504394531250.0
729,0,5.0,0.0,1.0,0.0,4.0,5.97265625,107.0,1.0,1.0,2.0,4.0,0.79,1.0,70.0,2.0,0.0,9.0,1.0,6.673198291233609,3.0,2.0,1.16666666666667,0.0,23.4736328125,0.426116838487972,0.0,3.0,0.5077301608008598,0.49226983919914025,3,139526367187500.0
732,0,4.0,5.0,1.0,0.0,0.0,6.0,147.0,1.0,0.0,10.0,3.0,0.62,2.0,74.0,2.0,0.0,1.0,2.0,5.41666666666667,0.0,2.0,2.0,0.0,6.43798828125,0.9632305285488153,0.0,1.0,0.5041497815811178,0.49585021841888227,2,298562011718750.0
743,0,12.0,4.0,1.0,3.0,0.0,5.0,405.9941676855087,1.0,1.0,18.0,43.0,0.61,3.0,89.0,1.0,0.0,20.0,2.0,7.01666666666667,1.0,1.0,0.919354838709677,0.0,0.0,0.99568655643422,0.0,1.0,0.5091837666009053,0.49081623339909475,1,0.46850563414292523
746,0,19.0,14.0,3.0,14.0,5.0,16.0,1108.0,1.0,0.0,3.0,0.0,0.95,5.0,92.0,1.0,0.0,13.0,1.0,10.89568392435713,3.0,1.0,1.97142857142857,0.0,0.0,0.99685393258427,0.0,2.0,0.5874534831152154,0.4125465168847846,1,0.31201244124211325
778,0,21.0,9.0,3.0,2.0,6.0,5.0,21.4423828125,3.0,10.0,27.0,30.0,0.34,4.0,96.0,1.0,1.0,42.0,3.0,4.61428571428571,1.0,1.0,1.73333333333333,0.0,9.0,0.991799544419134,0.0,0.499267578125,0.509194067813778,0.49080593218622204,2,8.444057596510621
779,0,3.0,0.49951171875,2.0,0.0,0.0,3.0,68.0,1.0,0.0,6.0,8.0,0.4,1.0,76.0,2.0,0.0,4.0,2.0,2.35714285714286,0.0,1.0,1.125,0.0,6.5,0.963087248322148,0.0,2.0,0.7979940542795358,0.2020059457204642,2,7905848572080.582
783,0,2.0,2.0,2.0,2.0,0.0,3.0,28.5,13.0,1.0,12.0,27.0,0.21,1.0,80.0,1.0,0.0,13.0,3.0,4.21875,0.0,1.0,1.67391304347826,0.0,6.494140625,0.892391304347826,0.0,4.0,0.5752969657140634,0.42470303428593664,2,45505859375000.0
784,0,2.0,12.0,3.0,0.0,1.0,2.0,31.498046875,1.0,0.0,8.0,1.0,0.35,4.0,75.0,1.0,0.0,11.0,1.0,5.26666666666667,2.0,1.0,1.11764705882353,0.0,1.0,0.982843137254902,0.0,2.0,0.6370732286590894,0.3629267713409106,1,0.8712538244562693
796,0,5.0,11.0,2.0,1.0,0.0,2.0,79.0,3.0,0.0,6.5,2.0,0.32,3.0,79.0,2.0,0.0,22.0,2.0,5.38888888888889,1.0,1.0,1.31818181818182,0.0,73.0,0.957845433255269,0.0,2.0,0.6163539699805058,0.38364603001949416,1,5.05868069607105
806,0,62.0,16.0,1.0,29.0,5.0,13.0,3419.0,1.0,15.0,43.0,137.0,0.51,4.0,98.0,1.0,0.0,35.4775390625,6.0,1.8158219047214674,0.0,0.0,0.836206896551724,0.0,6.3251953125,0.832226648959717,6.0,0.498046875,0.5924606447009828,0.4075393552990172,4,1331674804687500.0
807,0,6.0,3.0,1.0,0.0,1.0,16.0,360.0,1.0,5.0,3.0,5.0,1.04,4.0,61.0,1.0,0.0,31.0,2.0,5.52631578947368,0.0,1.0,0.952380952380952,0.0,6.49560546875,0.806930693069307,0.0,2.4996341466903687,0.8325576442429454,0.16744235575705457,2,28504394531250.0
818,0,0.0,1.0,1.0,9.0,0.0,9.0,76.0,1.0,0.0,0.0,3.0,0.68,4.0,63.0,2.0,0.0,21.0,1.0,5.732100963592529,1.0,3.0,0.666666666666667,0.0,2.0,0.973451327433628,0.0,1.0,0.5222604112735407,0.47773958872645933,1,0.10841725471767027
819,0,0.0,1.0,1.0,3.090066611766815,0.0,5.0,75.0,1.0,0.0,1.0,2.5,0.33,0.0,81.0,3.0,0.0,19.0,1.0,5.22222222222222,0.0,1.0,1.09090909090909,0.0,8.0,0.764705882352941,0.0,2.0,0.5213731033759583,0.47862689662404173,2,11909933388233.184
820,0,0.0,0.0,1.0,21.0,0.0,18.0,201.0,1.0,0.0,1.0,8.0,0.56,5.0,77.0,2.0,0.0,32.0,1.0,8.25,1.0,1.0,1.2,0.0,6.49951171875,0.951585976627713,0.0,2.4998779892921448,0.539497221829114,0.46050277817088603,2,21500488281250.0
822,0,0.0,0.0,1.0,15.0,0.0,20.0,221.0,1.0,5.0,0.0,4.0,0.43,7.0,74.0,2.0,0.0,25.0,1.0,7.88888888888889,2.0,3.0,1.27272727272727,0.0,6.5,0.992094861660079,0.0,1.0,0.8943910249630508,0.10560897503694919,1,1500000000000.0
828,0,0.0,0.0,1.0,13.0,0.0,7.0,28.498046875,1.0,0.0,1.0,9.0,0.46,0.0,77.0,3.0,0.0,18.0,1.0,5.11111111111111,0.0,1.0,0.818181818181818,0.0,7.0,0.779605263157895,0.0,1.0,0.5611312094850353,0.43886879051496475,1,1.2647067674842756
832,0,2.0,0.0,1.0,18.0,0.0,8.0,28.49609375,1.0,0.0,1.0,9.0,0.34,0.0,73.0,3.0,0.0,18.0,1.0,8.27272727272727,1.0,1.0,0.2880156636238098,0.0,12.0,0.827050997782705,0.0,1.0,0.5110620382291935,0.48893796177080656,2,1.881746622164425
833,0,0.0,2.0,1.0,14.0,0.0,17.0,148.0,1.0,1.0,0.0,3.0,0.58,7.0,70.0,2.0,0.0,21.0,1.0,8.33333333333333,2.0,3.0,1.5,0.0,6.5,0.968325791855204,0.0,1.0900659561157227,0.7180770147322401,0.28192298526775994,2,3500000000000.0
835,0,1.0,0.0,1.0,25.0,0.0,39.0,242.0,1.0,0.0,0.0,4.0,0.54,12.0,80.0,2.0,0.0,25.0,1.0,9.6,5.0,3.0,1.28571428571429,0.0,6.5,0.990740740740741,0.0,1.0,0.5260954470145344,0.47390455298546563,1,7500000000000.0
837,0,7.0,29.0,1.0,1.0,0.0,11.0,441.0,1.0,0.0,7.0,1.0,0.61,2.0,87.0,1.0,0.0,26.0,1.0,9.81081081081081,3.0,1.0,1.20512820512821,0.0,0.0,0.955520254169976,0.0,0.49951171875,0.7030426631801607,0.2969573368198393,1,1.686556239881501
843,0,2.0,1.0,1.0,0.0,0.0,11.0,223.0,1.0,0.0,9.0,13.0,0.68,2.0,80.0,4.0,0.0,28.0,1.0,4.1875,1.0,1.0,1.11111111111111,0.0,6.497314453125,0.974317817014446,0.0,1.0900659561157227,0.779955020684117,0.2200449793158829,2,20502685546875.0
845,0,0.0,0.0,1.0,0.0,0.0,9.0,135.0,1.0,0.0,12.0,11.0,0.62,2.0,70.0,4.0,0.0,24.0,1.0,4.932911666956818,1.0,1.0,1.53846153846154,0.0,6.498046875,0.918072289156627,0.0,0.5,0.5108876811141856,0.48911231888581436,3,19501953125000.0
850,0,2.0,4.0,1.0,0.0,2.0,8.0,171.0,1.0,4.0,1.0,7.0,1.08,0.0,88.0,1.0,12.0,17.0,2.0,4.47058823529412,0.0,1.0,0.421052631578947,0.0,6.49560546875,0.9846547314578,0.0,1.0,0.6220450683866479,0.3779549316133522,1,202504394531250.0
854,0,0.0,0.0,1.0,0.0,0.0,9.0,185.0,1.0,2.0,7.0,15.0,0.92,1.0,71.0,3.0,2.0,14.0,1.0,3.88235294117647,1.0,1.0,0.631578947368421,0.0,6.5,0.981776765375854,0.0,1.0900659561157227,0.8154585053077748,0.18454149469222525,2,1500000000000.0
856,0,1.0,3.0,1.0,20.0,0.0,12.0,384.0,1.0,3.0,10.0,21.0,0.86,1.0,89.0,3.0,5.0,24.0,1.0,7.82142857142857,1.0,0.0,0.633333333333333,0.0,6.496826171875,0.706580366774542,0.0,0.5,0.5789225470662734,0.42107745293372656,2,36503173828125.0
857,0,6.0,1.0,2.0,3.0,0.0,12.0,624.0,1.0,6.0,5.0,34.0,0.71,2.0,88.0,5.0,0.0,30.0,2.0,5.65957446808511,0.0,1.0,1.38775510204082,0.0,6.49951171875,0.633886255924171,0.0,0.49951171875,0.5554307472705148,0.4445692527294852,2,65500488281250.0
864,0,4.0,3.0,2.0,0.0,0.0,14.0,357.0,1.0,2.0,5.0,13.0,0.63,3.0,75.0,3.0,0.0,35.0,1.0,6.27272727272727,0.0,1.0,1.20833333333333,0.0,6.477783203125,0.945402298850575,0.0,0.5,0.7970377035925207,0.20296229640747931,2,102522216796875.0
867,0,0.0,3.0,1.0,0.0,0.0,4.0,61.0,1.0,0.0,0.0,7.0,0.47,2.0,0.0,2.0,0.0,8.0,1.0,3.4,0.0,1.0,1.0,0.0,6.4951171875,0.95397489539749,0.0,2.4998779892921448,0.5662090764697877,0.4337909235302123,2,51504882812500.0
868,0,0.0,3.0,1.0,0.0,0.0,3.0,52.0,1.0,0.0,0.0,7.0,0.68,0.0,0.0,2.0,0.0,8.0,1.0,1.8,1.0,1.0,0.833333333333333,0.0,6.49169921875,0.948051948051948,0.0,2.0,0.7538435623570967,0.24615643764290335,1,52508300781250.0
869,0,0.0,0.0,2.0,0.0,0.0,5.972412109375,166.0,1.0,1.0,3.0,7.0,0.79,3.0,45.0,3.0,0.0,19.0,1.0,4.25,2.0,2.0,2.1,0.0,19.0,0.83175355450237,0.0,4.0,0.563338325228296,0.436661674771704,1,0.9055236050685945
871,0,2.0,7.0,2.0,3.0,1.0,12.0,285.0,1.0,0.0,9.0,11.0,0.68,2.0,81.0,3.0,1.0,29.0,1.0,7.4,1.0,1.0,1.1628557687455974,0.0,6.498046875,0.861386138613861,0.0,0.5,0.5006959789636309,0.49930402103636906,3,29501953125000.0
873,0,1.0,15.0,1.0,0.0,0.0,7.0,38.3984375,2.0,6.0,18.0,35.0,0.87,0.0,86.0,1.8093727827072144,0.0,28.0,1.0,5.05263157894737,0.0,1.0,0.55,0.0,48.0,0.776936026936027,0.0,1.08984375,0.5082368170248344,0.4917631829751656,3,8.614706062421368
874,0,4.0,0.0,1.0,0.0,0.0,3.0,279.0,1.0,0.0,11.5,56.0,0.54,0.0,95.0,2.0,0.0,36.0,2.0,2.01666666666667,0.0,1.0,0.516129032258065,0.0,0.0,0.760087241003272,0.0,2.0,0.5921871631788398,0.4078128368211602,1,15.850532847689294
875,0,2.0,0.0,1.0,0.0,1.0,45.0,256.0,1.0,1.0,0.0,2.0,1.03,6.0,0.0,4.0,0.0,19.0,1.0,8.8,3.0,1.0,2.28571428571429,0.0,6.482177734375,0.8607335042347839,0.0,1.0,0.5232814545779496,0.47671854542205044,2,394517822265625.0
876,0,8.0,1.0,2.0,0.0,0.0,13.0,288.0,1.0,1.0,3.0,10.0,0.78,2.0,55.0,3.0,0.0,26.0,1.0,3.95,2.0,2.0,0.40451882102272674,0.0,6.456298828125,0.642666666666667,0.0,0.499267578125,0.5559905655773877,0.4440094344226123,3,266543701171875.0
877,0,0.0,4.0,1.0,0.0,0.0,7.0,146.0,1.0,2.0,1.0,9.0,1.33,0.0,73.0,3.0,8.0,14.0,1.0,2.46666666666667,0.0,0.0,0.294117647058824,0.0,6.498046875,0.924137931034483,0.0,1.08984375,0.7286834670132678,0.27131653298673225,2,9501953125000.0
881,0,2.0,0.0,2.0,0.0,0.0,16.0,121.0,1.0,0.0,5.0,4.0,0.52,4.0,60.0,4.0,0.0,19.0,1.0,6.83333333333333,2.0,1.0,3.125,1.0,6.49072265625,0.9580846633726259,0.0,2.0,0.5147411162030533,0.4852588837969467,2,133509277343750.0
884,0,1.0,0.0,2.0,0.0,0.0,6.499390244483948,153.0,1.0,0.0,8.0,8.0,0.47,4.0,58.0,4.0,0.0,34.0,1.0,8.11111111111111,0.0,1.0,1.90909090909091,0.0,6.4990234375,0.681318681318681,0.0,2.0,0.5558209441205133,0.44417905587948675,2,72500976562500.0
885,0,5.0,0.0,2.0,0.0,0.0,17.0,33.4384765625,1.0,0.0,24.0,7.0,0.64,4.0,75.0,4.0,0.0,27.0,1.0,8.41666666666667,0.0,1.0,1.78571428571429,0.0,6.49951171875,0.876923076923077,0.0,0.49951171875,0.532202766358817,0.467797233641183,3,65500488281250.0
897,0,0.0,1.0,1.0,0.0,0.0,13.0,140.0,1.0,0.0,1.0,7.0,0.92,2.0,75.0,5.0,0.0,24.0,1.0,4.375,0.0,1.0,0.7,0.0,0.0,0.973760932944606,0.0,1.0900659561157227,0.5367294166801226,0.4632705833198773,1,0.6137421043327017
898,0,9.0,5.0,1.0,0.0,2.0,12.0,518.0,1.0,9.0,24.0,16.0,0.56,2.0,94.0,4.0,3.0,52.0,1.0,1.522385817307693,0.0,1.0,1.48780487804878,0.0,0.0,0.943217665615142,0.0,0.49951171875,0.5128251169300229,0.4871748830699772,2,2.2994591783036027
907,0,4.0,35.0,1.0,1.0,0.0,7.0,28.42431640625,1.0,2.0,13.0,0.0,1.3,1.0,95.0,1.0,1.0,22.0,2.0,7.80487804878049,1.0,0.0,0.441860465116279,0.0,6.496337890625,0.988197424892704,0.0,2.0,0.5968549656489686,0.40314503435103144,2,18503662109375.0
909,0,0.0,1.0,1.0,0.0,0.0,3.0,40.0,1.0,1.0,5.0,3.0,0.39,1.0,48.0,4.0,0.0,19.0,1.0,4.8,1.0,1.0,1.1580290624073593,0.0,0.0,0.662650602409639,0.0,2.0,0.5141788927270301,0.4858211072729699,1,0.7617278216765555
910,0,23.0,10.0,2.0,3.0,0.0,16.0,1538.0,1.0,6.0,30.0,50.0,0.6,4.0,95.0,4.0,0.0,39.49817109107971,1.0,1.5222963483146064,0.0,0.0,1.34065934065934,0.0,6.46826171875,0.935771826692793,0.0,0.49951171875,0.5091535978439801,0.49084640215601993,4,136531738281250.0
911,0,0.0,7.0,2.0,0.0,0.0,15.0,614.0,1.0,1.0,5.0,30.0,0.72,2.0,94.0,3.0,0.0,35.0,2.0,1.94534516961951,1.0,1.0,1.925,0.0,6.482177734375,0.869698832206515,0.0,1.0,0.5462998487013712,0.45370015129862884,2,78517822265625.0
912,0,0.0,1.0,1.0,0.0,0.0,13.0,296.0,1.0,1.0,1.0,18.0,1.08,2.0,25.0,4.0,0.0,20.0,1.0,3.2,1.0,1.0,0.727272727272727,0.0,6.49951171875,0.968944099378882,0.0,1.08984375,0.7328857854182634,0.26711421458173656,2,2500488281250.0
913,0,2.0,4.0,1.0,3.0,0.0,5.0,109.474609375,1.0,10.0,1.498046875,63.0,0.62,1.0,96.0,3.0,8.0,39.0,2.0,4.62025316455696,0.0,0.0,0.654320987654321,0.0,1.0,0.870223978919631,0.0,2.0,0.5021343480269421,0.4978656519730579,2,15.125361528199896
914,0,6.0,4.0,1.0,0.0,0.0,9.0,470.0,1.0,2.0,11.4996457695961,33.0,0.55,3.0,93.0,4.0,0.0,58.0,2.0,4.06666666666667,0.0,0.0,1.02127659574468,0.0,6.48876953125,0.980544747081712,0.0,0.49951171875,0.5568975733844574,0.4431024266155425,3,142511230468750.0
919,0,9.0,3.0,2.0,0.0,0.0,20.0,509.0,1.0,0.0,10.0,10.0,0.83,3.0,82.0,5.0,0.0,52.0,1.0,5.13636363636364,0.0,1.0,1.75,0.0,6.498046875,0.866449511400652,0.0,0.5,0.5131884377887336,0.4868115622112664,2,169501953125000.0
920,0,0.0,2.0,3.0,0.0,0.0,14.0,281.0,1.0,4.0,2.0,11.0,0.67,3.0,52.0,6.0,0.0,24.0,1.0,4.47058823529412,0.0,1.0,1.42105263157895,0.0,0.0,0.988636363636364,0.0,1.0900659561157227,0.5179613654477959,0.482038634552204,1,0.6137421043327017
922,0,1.0,0.0,2.0,0.0,0.0,9.0,210.0,1.0,0.0,0.0,19.0,0.5650001621246339,2.0,0.0,2.0,0.0,31.0,1.0,2.45,0.0,0.0,1.04545454545455,0.0,48.0,0.832592592592593,0.0,2.0,0.5776330859245868,0.42236691407541316,1,0.028104085399159373
927,0,1.0,3.0,1.0,0.0,0.0,9.0,141.0,1.0,0.0,9.0,9.0,0.73,2.0,75.0,4.0,0.0,23.0,1.0,3.69230769230769,1.0,1.0,0.533333333333333,0.0,2.0,0.908629441624365,0.0,1.0900659561157227,0.7038477687480436,0.2961522312519565,1,0.6137421043327017
928,0,0.0,1.0,2.0,0.0,0.0,26.0,342.0,1.0,4.0,1.0,7.0,1.04,4.0,50.0,4.0,0.0,28.0,1.0,5.0,0.0,1.0,0.4214564732142847,0.0,6.43505859375,0.617333333333333,0.0,1.0,0.5054252015631597,0.4945747984368403,2,296564941406250.0
929,0,4.0,2.0,1.0,0.0,1.0,19.0,343.0,1.0,1.0,8.0,9.0,0.7,3.0,85.0,5.0,0.0,47.0,1.0,5.3125,0.0,1.0,1.83333333333333,0.0,6.49951171875,0.849519743863394,0.0,0.499267578125,0.5609620578738611,0.4390379421261389,2,2500488281250.0
930,0,3.0,3.0,1.0,2.0,0.0,8.0,151.0,1.0,0.0,4.0,7.0,0.62,1.0,78.0,6.0,0.0,27.0,1.0,5.07692307692308,1.0,1.0,1.13333333333333,0.0,0.0,0.9,0.0,0.5,0.6324236688545429,0.36757633114545707,1,1.0117361392142104
932,0,2.0,2.0,1.0,0.0,0.0,2.0,80.0,1.0,0.0,1.0,16.0,0.35,0.0,95.0,5.0,0.0,14.0,2.0,2.25,0.0,1.0,1.18181818181818,0.0,6.498046875,0.96969696969697,0.0,0.49951171875,0.6172283336983644,0.38277166630163556,2,9501953125000.0
933,0,0.0,0.0,1.0,0.0,0.0,12.0,170.0,1.0,2.0,1.0,10.0,1.28,1.0,8.0,3.0,0.0,17.0,1.0,2.91666666666667,0.0,1.0,0.5,0.0,4.0,0.971988795518207,0.0,1.0900659561157227,0.9098042489976712,0.09019575100232874,1,0.6137421043327017
935,0,6.0,7.0,1.0,6.0,1.0,16.0,777.0,1.0,8.0,11.0,23.0,0.8,3.0,93.0,5.0,1.0,35.5,1.0,5.11363636363636,0.0,0.0,1.1304347826087,0.0,0.0,0.967906265919511,0.0,2.0,0.533283251886526,0.46671674811347397,1,2.5855479113263673
936,0,0.0,1.0,1.0,0.0,0.0,8.0,54.0,1.0,0.0,2.0,3.0,0.64,1.0,50.0,4.0,0.0,12.0,1.0,5.75,1.0,1.0,1.16666666666667,0.0,6.4990234375,0.932515337423313,0.0,0.49951171875,0.7845372705608396,0.21546272943916045,2,6500976562500.0
940,0,3.0,0.0,2.0,0.0,0.0,1.49560546875,338.0,1.0,0.0,2.0,5.0,0.7,13.0,75.0,4.0,0.0,24.0,1.0,8.5,4.0,2.0,1.5,0.0,6.47509765625,0.856115107913669,0.0,2.0,0.5620075749347628,0.43799242506523717,2,972524902343750.0
947,0,3.0,3.0,2.0,0.0,1.0,11.0,360.0,1.0,6.0,10.0,15.0,0.54,4.0,85.0,3.0,3.0,28.0,1.0,6.37037037037037,1.0,1.0,2.51724137931034,0.0,6.49951171875,0.992506244796003,0.0,0.49951171875,0.6018060840564258,0.39819391594357423,2,92500488281250.0
949,0,1.0,3.0,2.0,0.0,0.0,10.0,112.0,1.0,0.0,2.0,5.0,0.48,3.0,72.0,4.0,0.0,20.0,1.0,7.77777777777778,1.0,1.0,1.72727272727273,0.0,6.494384765625,0.812182741116751,0.0,0.5,0.714669933536217,0.28533006646378306,2,44505615234375.0
950,0,0.0,0.0,1.0,0.0,0.0,4.0,90.0,1.0,1.0,0.0,17.0,0.5250127887725831,0.0,0.0,2.0,0.0,18.0,1.0,1.88888888888889,0.0,1.0,0.8,0.0,6.4921875,0.841791044776119,0.0,2.0,0.5081524978486349,0.4918475021513651,2,35507812500000.0
960,0,7.0,1.0,2.0,5.0,0.0,31.0,1114.0,1.0,3.0,40.0,22.0,0.85,5.0,89.0,1.0,1.0,28.0,2.0,1.815577651515151,0.0,0.0,1.94285714285714,0.0,0.0,0.694776119402985,0.0,0.5,0.6059526408336324,0.3940473591663675,2,3.274898417177284
962,0,0.0,8.0,2.0,0.0,0.0,9.0,219.0,1.0,0.0,8.0,12.0,0.71,2.0,90.0,4.0,0.0,30.0,2.0,2.8,0.0,0.0,1.68181818181818,0.0,14.498902320861816,0.944356120826709,0.0,1.08984375,0.5056643947304986,0.4943356052695014,2,11501097679138.184
970,0,0.0,17.0,1.0,0.0,0.0,9.0,213.9656982421875,1.0,11.0,10.0,33.0,0.96,1.0,89.0,2.0,0.0,25.0,3.0,4.91803278688525,0.0,1.0,0.555555555555556,0.0,115.0,0.54971181556196,0.0,1.0,0.5026038204257748,0.49739617957422516,1,7.232682482684421
971,0,10.0,29.0,3.0,6.0,0.0,16.0,1310.0,3.0,2.0,10.0,33.0,0.56,5.0,91.0,3.0,0.0,35.49555587768555,2.0,1.1453758445945947,1.0,1.0,1.91025641025641,0.0,6.487060546875,0.899033816425121,0.0,2.0,0.5396121752783587,0.46038782472164136,3,284512939453125.0
972,0,0.0,1.0,3.0,2.0,0.0,10.0,52.0,1.0,0.0,3.0,2.0,0.32,5.0,0.0,2.0,0.0,18.0,1.0,12.3333333333333,7.0,3.0,1.3584575414657594,1.0,0.0,0.949790794979079,0.0,2.0,0.5521215653111557,0.4478784346888442,1,2.4422994754105574
973,0,2.0,6.0,1.0,0.0,0.0,16.0,806.0,1.0,1.0,10.0,36.0,0.97,2.0,90.0,5.0,0.0,41.5,1.0,3.77777777777778,0.0,0.0,1.1063829787234,0.0,4.0,0.869918699186992,0.0,0.49951171875,0.5157178454887542,0.4842821545112458,2,1.8610998962421583
976,0,0.0,7.0,1.0,4.0,3.0,7.0,568.0,1.0,12.0,7.0,48.0,0.7,0.0,98.0,1.0,11.0,42.0,2.0,4.316355235541037,0.0,0.0,0.782608695652174,0.0,6.4921875,0.944264419961115,0.0,0.5,0.5440931935490487,0.4559068064509512,3,71507812500000.0
984,0,1.0,14.0,2.0,0.0,0.0,7.0,683.0,1.0,1.0,21.0,64.0,0.73,1.0,93.0,3.0,1.0,34.0,3.0,4.932833448052406,1.0,1.0,0.780487804878049,0.0,6.484375,0.897937024972856,0.0,0.499267578125,0.5021501747959242,0.49784982520407584,3,123515625000000.0
985,0,7.0,35.0,2.0,0.0,0.0,11.0,111.30859375,1.0,3.0,6.0,74.0,0.62,2.0,97.0,3.0,0.0,63.0,1.0,4.18487394957983,0.0,1.0,1.58677685950413,0.0,6.49560546875,0.889700511322133,0.0,0.4990234375,0.5033391994451786,0.4966608005548214,3,202504394531250.0
986,0,0.0,19.0,1.0,0.0,1.0,11.0,912.0,1.0,6.0,10.0,54.0,1.07,0.0,95.0,2.0,3.0,42.49670588970184,1.0,6.35443037974684,0.0,0.0,0.716049382716049,0.0,6.498046875,0.933299127757825,0.0,0.499267578125,0.5485075573331526,0.45149244266684735,3,50501953125000.0
989,0,1.0,5.0,1.0,0.0,0.0,11.0,345.0,1.0,0.0,3.0,21.0,1.04,1.0,85.0,4.0,0.0,36.0,1.0,2.48148148148148,0.0,0.0,0.689655172413793,0.0,2.0,0.982961992136304,0.0,1.08984375,0.8063415562094841,0.19365844379051586,1,1.288382739780596
992,0,3.0,9.0,2.0,0.0,0.0,16.0,843.0,1.0,1.0,21.0,36.0,0.77,3.0,86.0,3.0,0.0,42.49981935322285,1.0,1.436463647959183,0.0,1.0,1.01960784313725,0.0,6.48779296875,0.83210332103321,0.0,0.499267578125,0.5210411246199148,0.4789588753800852,4,110512207031250.0
993,0,1.0,6.0,1.0,0.0,0.0,25.0,647.0,1.0,2.0,7.0,15.0,1.78,2.0,89.0,5.0,2.0,32.0,1.0,4.04166666666667,0.0,1.0,0.923076923076923,0.0,6.47265625,0.466848319709355,0.0,0.499267578125,0.5072519792997466,0.49274802070025336,2,175527343750000.0
996,0,0.0,1.0,2.0,0.0,0.0,10.0,60.0,1.0,0.0,0.0,3.0,0.79,2.0,0.0,4.0,0.0,14.0,1.0,4.75,1.0,1.0,0.421630859375,0.0,6.498779296875,0.903614457831325,0.0,2.0,0.5136919237020661,0.48630807629793393,2,8501220703125.0
997,0,0.0,6.0,1.0,0.0,0.0,8.0,294.0,1.0,2.0,2.0,24.0,1.11,0.0,51.0,4.0,8.0,22.0,1.0,3.03125,0.0,1.0,0.470588235294118,0.0,3.0,0.945773524720893,0.0,1.08984375,0.5547938808834268,0.44520611911657315,1,1.288382739780596
1003,0,2.0,1.0,2.0,0.0,0.0,24.0,283.0,1.0,0.0,7.0,6.0,0.47,22.0,79.0,4.0,0.0,38.0,1.0,10.5555555555556,1.0,1.0,3.72727272727273,0.0,6.490478515625,0.97338065661047,0.0,0.49951171875,0.7153176468709364,0.2846823531290637,2,40509521484375.0
1004,0,0.0,1.0,2.0,0.0,0.0,7.0,90.0,1.0,0.0,0.0,8.0,0.78,1.0,0.0,3.0,0.0,8.0,1.0,1.8164062499999984,1.0,1.0,1.36363636363636,0.0,0.0,0.975103734439834,0.0,1.0,0.5616384879361578,0.4383615120638423,1,0.6588580309363776
1005,0,17.0,4.0,1.0,19.0,0.0,19.0,951.0,1.0,2.0,15.0,19.0,0.88,4.0,88.0,3.0,0.0,42.498779982328415,1.0,6.92857142857143,0.0,1.0,1.15909090909091,0.0,6.498046875,0.986888111888112,0.0,0.5,0.5806391656118925,0.4193608343881074,3,11501953125000.0
1011,0,0.0,5.0,1.0,0.0,0.0,10.0,383.0,1.0,2.0,6.0,27.0,0.76,0.0,68.0,4.0,2.0,27.0,1.0,4.26470588235294,0.0,0.0,0.777777777777778,0.0,6.49560546875,0.867827868852459,0.0,1.0,0.6194827381698607,0.3805172618301394,1,57504394531250.0
1012,0,1.0,0.0,1.0,0.0,0.0,7.0,55.0,1.0,0.0,5.0,4.0,0.62,1.0,48.0,2.0,0.0,17.0,1.0,4.4,1.0,2.0,1.85714285714286,0.0,0.0,0.6798304227948954,0.0,1.0,0.5280202543750384,0.4719797456249616,1,2.210064374797251
1013,0,8.0,0.0,1.0,10.0,0.0,10.0,325.0,1.0,3.0,11.0,18.0,0.56,1.0,84.0,3.0,1.0,26.0,1.0,5.93103448275862,1.0,1.0,1.06451612903226,0.0,6.46826171875,0.786427145708583,0.0,0.49951171875,0.5626777151671232,0.4373222848328768,2,136531738281250.0
1015,0,0.0,0.0,1.0,0.0,0.0,10.0,50.0,1.0,0.0,0.0,3.0,0.82,0.0,0.0,4.0,0.0,11.0,1.0,6.66666666666667,2.0,4.0,0.6,0.0,6.498046875,0.9235916661839048,0.0,2.0,0.5288198008865451,0.4711801991134549,2,14501953125000.0
1023,0,2.0,1.0,1.0,6.0,0.0,8.0,94.0,1.0,0.0,1.0,6.0,0.64,1.0,53.0,4.0,0.0,14.0,1.0,1.5221354166666663,2.0,2.0,1.27272727272727,1.0,6.491943359375,0.909420289855073,0.0,2.0,0.5172064208162661,0.48279357918373395,2,64508056640625.0
1024,0,1.0,2.0,2.0,0.0,0.0,3.5,152.0,1.0,0.0,0.0,17.0,0.63,1.0,0.0,4.0,1.0,20.0,1.0,2.5,0.0,1.0,1.0,0.0,7.0,0.856521739130435,0.0,3.0,0.5155387961683844,0.48446120383161556,1,0.5620756328970362
1027,0,2.0,4.0,1.0,6.0,0.0,12.0,371.0,1.0,4.0,8.0,15.0,0.98,1.0,82.0,3.0,9.0,26.0,1.0,5.96,1.0,1.0,0.962962962962963,0.0,6.498046875,0.9318713096564051,0.0,0.5,0.5035999289443294,0.49640007105567063,3,39501953125000.0
1028,0,1.0,3.0,1.0,0.0,0.0,16.0,273.0,1.0,0.0,3.0,11.0,0.92,3.0,82.0,6.0,0.0,29.0,1.0,4.33333333333333,0.0,1.0,0.4587545955882343,0.0,0.0,0.790977443609023,0.0,1.0,0.5190990121246863,0.48090098787531366,1,1.0383635980530421
1030,0,4.0,1.0,2.0,1.0,1.0,20.0,385.0,1.0,2.0,8.0,10.0,0.63,5.0,88.0,5.0,0.0,51.0,1.0,5.47058823529412,0.0,1.0,1.73684210526316,0.0,6.0,0.822495606326889,0.0,0.5,0.6086897706661333,0.3913102293338667,1,2.360717658166491
1033,0,3.0,12.0,1.0,0.0,0.0,10.0,40.419921875,1.0,6.0,3.0,41.0,1.22,0.0,95.0,2.0,19.0,36.0,1.0,11.7258064516129,0.0,1.0,0.5,0.0,120.0,0.932909604519774,0.0,1.08984375,0.5040796490361961,0.49592035096380394,2,12.94775734772105
1034,0,0.0,2.0,2.0,0.0,0.0,3.4996343851089478,296.0,1.0,1.0,0.0,19.0,0.81,2.0,0.0,3.0,0.0,18.0,1.0,2.59090909090909,1.0,1.0,2.0,0.0,14.47216796875,0.810092961487384,0.0,3.0,0.51595704755966,0.48404295244034007,2,132527832031250.0
1037,0,0.0,2.0,1.0,0.0,0.0,7.0,148.0,1.0,2.0,4.0,11.0,1.35,0.0,73.0,3.0,0.0,9.0,1.0,1.8166503906250018,0.0,1.0,0.529411764705882,0.0,6.498046875,0.972972972972973,0.0,2.0,0.5720861210933883,0.4279138789066117,2,9501953125000.0
1042,0,5.0,1.0,1.0,3.0,1.0,4.0,80.0,1.0,0.0,4.0,6.0,0.38,1.0,72.0,1.0,0.0,18.0,2.0,6.0,1.0,1.0,0.776454380580359,0.0,0.0,0.73030303030303,0.0,1.0,0.5087096549459371,0.49129034505406294,1,1.099651236797599
1043,0,15.0,0.0,1.0,3.0,0.0,7.0,28.484130859375,1.0,3.0,53.0,117.0,0.71,1.0,97.0,2.0,0.0,9.490234375,2.0,2.93333333333333,0.0,1.0,0.832116788321168,0.0,6.487060546875,0.927214170692432,0.0,8.0,0.5705561432041801,0.4294438567958199,3,94512939453125.0
1045,0,2.0,1.0,1.0,0.0,0.0,6.0,267.0,2.0,0.0,16.4993896484375,28.0,0.7,1.0,86.0,2.0,0.0,21.0,2.0,2.93548387096774,0.0,1.0,1.02941176470588,0.0,1.0,0.979946524064171,0.0,0.49951171875,0.6320178260011294,0.36798217399887057,2,2.3852089287033222
1050,0,11.0,0.0,2.0,1.0,2.0,12.0,279.472305059433,1.0,1.0,3.0,14.0,0.55,6.0,77.0,1.0,0.0,3.5,2.0,5.53846153846154,1.0,1.0,2.42857142857143,0.0,51.0,0.956772334293948,0.0,1.08984375,0.5001081664385647,0.4998918335614353,3,6.6357964448048685
1057,0,24.0,1.0,2.0,0.0,1.0,17.0,630.0,1.0,0.0,41.0,8.0,0.38,6.0,88.0,3.0,0.0,66.0,2.0,1.814985795454548,0.0,0.0,1.85714285714286,0.0,6.384521484375,0.762638230647709,0.0,0.49951171875,0.5396097249220607,0.4603902750779393,3,524615478515625.0
1058,0,0.0,0.0,1.0,0.0,0.0,6.0,83.0,1.0,0.0,6.0,8.0,0.64,1.0,68.0,3.0,0.0,8.0,1.0,4.447095483541489,1.0,1.0,1.0,0.0,1.0,0.976190476190476,0.0,1.0,0.5114828439013936,0.4885171560986064,1,0.32493100625584365
1061,0,1.0,0.0,1.0,2.0,5.0,4.0,557.0,1.0,15.0,33.0,90.0,0.66,0.0,97.0,1.0,2.0,9.497927784919739,3.0,2.4811320754717,0.0,0.0,0.675925925925926,0.0,6.499755859375,0.962668298653611,0.0,6.0,0.5486947610059724,0.45130523899402764,2,22500244140625.0
1065,0,1.0,1.0,2.0,1.0,0.0,9.0,124.0,1.0,2.0,3.0,5.0,0.59,1.0,58.0,5.0,0.0,14.0,2.0,7.88888888888889,1.0,1.0,1.36363636363636,0.0,1.0,0.976,0.0,1.08984375,0.8062601004770024,0.19373989952299767,1,1.288382739780596
1075,0,2.0,2.0,3.0,0.0,0.0,33.0,233.0,1.0,0.0,8.0,2.0,0.51,13.0,66.0,4.0,0.0,49.0,1.0,5.568806966145832,1.0,1.0,2.0,0.0,6.499755859375,0.973111395646607,0.0,0.49951171875,0.5085176475568318,0.49148235244316824,3,22500244140625.0
1076,0,0.0,1.0,1.0,0.0,0.0,11.0,63.0,1.0,0.0,2.0,2.0,1.21,2.0,16.0,2.0,0.0,11.0,1.0,3.33333333333333,1.0,1.0,0.5738497138023376,0.0,0.0,0.958904109589041,0.0,1.0,0.5390335347081165,0.4609664652918835,1,0.02849235802749399
1078,0,1.0,1.0,1.0,0.0,0.0,29.0,143.0,1.0,0.0,16.49987816810608,2.0,0.64,6.0,50.0,3.0,0.0,18.0,1.0,1.520751953125,1.0,2.0,1.33333333333333,0.0,0.0,0.832929782082324,0.0,2.0,0.5238718547715109,0.47612814522848906,2,5.75877546553792
1081,0,2.0,1.0,1.0,0.0,0.0,8.0,137.0,1.0,0.0,6.0,9.0,0.86,1.0,80.0,3.0,0.0,15.0,2.0,3.08333333333333,0.0,1.0,1.5,0.0,4.0,0.872093023255814,0.0,2.4998779892921448,0.5267800446321377,0.4732199553678623,1,0.3373276748330756
1083,0,0.0,3.0,3.0,0.0,2.0,31.0,210.0,1.0,3.0,0.0,0.0,1.22,1.0,0.0,1.0,12.0,23.0,2.0,7.33333333333333,4.0,1.0,3.375,0.0,1.0,0.928746928746929,0.0,2.4998779892921448,0.6344558254143735,0.36554417458562644,1,0.3373276748330756
1087,0,0.0,9.0,1.0,0.0,0.0,9.0,154.0,1.0,0.0,25.0,4.0,0.39,4.0,77.0,3.0,1.0,33.0,1.0,9.69230769230769,0.0,1.0,1.8,0.0,6.498291015625,0.970948012232416,0.0,0.5,0.7828985402298796,0.2171014597701204,2,12501708984375.0
1088,0,0.0,0.0,1.0,0.0,0.0,8.0,45.0,1.0,1.0,2.0,1.0,0.42,5.0,50.0,4.0,0.0,16.0,1.0,8.0,3.0,2.0,2.25,0.0,1.0,0.943181818181818,0.0,1.08984375,0.6223202430020923,0.3776797569979077,1,1.288382739780596
1089,0,9.0,2.0,1.0,0.0,0.0,3.0,135.0,1.0,0.0,51.0,12.0,0.28,2.0,92.0,4.0,0.0,28.0,2.0,5.762269724970283,0.0,1.0,1.0,0.0,6.499755859375,0.970873786407767,0.0,0.49951171875,0.5013614223115084,0.4986385776884917,3,22500244140625.0
1091,0,1.0,1.0,1.0,0.0,0.0,14.0,161.0,1.0,1.0,7.0,5.0,0.88,3.0,69.0,5.0,0.0,18.0,1.0,6.25,0.0,2.0,1.6,0.0,2.0,0.959899749373434,0.0,1.0900659561157227,0.7845435723201644,0.2154564276798356,1,0.6137421043327017
1094,0,1.0,4.0,1.0,0.0,0.0,10.0,98.0,1.0,2.0,8.0,1.0,0.76,1.0,82.0,2.0,4.0,18.0,1.0,5.25,1.0,1.0,1.6,0.0,23.496218025684357,0.808429118773946,0.0,1.0,0.634970931598551,0.365029068401449,1,21503781974315.64
1101,0,1.0,1.0,3.0,0.0,0.0,27.0,134.0,1.0,0.0,5.0,2.0,0.7,9.0,44.0,2.4998779892921448,0.0,23.0,1.0,7.0,1.0,1.0,2.66666666666667,0.0,4.0,0.971502590673575,0.0,2.0,0.6681997879228381,0.3318002120771619,1,0.3373276748330756
1106,0,0.0,1.0,1.0,0.0,0.0,13.0,73.0,1.0,2.0,5.0,1.0,0.82,3.0,60.0,3.0,2.0,16.0,1.0,6.5,1.0,2.0,1.33333333333333,0.0,6.5,0.962765957446808,0.0,1.0,0.6087571555517937,0.39124284444820634,1,1500000000000.0
1109,0,0.0,0.0,1.0,0.0,1.0,11.0,417.0,1.0,1.0,0.0,31.0,0.87,0.0,0.0,1.0,0.0,39.49964129924774,1.0,7.21875,1.0,1.0,0.0,0.0,2.0,0.963730569948187,0.0,2.0,0.516633968907031,0.48336603109296905,1,3.0352890644249344
1113,0,1.0,0.0,1.0,0.0,1.0,5.0,87.487060546875,1.0,0.0,0.0,42.0,0.29,0.0,0.0,1.0,0.0,52.0,2.0,9.51162790697674,1.0,1.0,0.0888888888888889,0.0,6.487060546875,0.893890675241158,0.0,3.0,0.5156299881603286,0.4843700118396714,2,94512939453125.0
1116,0,0.0,2.0,2.0,0.0,0.0,1.497802734375,111.0,1.0,4.0,10.0,0.0,0.97,1.0,73.0,1.0,2.0,15.0,1.0,4.5,1.0,0.0,1.875,0.0,0.0,0.784860557768924,0.0,3.0,0.5620102829744859,0.43798971702551415,1,3.0357024294307218
1118,0,7.0,1.0,2.0,0.0,0.0,13.0,259.0,1.0,0.0,18.0,7.0,0.73,3.0,85.0,4.0,1.0,24.0,2.0,6.26666666666667,2.0,1.0,1.162830787546493,0.0,6.5,0.988522238163558,0.0,0.5,0.5616771251750095,0.4383228748249905,3,7500000000000.0
1121,0,2.0,2.0,2.0,3.0,0.0,8.0,172.0,1.0,0.0,37.0,12.0,0.34,4.0,87.0,4.0,1.0,25.0,2.0,1.5225067138671875,0.0,1.0,2.0,0.0,6.49560546875,0.952442159383033,0.0,0.499267578125,0.5216819599608189,0.47831804003918116,3,34504394531250.0
1122,0,2.0,1.0,2.0,0.0,0.0,13.0,199.0,1.0,0.0,27.0,9.0,0.46,5.0,82.0,3.0,0.0,22.0,2.0,1.8164062499999996,1.0,2.0,2.5,1.0,6.49951171875,0.979591836734694,0.0,0.49951171875,0.6228479819592082,0.3771520180407918,3,2500488281250.0
1127,0,0.0,1.0,1.0,0.0,0.0,15.0,195.0,1.0,0.0,21.0,9.0,0.56,6.0,78.0,3.0,0.0,23.0,2.0,8.9,1.0,1.0,0.3588867187499995,0.0,1.0,0.884735202492212,0.0,0.5,0.5184947203010561,0.4815052796989439,2,2.377314500731517
1131,0,21.0,2.0,2.0,0.0,0.0,16.0,620.0,2.0,1.0,46.0,10.0,0.38,6.0,88.0,3.0,0.0,80.0,2.0,1.1456801470588234,1.0,1.0,1.89189189189189,0.0,6.489990234375,0.879071661237785,0.0,0.49951171875,0.5130032318592225,0.4869967681407775,3,222510009765625.0
1132,0,1.0,0.0,1.0,0.0,0.0,9.0,68.0,1.0,1.0,4.0,3.0,0.37,3.0,44.0,4.0,0.0,14.0,1.0,6.8,3.0,3.0,2.71428571428571,0.0,1.0,0.965753424657534,0.0,1.08984375,0.7500229988194066,0.2499770011805934,1,1.288382739780596
1135,0,8.0,0.0,1.0,0.0,5.0,7.0,120.0,3.0,0.0,6.0,6.0,0.53,2.0,62.0,1.0,0.0,16.0,2.0,6.28571428571429,1.0,2.0,1.16666666666667,0.0,6.493408203125,0.985037406483791,0.0,1.0,0.8293577851010623,0.17064221489893766,1,42506591796875.0
1137,0,0.0,1.0,1.0,0.0,0.0,11.0,134.0,1.0,0.0,15.0,6.0,0.85,2.0,89.0,4.0,0.0,11.0,1.0,5.57142857142857,0.0,1.0,1.22222222222222,0.0,6.498046875,0.926380368098159,0.0,0.49951171875,0.6240187740390115,0.3759812259609885,2,14501953125000.0
1139,0,2.0,0.0,1.0,0.0,0.0,8.0,122.0,1.0,0.0,11.0,8.0,0.59,3.0,74.0,3.0,0.0,13.0,2.0,6.2,1.0,1.0,1.16666666666667,0.0,6.498046875,0.95822454308094,0.0,1.0900659561157227,0.603606763190152,0.39639323680984795,2,9501953125000.0
1141,0,2.0,1.0,2.0,3.0,0.0,13.0,113.0,1.0,0.0,1.0,3.0,0.8,3.0,83.0,4.0,0.0,12.0,1.0,5.731886774301529,3.0,2.0,1.75,0.0,0.0,0.979865771812081,0.0,1.0,0.5045359171723423,0.49546408282765775,1,0.7155456194648977
2013,0,2.0,1.0,1.0,0.0,0.0,16.0,199.0,1.0,2.0,4.0,4.0,1.28,1.0,58.0,5.0,0.0,10.0,2.0,5.33333333333333,0.0,1.0,1.09090909090909,0.0,6.49560546875,0.954314720812183,0.0,1.0,0.7291533119662552,0.2708466880337448,1,405504394531250.0
1143,0,0.0,0.5,2.0,0.0,0.0,12.0,89.0,1.0,0.0,2.0,3.0,0.53,3.0,50.0,4.0,2.0,10.0,1.0,8.8,1.0,2.0,2.14285714285714,0.0,3.0,0.97923875432526,0.0,1.0,0.8745382978292267,0.12546170217077338,1,1500000000000.0
1144,0,0.0,2.0,2.0,0.0,0.0,12.0,80.0,1.0,1.0,6.0,1.0,0.47,4.0,50.0,5.0,1.0,10.0,1.0,9.25,0.0,4.0,1.7846872309843729,0.0,3.0,0.979020979020979,0.0,1.0,0.5812740183234197,0.4187259816765802,1,0.41619027640213857
1145,0,0.0,1.0,2.0,0.0,1.0,6.0,194.0,1.0,5.0,11.0,19.0,0.67,0.0,93.0,2.0,17.0,21.0,1.0,5.458009147644043,0.0,0.0,1.03703703703704,0.0,5.0,0.913357400722022,0.0,2.0,0.5251995189735019,0.47480048102649813,1,0.3974062534826237
1146,0,1.0,0.0,1.0,0.0,0.0,9.0,140.0,1.0,0.0,6.0,10.0,0.79,2.0,72.0,3.0,0.0,15.0,2.0,4.63636363636364,1.0,1.0,1.76923076923077,0.0,7.0,0.942934782608696,0.0,0.5,0.5218788524206379,0.478121147579362,1,1.0117361392142104
1147,0,0.0,2.0,1.0,0.0,2.0,8.0,307.0,1.0,1.0,13.0,30.0,1.12,0.0,95.0,1.0,3.0,24.0,2.0,2.09090909090909,0.0,0.0,0.514285714285714,0.0,6.498046875,0.945987654320988,0.0,0.49951171875,0.6551040719109533,0.3448959280890467,2,29501953125000.0
1148,0,0.0,0.0,1.0,3.0,0.0,8.0,92.0,1.0,0.0,7.0,7.0,0.53,2.0,72.0,3.0,0.0,13.0,1.0,4.64599609375,1.0,1.0,2.11111111111111,0.0,1.0,0.980456026058632,0.0,1.0,0.5161174757323448,0.4838825242676552,1,0.9526523295220788
1150,0,0.0,0.0,1.0,0.0,0.0,10.0,46.0,1.0,2.0,0.0,1.0,1.15,0.0,0.0,1.0,2.0,7.0,1.0,5.0,1.0,0.0,0.8,0.0,0.0,0.8776777656653804,0.0,1.0,0.5123181447232952,0.48768185527670477,1,2.7645088240664055
1151,0,1.0,1.0,1.0,0.0,0.0,9.0,174.0,1.0,0.0,13.0,13.0,0.53,3.0,80.0,3.0,0.0,15.0,2.0,5.46666666666667,1.0,1.0,0.3371294806985299,0.0,3.0,0.880067567567568,0.0,2.0,0.5974277751219772,0.40257222487802286,1,1.234973583127436
1158,0,0.0,0.0,1.0,0.0,0.0,12.0,39.0,1.0,0.0,1.0,2.0,0.71,0.49951171875,0.0,2.0,0.0,9.0,1.0,4.0,2.0,2.0,1.5,0.0,13.0,0.7,0.0,1.0,0.8189605187006496,0.1810394812993504,1,2500488281250.0
1159,0,1.0,0.0,1.0,0.0,0.0,11.0,176.0,1.0,0.0,22.0,12.0,0.51,3.0,81.0,1.0,0.0,19.0,2.0,6.84615384615385,1.0,1.0,1.86666666666667,0.0,1.0,0.969798657718121,0.0,0.49951171875,0.6294891657673175,0.3705108342326825,1,1.686556239881501
1201,0,1.0,1.0,1.0,0.0,0.0,12.0,205.0,1.0,1.0,7.0,8.0,0.89,2.0,80.0,4.0,1.0,14.0,2.0,6.09090909090909,0.0,1.0,1.46153846153846,0.0,2.0,0.98207171314741,0.0,1.0900659561157227,0.6039408447606898,0.3960591552393102,1,0.6137421043327017
1202,0,5.0,0.0,2.0,4.0,0.0,10.0,395.0,1.0,0.0,19.0,23.0,0.59,2.0,81.0,3.0,0.0,18.0,2.0,1.81591796875,1.0,1.0,1.43333333333333,0.0,6.5,0.687707641196013,0.0,0.499267578125,0.5804363066095659,0.41956369339043414,3,15500000000000.0
1204,0,3.0,1.0,2.0,0.0,0.0,5.0,119.0,1.0,0.0,15.0,14.0,0.49,0.0,83.0,3.0,0.0,10.0,2.0,4.44444444444444,1.0,1.0,0.44707031249999996,0.0,1.0,0.67258883248731,0.0,1.0,0.6576598709825938,0.34234012901740624,1,0.8203635732176764
1208,0,6.0,0.0,2.0,0.0,0.0,11.0,257.0,1.0,0.0,12.49951171875,8.0,0.87,2.0,82.0,3.0,0.0,20.0,2.0,5.71428571428571,1.0,2.0,1.375,0.0,2.0,0.988853503184713,0.0,2.0,0.5398868201103162,0.46011317988968387,1,5.733500796738342
1213,0,4.0,0.0,1.0,11.0,0.0,3.499390125274658,84.0,1.0,1.0,4.0,2.0,0.44,2.0,78.0,2.0,0.0,17.0,1.0,7.57142857142857,4.0,1.0,0.0732421875,0.0,12.0,0.476973684210526,0.0,3.0,0.5015353502162193,0.4984646497837807,2,2.4365116053593785
1214,0,2.0,1.0,2.0,0.0,0.0,13.0,594.0,1.0,6.0,47.0,14.0,0.82,3.0,87.0,4.0,2.0,28.0,3.0,1.945185122282609,0.0,1.0,1.92,0.0,6.485595703125,0.875085324232082,0.0,0.5,0.6014593598354381,0.39854064016456187,3,116514404296875.0
1215,0,4.0,0.0,2.0,4.0,0.0,8.0,167.0,1.0,0.0,6.498046875,10.0,0.8650000000000001,2.0,81.0,1.0,0.0,20.0,2.0,11.1428571428571,0.0,1.0,1.5625,0.0,72.0,0.82516339869281,0.0,2.0,0.5338390274116449,0.4661609725883551,2,11.15754009794394
1216,0,2.0,0.0,1.0,0.0,1.0,7.0,529.0,1.0,0.0,16.499759435653687,59.0,0.97,0.0,93.0,1.0,0.0,17.0,4.0,1.9672131147541,0.0,0.0,0.412698412698413,0.0,6.4990234375,0.952177625960717,0.0,0.49951171875,0.5891977633908922,0.4108022366091078,3,6500976562500.0
1225,0,4.0,9.0,2.0,0.0,1.0,13.0,296.0,1.0,0.0,12.49658203125,5.0,0.43,5.0,83.0,3.0,0.0,43.0,1.0,10.6666666666667,1.0,1.0,2.5,0.0,6.49951171875,0.979223125564589,0.0,0.5,0.507369064320806,0.4926309356791941,3,2500488281250.0
1227,0,1.0,0.0,1.0,0.0,0.0,8.0,44.0,1.0,1.0,2.0,1.0,0.33,3.0,66.0,4.0,0.0,13.0,1.0,8.0,3.0,2.0,3.0,0.0,1.0,0.951456310679612,0.0,0.49951171875,0.6326963436090867,0.36730365639091334,1,1.686556239881501
1229,0,3.0,3.0,1.0,0.0,0.0,4.0,125.0,1.0,0.0,7.4970703125,15.0,0.32,2.0,88.0,1.8093727827072144,0.0,21.0,3.0,4.80952380952381,0.0,1.0,1.82608695652174,0.0,20.0,0.990196078431373,0.0,1.0,0.546421748822066,0.453578251177934,2,8.471261422389263
1231,0,0.0,1.0,1.0,0.0,0.0,3.0,31.490234375,1.0,0.0,5.0,61.0,0.72,0.0,77.0,1.0,0.0,26.0,2.0,1.58064516129032,1.0,1.0,0.109375,0.0,0.0,0.990936555891239,0.0,1.0,0.5336523447981635,0.4663476552018365,1,3.7567217805243835
1235,0,1.0,9.0,1.0,2.0,0.0,6.0,52.4833984375,1.0,0.0,10.0,2.0,0.95,1.0,83.0,1.0,0.0,11.0,1.0,5.08333333333333,1.0,1.0,0.714285714285714,0.0,0.0,0.976539589442815,0.0,2.0,0.5351095551737763,0.46489044482622366,1,1.5647548893553824
1237,0,0.0,11.0,1.0,0.0,0.0,5.0,425.0,1.0,1.0,33.0,50.0,0.76,1.0,94.0,1.0,1.0,39.0,2.0,3.06451612903226,0.0,1.0,0.421875,0.0,6.498046875,0.916379310344828,0.0,0.499267578125,0.526174654966987,0.473825345033013,2,19501953125000.0
1239,0,3.0,0.0,2.0,0.0,2.0,13.0,176.0,1.0,0.0,5.0,8.0,0.48,5.0,70.0,1.0,0.0,23.0,2.0,5.0,1.0,1.0,1.46153846153846,0.0,1.0,0.901294498381877,0.0,0.49951171875,0.5401535844340726,0.4598464155659274,1,1.686556239881501
1246,0,5.0,0.0,2.0,0.0,0.0,18.0,485.0,1.0,0.0,2.0,18.0,0.67,6.0,84.0,2.0,1.0,31.0,2.0,5.52173913043478,0.0,1.0,1.64,0.0,6.5,0.972681524083393,0.0,2.5,0.771564830436986,0.22843516956301405,2,7500000000000.0
1248,0,0.0,0.0,6.0,0.0,0.0,60.0,148.0,1.0,2.0,0.0,0.0,0.58,33.0,0.0,3.0,1.0,16.0,1.0,19.0,2.0,1.0,5.25,0.0,6.0,0.979591836734694,0.0,2.4998779892921448,0.7111191136388268,0.2888808863611732,1,0.3373276748330756
1251,0,3.0,1.0,1.0,0.0,0.0,13.0,120.0,1.0,0.0,3.0,3.0,0.59,5.0,71.0,1.0,0.0,22.0,2.0,4.85714285714286,0.0,1.0,2.55555555555556,0.0,4.0,0.974226804123711,0.0,2.4998779892921448,0.8856799414083516,0.1143200585916484,1,0.3373276748330756
1253,0,3.0,1.0,1.0,5.0,0.0,22.0,990.0,1.0,8.0,21.0,27.0,0.81,6.0,87.0,2.0,2.0,39.0,2.0,3.7110126201923066,0.0,0.0,1.60975609756098,0.0,6.49951171875,0.954420432220039,0.0,0.49951171875,0.5144384784757008,0.4855615215242992,3,61500488281250.0
1257,0,2.0,0.0,1.0,4.0,0.0,13.0,439.0,1.0,1.0,2.0,18.0,0.79,3.0,92.0,4.0,1.0,42.0,1.0,6.33333333333333,0.0,0.0,0.916666666666667,0.0,6.49951171875,0.8575259129524877,0.0,0.499267578125,0.5256839600804566,0.47431603991954335,3,185500488281250.0
1272,0,3.0,1.0,1.0,0.0,3.0,20.0,459.0,1.0,8.0,0.0,8.0,0.92,5.0,0.0,2.0,0.0,23.0,1.0,4.65,0.0,0.0,1.09090909090909,0.0,6.499267578125,0.978533094812165,0.0,2.4998779892921448,0.8419446418213903,0.15805535817860975,2,4500732421875.0
1273,0,0.0,1.0,1.0,0.0,1.0,7.0,270.0,1.0,0.0,13.0,25.0,0.83,1.0,87.0,1.0,3.0,22.0,1.0,7.88461538461539,1.0,1.0,0.928571428571429,0.0,6.499267578125,0.978632478632479,0.0,2.4998779892921448,0.7380243247086151,0.26197567529138494,2,4500732421875.0
1289,0,1.0,0.0,1.0,2.0,0.0,11.0,447.0,1.0,2.0,4.0,26.0,0.7,3.0,71.0,3.0,1.0,40.0,3.0,5.62068965517241,0.0,1.0,0.806451612903226,0.0,6.464599609375,0.9828190620752718,0.0,2.0,0.5748974354281886,0.4251025645718114,2,172535400390625.0
1296,0,1.0,2.0,1.0,2.0,0.0,2.0,156.0,1.0,1.0,3.0,23.0,0.83,0.0,75.0,2.0,0.0,10.0,2.0,2.25925925925926,0.0,0.0,0.413793103448276,0.0,22.0,0.8797781477805409,0.0,3.0,0.5029334844737733,0.4970665155262267,1,0.8464317815503108
1303,0,8.0,3.0,1.0,0.0,0.0,9.0,847.0,1.0,3.0,13.0,72.0,0.62,1.0,90.0,1.0,0.0,35.498046875,3.0,5.08139534883721,0.0,1.0,0.704545454545455,0.0,6.48779296875,0.890625,0.0,0.5,0.6164460096443329,0.383553990355667,3,53512207031250.0
1314,0,0.0,0.0,1.0,0.0,0.0,5.972683906555176,195.0,1.0,0.0,0.0,21.0,1.26,0.0,0.0,1.0,2.0,11.0,3.0,0.80952380952381,0.0,0.0,0.130434782608696,0.0,13.0,0.897243107769424,0.0,5.0,0.6652825645559366,0.3347174354440634,1,0.23097173736332421
1325,0,5.0,0.0,1.0,7.0,2.0,6.0,433.0,1.0,14.0,8.0,15.0,0.85,2.0,87.0,4.0,0.0,19.0,1.0,5.85294117647059,0.0,1.0,1.05555555555556,0.0,2.0,0.876138433515483,0.0,2.4998779892921448,0.7877598801235288,0.21224011987647112,1,0.3373276748330756
1328,0,1.0,0.0,1.0,0.0,0.0,5.0,363.0,1.0,2.0,9.0,50.0,0.73,1.0,84.0,2.0,0.0,23.0,3.0,5.18867924528302,0.0,1.0,0.363636363636364,0.0,23.49609375,0.853245531514581,0.0,4.0,0.6070691675771693,0.3929308324228306,1,30503906250000.0
1329,0,18.0,11.0,2.0,15.0,0.0,7.0,664.0,1.0,1.0,41.0,48.0,0.37,3.0,96.0,1.0,1.0,41.4951171875,6.0,1.1453575721153846,0.0,0.0,1.3125,0.0,6.474609375,0.69933263083948,0.0,0.5,0.5073870250267163,0.49261297497328377,4,242525390625000.0
1330,0,4.0,2.0,1.0,9.0,1.0,7.0,981.0,1.0,27.0,11.0,77.0,0.81,3.0,96.0,1.0,1.0,24.0,4.0,6.15454545454545,0.0,0.0,0.785714285714286,0.0,6.49560546875,0.931059772643931,0.0,0.499267578125,0.584156331050985,0.4158436689490151,2,69504394531250.0
1334,0,3.0,0.0,1.0,3.0,0.0,1.49951171875,363.0,1.0,10.0,9.0,10.0,0.85,3.0,84.0,2.0,1.0,15.0,2.0,4.08695652173913,1.0,0.0,1.32,0.0,6.5,0.570184983677911,0.0,3.0,0.5432557287713495,0.45674427122865047,2,1500000000000.0
1355,0,19.0,4.0,1.0,16.0,0.0,12.0,1196.0,1.0,45.0,28.0,12.0,0.68,4.0,93.0,2.0,2.0,37.0,3.0,2.27880859375,0.0,0.0,1.14634146341463,0.0,6.499755859375,0.814890510948905,0.0,0.499267578125,0.5203111571700647,0.47968884282993535,3,22500244140625.0
1374,0,6.0,7.0,2.0,7.0,0.0,13.0,426.0,1.0,10.0,13.0,5.0,0.46,6.0,90.0,3.0,2.0,19.0,2.0,7.07142857142857,1.0,2.0,0.3373046875,0.0,6.0,0.615776081424936,0.0,0.499267578125,0.6770531755872897,0.3229468244127103,2,3.651636466154632
1385,0,49.0,1.0,2.0,13.0,2.0,19.0,2812.0,1.0,27.0,26.0,48.0,0.58,9.0,94.0,3.0,1.0,35.49159359931946,1.0,7.896,0.0,1.0,1.80314960629921,0.0,6.4951171875,0.974799286351472,0.0,0.5,0.6622373225368863,0.33776267746311367,3,25504882812500.0
1401,0,4.0,0.0,1.0,6.0,0.0,12.0,289.0,1.0,3.0,18.0,11.0,0.65,4.0,84.0,1.0,0.0,14.0,1.0,1.815836588541666,3.0,1.0,1.8,0.0,1.0,0.563492063492063,0.0,0.49951171875,0.6347680818098056,0.3652319181901944,2,3.4785048297714245
1405,0,35.0,2.0,2.0,30.0,0.0,11.0,1596.0,1.0,17.0,55.0,44.0,0.55,5.0,96.0,1.0,0.0,35.49597370624542,6.0,7.33673469387755,0.0,1.0,1.62,0.0,6.498046875,0.822892938496583,0.0,0.4990234375,0.5188996766162575,0.4811003233837425,3,101501953125000.0
1409,0,25.0,0.0,1.0,26.0,0.0,7.0,656.0,1.0,2.0,16.499267578125,43.0,0.43,3.0,94.0,1.0,0.0,41.0,5.0,5.51428571428571,0.0,1.0,0.931506849315068,0.0,6.498046875,0.9329245953570506,0.0,0.49951171875,0.5029853601772187,0.4970146398227813,4,29501953125000.0
1428,0,12.0,3.0,1.0,14.0,0.0,7.0,874.0,2.0,14.0,30.0,71.0,0.63,3.0,94.0,3.0,1.0,10.5,2.0,5.17,0.0,1.0,1.13592233009709,0.0,6.486328125,0.943824270795823,0.0,0.499267578125,0.5006472431752678,0.4993527568247322,3,82513671875000.0
1430,0,1.0,1.0,1.0,5.0,0.0,6.0,325.0,1.0,8.0,16.0,33.0,0.5,2.0,91.0,1.0,0.0,7.892606675624847,4.0,4.62790697674419,0.0,1.0,1.22222222222222,0.0,6.4951171875,0.9827884138645111,0.0,4.0,0.516931576697273,0.48306842330272703,3,38504882812500.0
1437,0,1.0,3.0,1.0,2.0,4.0,4.0,94.0,1.0,0.0,0.0,6.0,1.04,0.0,60.0,1.0,0.0,5.0,2.0,2.1,0.0,1.0,0.583333333333333,0.0,7.5,0.954954954954955,0.0,2.0,0.5108107472071233,0.4891892527928768,1,2500000000000.0
1439,0,0.0,0.0,1.0,1.0,0.0,5.0,73.0,1.0,0.0,1.0,9.0,0.57,2.0,88.0,2.0,1.0,17.0,2.0,5.55555555555556,0.0,1.0,0.545454545454545,0.0,11.0,0.952,0.0,2.4998779892921448,0.503670447551591,0.496329552448409,1,0.3373276748330756
1441,0,0.0,0.0,1.0,0.0,0.0,2.0,46.0,1.0,2.0,0.0,10.0,0.43500119030475626,0.0,0.0,4.0,0.0,25.0,1.0,3.58333333333333,1.0,2.0,0.214285714285714,0.0,30.0,0.515625,0.0,2.0,0.581824317913959,0.418175682086041,1,0.10304942950195084
1455,0,4.0,0.0,1.0,2.0,5.0,4.0,137.498779296875,1.0,2.0,3.0,21.0,0.68,2.0,90.0,1.0,2.0,26.0,2.0,3.51851851851852,0.0,1.0,0.689655172413793,0.0,1.0,0.902033271719039,0.0,3.0,0.5539202831807146,0.4460797168192854,1,0.7026174120374924
1459,0,1.0,8.0,2.0,6.0,0.0,3.0,81.0,2.0,0.0,10.0,3.0,0.34,3.0,73.0,2.0,0.0,13.0,1.0,6.58333333333333,1.0,2.0,0.07354982693990052,0.0,6.484375,0.656488549618321,0.0,2.0,0.5016413939140332,0.4983586060859668,2,123515625000000.0
1478,0,0.0,0.0,0.0,0.0,0.0,0.0,444.0,1.0,0.0,1114.0,0.0,0.4,0.0,0.0,0.0,1.0,0.0,0.0,0.0,0.0,0.0,0.0,0.0,6.49951171875,0.768699654775604,5.0,12.0,0.8221778349343403,0.1778221650656597,1,92500488281250.0
2020,0,0.0,0.0,1.0,0.0,0.0,0.0,130.0,1.0,0.0,0.0,112.0,0.29,0.0,0.0,1.0,0.0,33.0,3.0,0.0178571428571429,0.0,0.0,0.0,0.0,6.49951171875,0.978319783197832,0.0,2.0,0.922300314296783,0.07769968570321692,1,10500488281250.0
1498,0,1.0,1.0,1.0,2.0,6.0,1.0,31.49072265625,1.0,2.0,21.0,29.0,0.49,0.0,93.0,1.0,13.0,3.0,1.0,5.33333333333333,0.0,1.0,0.514285714285714,0.0,0.0,0.928400954653938,0.0,4.0,0.5121205791722727,0.4878794208277273,1,1.6770327904385
1503,0,0.0,0.0,2.0,0.0,0.0,15.0,93.0,1.0,0.0,9.0,4.0,0.83,3.0,58.0,1.0,0.0,0.0,2.0,7.25,5.0,2.0,1.5,0.0,0.0,0.9284805192665309,0.0,1.0,0.5529165265925386,0.4470834734074614,1,7.011994162502689
1509,0,16.0,7.0,2.0,108.0,31.0,14.0,567.0,1.0,0.0,0.0,8.0,0.25,7.0,91.0,1.0,0.0,20.0,1.0,11.3548387096774,2.0,2.0,2.45454545454545,0.0,1.0,0.713522537562604,0.0,2.499878168106079,0.6269498294063653,0.37305017059363466,1,2.36079983265315
1510,0,2.0,0.0,2.0,1.0,1.0,5.972175240516663,109.0,1.0,0.0,0.0,4.0,0.27,5.0,83.0,1.0,0.0,1.0,1.0,6.16666666666667,2.0,1.0,2.125,0.0,0.0,0.47935368043088,0.0,4.0,0.696420320460511,0.30357967953948894,1,1.8048978729892378
1519,0,2.0,0.0,1.0,0.0,2.0,5.0,42.0,1.0,0.0,0.0,1.0,1.2,2.0,0.0,3.0,0.0,8.0,1.0,1.33333333333333,1.0,2.0,0.6,0.0,6.498779296875,0.938144329896907,0.0,2.0,0.9697222931791926,0.03027770682080744,1,8501220703125.0
2029,0,1.0,0.0,1.0,0.0,1.0,6.0,35.0,1.0,0.0,0.0,1.0,1.09,3.0,0.0,3.0,0.0,14.0,1.0,1.0,1.0,2.0,1.6,0.0,6.5,0.710843373493976,0.0,2.5,0.7631425808905368,0.2368574191094632,2,15500000000000.0
2030,0,0.0,0.0,1.0,2.0,1.0,3.0,44.0,1.0,0.0,0.0,6.0,0.7,0.0,33.0,4.0,0.0,1.0,1.0,2.0,0.0,2.0,0.625,0.0,6.48974609375,1.0,0.0,0.0,0.9789707562691206,0.021029243730879412,1,117510253906250.0
2034,0,1.0,0.0,1.0,0.0,1.0,6.0,54.0,1.0,1.0,0.0,1.0,1.38,1.0,0.0,6.0,0.0,5.0,1.0,1.0,0.0,1.0,0.6,0.0,6.47900390625,0.909090909090909,0.0,0.0,0.9753674146391755,0.024632585360824424,1,108520996093750.0
2035,0,21.0,0.0,1.0,11.0,3.0,16.0,576.0,3.0,0.0,0.0,6.0,0.86,1.0,92.0,4.0,0.0,5.0,2.0,4.22222222222222,0.0,1.0,1.29032258064516,0.0,6.3359375,1.0,0.0,0.0,0.9402006738103202,0.05979932618967975,1,1375664062500000.0
2036,0,7.0,0.0,1.0,0.0,3.0,10.0,293.0,1.0,0.0,0.0,20.0,0.37,2.0,0.0,4.0,0.0,2.0,1.0,1.25925925925926,0.0,2.0,0.896551724137931,0.0,6.49658203125,0.975389663658737,0.0,3.0,0.5045592988655441,0.4954407011344559,1,17503417968750.0
2037,0,7.0,0.0,1.0,8.0,5.0,2.0,118.0,2.0,1.0,9.0,7.0,0.53,2.0,84.0,4.0,0.0,6.0,1.0,3.4,0.0,1.0,0.388888888888889,0.0,6.3955078125,0.955916473317865,0.0,2.0,0.9264015191298315,0.07359848087016849,1,539604492187500.0
1549,0,6.0,0.0,1.0,12.0,7.0,7.0,91.0,1.0,0.0,0.0,1.0,0.39,3.0,84.0,1.0,0.0,3.0,1.0,4.85714285714286,2.0,2.0,2.11111111111111,0.0,23.49927020072937,0.916831318566845,0.0,1.0,0.5079121020395525,0.4920878979604475,2,9500729799270.629
1558,0,0.0,0.0,1.0,5.0,3.0,5.0,62.0,1.0,2.0,0.0,4.0,0.66,0.0,76.0,4.0,0.0,0.0,1.0,3.66666666666667,0.0,2.0,0.5,0.0,6.498291015625,0.810344827586207,0.0,1.0,0.5905219157040502,0.4094780842959498,1,12501708984375.0
1559,0,0.0,6.0,2.0,1.0,1.0,9.0,250.0,2.0,1.0,6.0,13.0,0.87,1.0,84.0,4.0,0.0,3.0,1.0,1.5634887695312498,0.0,1.0,0.956521739130435,0.0,6.44091796875,0.760517799352751,0.0,2.0,0.5117035781558332,0.4882964218441667,2,257559082031250.0
1562,0,0.0,6.0,1.0,1.0,1.0,1.5,301.0,2.0,1.0,6.0,16.0,0.96,2.0,87.0,4.0,0.0,3.0,1.0,1.8695652173913,0.0,1.0,0.730769230769231,0.0,6.48095703125,0.709677419354839,0.0,3.0,0.5247167888715497,0.4752832111284503,2,393519042968750.0
1566,0,0.0,0.0,1.0,0.0,1.0,0.0,23.0,1.0,0.0,0.0,16.0,0.35,0.0,0.0,3.0,0.0,2.0,1.0,1.9375,1.0,1.0,0.0,0.0,6.498779296875,0.944444444444444,0.0,2.0,0.971463138831342,0.028536861168657966,1,8501220703125.0
1568,0,5.0,0.0,1.0,5.0,3.0,4.0,329.0,2.0,1.0,8.0,48.0,0.46,1.0,84.0,4.0,0.0,4.0,2.0,3.07407407407407,1.0,1.0,0.666666666666667,0.0,6.494140625,0.705245628642798,0.0,2.0,0.5204093250094813,0.47959067499051866,1,91505859375000.0
1570,0,5.0,0.0,1.0,5.0,3.0,6.0,412.0,2.0,4.0,3.0,47.0,0.47,3.0,78.0,4.0,0.0,1.0,2.0,3.48214285714286,0.0,1.0,0.508474576271186,0.0,6.48046875,0.8575135810777097,0.0,0.0,0.5186003413529781,0.481399658647022,2,163519531250000.0
1578,0,7.0,0.0,1.0,2.0,5.0,1.0,77.0,3.0,3.0,1.0,25.0,0.19,0.0,70.0,4.0,0.0,4.0,2.0,1.82857142857143,0.0,1.0,0.282051282051282,0.0,6.49560546875,0.726078799249531,0.0,1.0,0.8861102423069991,0.11388975769300093,1,202504394531250.0
1585,0,12.0,1.0,1.0,1.0,13.0,7.0,28.4833984375,2.0,0.0,2.0,5.0,0.59,1.0,93.0,3.0,0.0,5.0,1.0,3.0,1.0,2.0,0.761904761904762,0.0,0.0,0.850098619329389,0.0,1.0,0.5627968848610854,0.4372031151389147,1,2.5764910285702562
1587,0,1.0,0.0,1.0,0.0,1.0,10.0,43.0,1.0,0.0,0.0,1.0,0.67,6.0,0.0,3.0,0.0,46.0,1.0,1.0,1.0,2.0,1.8,0.0,6.4990234375,0.534883720930233,2.0,2.4998779892921448,0.6549548445214655,0.3450451554785346,2,72500976562500.0
2043,0,0.0,0.0,1.0,4.0,3.0,4.0,191.0,2.0,19.0,0.0,13.0,0.25,2.0,89.0,4.0,3.0,5.0,2.0,4.15625,0.0,1.0,0.514285714285714,0.0,6.34814453125,0.741905642923219,0.0,2.0,0.6142384610772689,0.3857615389227312,1,1425651855468750.0
2044,0,3.0,0.0,1.0,2.0,4.0,10.0,436.0,2.0,1.0,0.0,36.0,0.54,5.0,98.0,4.0,0.0,2.0,2.0,1.725,0.0,1.0,0.441860465116279,0.0,6.366943359375,0.763105507631055,0.0,0.0,0.6704878684575875,0.3295121315424125,1,1502633056640625.0
2045,0,3.0,0.0,1.0,0.0,2.0,6.0,115.0,1.0,0.0,0.0,10.0,0.65,2.0,0.0,4.0,0.0,7.0,1.0,1.0,0.0,2.0,0.866666666666667,0.0,6.48828125,1.0,0.0,0.0,0.9921909349005302,0.00780906509946976,1,99511718750000.0
2047,0,19.0,0.0,1.0,10.0,5.0,6.0,460.0,1.0,1.0,0.0,52.0,0.19,3.0,96.0,4.0,0.0,10.0,1.0,3.20833333333333,0.0,2.0,1.7972972972973,0.0,6.42724609375,0.957658779576588,0.0,2.4996341466903687,0.565446972868236,0.434553027131764,2,349572753906250.0
2048,0,0.0,0.0,1.0,0.0,1.0,8.0,133.0,1.0,2.0,3.0,10.0,0.67,1.0,88.0,4.0,0.0,2.0,1.0,0.583333333333333,0.0,2.0,0.428571428571429,0.0,6.438232421875,0.975138121546961,0.0,3.0,0.873538603119468,0.12646139688053204,1,358561767578125.0
2052,0,0.0,0.0,1.0,0.0,1.0,9.0,140.0,1.0,0.0,2.0,12.0,0.77,1.0,79.0,4.0,0.0,2.0,1.0,0.666666666666667,0.0,2.0,0.5,0.0,6.49560546875,0.968571428571429,0.0,4.0,0.9054223586917749,0.09457764130822506,1,405504394531250.0
2053,0,5.0,1.0,1.0,5.0,1.0,2.0,114.0,2.0,4.0,2.0,16.0,0.38,0.0,83.0,4.0,0.0,5.0,1.0,2.15384615384615,0.0,2.0,0.310344827586207,0.0,6.453125,1.0,0.0,0.0,0.8669266077274222,0.1330733922725777,1,463546875000000.0
2055,0,2.0,0.0,1.0,0.0,1.0,5.0,73.0,1.0,1.0,1.0,6.0,0.32,0.0,88.0,4.0,0.0,3.0,1.0,0.888888888888889,0.0,2.0,1.0,0.0,6.4296875,0.983922829581994,0.0,2.0,0.9165346764707332,0.08346532352926689,1,439570312500000.0
1597,0,2.0,0.0,1.0,0.0,2.0,5.0,171.0,1.0,0.0,0.0,20.0,0.24,2.0,0.0,5.0,0.0,5.0,1.0,3.04545454545455,0.0,1.0,1.04166666666667,0.0,0.0,0.809384022859223,0.0,2.0,0.5000117336160909,0.49998826638390914,1,0.2712845991487334
2057,0,19.0,0.0,2.0,6.0,10.0,9.0,31.39111328125,1.0,1.0,1.0,34.0,0.34,6.0,96.0,4.0,0.0,3.0,1.0,4.81481481481481,0.0,1.0,1.07142857142857,0.0,6.35546875,0.895434462444772,0.0,3.0,0.5224426905918327,0.4775573094081673,2,727644531250000.0
2058,0,4.0,0.0,3.0,1.0,7.0,3.0,60.0,1.0,0.0,0.0,4.0,0.22,4.0,75.0,4.0,0.0,4.0,1.0,3.875,0.0,2.0,1.5,0.0,6.47119140625,0.984615384615385,0.0,1.0,0.8803266553337273,0.11967334466627264,1,385528808593750.0
2059,0,44.0,2.0,1.0,4.0,30.0,7.0,674.0,5.0,1.0,5.0,33.0,0.31,3.0,92.0,4.0,0.0,16.0,3.0,4.0375,0.0,1.0,0.976744186046512,0.0,6.0,0.998748827025336,0.0,1.0,0.6352902506932383,0.36470974930676164,1,3275000000000000.0
2060,0,13.0,0.0,1.0,7.0,7.0,11.0,272.0,1.0,0.0,3.0,7.0,0.71,2.0,77.0,4.0,0.0,4.0,1.0,4.9,1.0,1.0,1.13636363636364,0.0,6.42919921875,0.8776611167910581,0.0,2.0,0.6154973444288345,0.38450265557116553,2,878570800781250.0
2069,0,0.0,0.0,1.0,0.0,2.0,5.0,65.0,2.0,1.0,0.0,8.0,0.56,1.0,0.0,4.0,0.0,1.0,2.0,1.22222222222222,0.0,2.0,0.333333333333333,0.0,6.4248046875,1.0,0.0,0.0,0.9731036187039259,0.026896381296074117,1,347575195312500.0
2071,0,3.0,0.0,1.0,0.0,1.0,2.0,61.0,1.0,0.0,2.0,11.0,0.16,4.0,75.0,4.0,0.0,4.0,1.0,1.92857142857143,0.0,2.0,1.125,0.0,6.498046875,0.9,0.0,3.0,0.5662030521269201,0.4337969478730798,1,29501953125000.0
1608,0,4.0,0.0,1.0,17.0,4.0,10.0,141.0,1.0,6.0,1.0,1.0,0.2,10.0,91.0,1.0,2.0,3.0,1.0,5.18181818181818,1.0,0.0,1.30769230769231,0.0,6.498046875,0.9090792645630754,0.0,3.0,0.535349194462464,0.464650805537536,2,39501953125000.0
1612,0,1.0,0.0,1.0,1.0,2.0,9.0,150.0,1.0,6.0,0.0,2.0,0.33,13.0,66.0,2.0,0.0,2.0,1.0,8.22222222222222,1.0,1.0,1.72727272727273,0.0,2.0,0.96816976127321,0.0,2.5,0.6757611114382568,0.3242388885617432,1,1.0117361392142104
2072,0,30.0,1.0,2.0,11.0,43.0,4.0,421.0,1.0,2.0,0.0,14.0,0.15,8.0,94.0,4.0,0.0,3.0,1.0,6.68085106382979,0.0,1.0,1.26530612244898,0.0,6.0,1.0,0.0,0.0,0.8970079842507441,0.10299201574925586,1,4556000000000000.0
2073,0,1.0,4.0,1.0,0.0,11.0,11.0,289.0,2.0,1.0,0.0,19.0,0.7,3.0,0.0,4.0,0.0,2.0,2.0,1.76,0.0,0.0,0.357142857142857,0.0,6.42578125,0.778869778869779,0.0,0.0,0.8756553365639214,0.12434466343607864,1,871574218750000.0
2075,0,2.0,0.0,1.0,0.0,2.0,7.0,79.0,1.0,0.0,0.0,6.0,0.32,4.0,0.0,4.0,0.0,2.0,1.0,1.125,0.0,0.0,0.6,0.0,6.489501953125,0.93048128342246,0.0,0.0,0.9701738616603383,0.02982613833966178,1,400510498046875.0
1617,0,10.0,0.0,1.0,2.0,6.0,6.0,355.0,2.0,1.0,0.0,35.0,0.49,1.0,98.0,4.0,0.0,2.0,2.0,1.73913043478261,0.0,1.0,0.693877551020408,0.0,6.473388671875,0.8575386960579557,0.0,0.0,0.5235278211243395,0.47647217887566046,2,276526611328125.0
2077,0,4.0,0.0,1.0,0.0,2.0,11.0,172.0,2.0,1.0,1.0,8.0,0.31,3.0,100.0,4.0,0.0,2.0,2.0,2.46153846153846,0.0,2.0,0.75,0.0,6.392578125,1.0,0.0,0.0,0.9597823443284501,0.04021765567154988,1,803607421875000.0
1627,0,19.0,0.0,1.0,2.0,19.0,3.0,163.0,3.0,0.0,7.0,12.0,0.31,1.0,90.0,2.0,0.0,3.0,1.0,4.06451612903226,1.0,1.0,1.28571428571429,0.0,0.0,0.8575373542314831,0.0,2.0,0.5049023755713701,0.4950976244286299,1,2.5911441650683913
1633,0,0.0,0.0,1.0,9.0,0.0,3.0,75.0,1.0,12.0,1.0,2.0,0.42,0.0,93.0,4.0,4.0,1.0,1.0,8.0,2.0,2.0,0.625,0.0,0.0,0.8575100523694656,0.0,2.0,0.5818458725705054,0.41815412742949465,1,1.0531678288424424
1634,0,1.0,1.0,1.0,9.0,4.0,4.0,88.0,2.0,2.0,2.0,9.0,0.63,0.0,80.0,4.0,0.0,5.0,1.0,3.07692307692308,1.0,1.0,0.45889243483543396,0.0,0.0,0.809885931558935,0.0,1.0,0.5092038948636644,0.4907961051363356,1,0.044789240754545045
1635,0,10.0,0.0,1.0,2.0,3.0,8.0,131.0,1.0,0.0,5.0,3.0,0.34,3.0,81.0,5.0,0.0,3.0,1.0,4.46153846153846,1.0,3.0,1.93333333333333,0.0,5.0,0.913344887348354,0.0,2.4998779892921448,0.6480562523014426,0.35194374769855735,1,0.3373276748330756
1638,0,4.0,0.0,1.0,3.0,2.0,8.0,215.0,1.0,1.0,1.0,18.0,0.52,2.0,85.0,4.0,0.0,1.0,1.0,2.91304347826087,0.0,2.0,0.6,0.0,6.421142578125,0.968188105117566,0.0,1.0,0.9244650684656103,0.07553493153438973,1,344578857421875.0
1639,0,3.0,0.0,1.0,3.0,2.0,5.0,109.0,1.0,0.0,0.0,12.0,0.41,2.0,48.0,4.0,0.0,2.0,1.0,4.06666666666667,1.0,2.0,0.941176470588235,0.0,0.0,0.8767871214892149,0.0,1.0,0.5197915494230199,0.48020845057698014,1,3.3066045580021877
1642,0,1.0,0.0,1.0,0.0,3.0,19.0,258.0,2.0,1.0,0.0,8.0,0.42,13.0,0.0,4.0,0.0,4.0,2.0,6.5,0.0,1.0,1.15384615384615,0.0,6.4111328125,0.8606981005811544,0.0,1.0,0.5362356673242525,0.4637643326757475,2,841588867187500.0
2082,0,1.0,1.0,1.0,0.0,3.0,12.0,94.0,1.0,0.0,0.0,4.0,0.51,7.0,0.0,4.0,0.0,5.0,1.0,3.5,1.0,2.0,2.125,0.0,6.4345703125,1.0,0.0,0.0,0.9667234288057173,0.03327657119428278,1,355565429687500.0
2083,0,15.0,0.0,1.0,35.0,7.0,10.0,412.0,2.0,2.0,0.0,5.0,0.44,5.0,84.0,3.0,0.0,1.0,2.0,9.04545454545454,0.0,1.0,2.0,0.0,6.38330078125,1.0,0.0,0.0,0.811152951948614,0.1888470480513859,1,1569616699218750.0
1643,0,6.0,0.0,1.0,16.0,10.0,3.0,191.0,3.0,0.0,2.0,15.0,0.8,1.0,93.0,3.0,1.0,2.0,2.0,3.71428571428571,1.0,1.0,0.68,0.0,0.0,0.9318685280642671,0.0,1.0,0.5717940294094952,0.42820597059050475,1,1.000069570490024
1644,0,36.0,0.0,1.0,11.0,0.0,0.0,258.0,5.0,0.0,9.0,36.0,0.35,1.0,94.0,4.0,0.0,5.0,2.0,3.01388888888889,0.0,0.0,0.730769230769231,0.0,6.49951171875,0.691729323308271,0.0,1.0,0.6812640208683345,0.31873597913166546,1,30500488281250.0
1648,0,1.0,0.0,1.0,0.0,1.0,11.0,51.0,1.0,0.0,0.0,1.0,0.65,4.0,0.0,3.0,0.0,55.0,1.0,1.0,1.0,2.0,1.8,0.0,6.49560546875,0.63265306122449,4.0,2.5,0.5875625443144041,0.4124374556855959,2,69504394531250.0
2086,0,1.0,0.0,1.0,2.0,1.0,6.0,109.0,2.0,1.0,0.0,4.0,0.77,1.0,80.0,4.0,0.0,3.0,2.0,2.5,1.0,1.0,0.777777777777778,0.0,6.45703125,0.908333333333333,0.0,0.0,0.8249326252836111,0.17506737471638886,1,233542968750000.0
2087,0,21.0,0.0,1.0,38.0,22.0,1.0,218.0,1.0,2.0,0.0,5.0,0.5,1.0,95.0,4.0,0.0,2.0,1.0,4.07142857142857,1.0,1.0,1.23333333333333,0.0,6.359375,0.961932650073206,0.0,3.0,0.5297567177681464,0.47024328223185363,1,735640625000000.0
2088,0,2.0,0.0,1.0,9.0,3.0,0.0,83.0,2.0,3.0,2.0,13.0,0.08,5.0,87.0,4.0,0.0,1.0,2.0,4.5,0.0,2.0,1.52380952380952,0.0,6.293701171875,0.996658312447786,0.0,1.0,0.8051029440242277,0.19489705597577228,1,1202706298828125.0
2089,0,6.0,0.0,1.0,1.0,2.0,35.0,467.0,1.0,0.0,0.0,6.0,0.89,7.0,91.0,4.0,0.0,5.0,1.0,2.83333333333333,0.0,2.0,0.5,0.0,6.401123046875,0.846223839854413,1.0,1.0,0.6204653724960806,0.3795346275039194,1,1642598876953125.0
2090,0,28.0,0.0,1.0,25.0,3.0,9.0,516.0,1.0,2.0,0.0,7.0,0.37,6.0,96.0,4.0,0.0,5.0,1.0,4.75675675675676,0.0,0.0,0.923076923076923,0.0,6.0,0.967565098218365,0.0,3.0,0.6662626899452275,0.3337373100547725,1,2594000000000000.0
2091,0,1.0,0.0,1.0,0.0,1.0,3.0,102.0,2.0,3.0,1.0,18.0,0.59,0.0,47.0,4.0,0.0,1.0,2.0,1.22727272727273,0.0,1.0,0.12,0.0,6.493408203125,0.939490445859873,0.0,0.0,0.9555431184220438,0.04445688157795624,1,42506591796875.0
2094,0,14.0,1.0,1.0,0.0,8.0,5.0,266.0,4.0,1.0,0.0,29.0,0.39,3.0,0.0,4.0,0.0,5.0,2.0,1.77777777777778,0.0,1.0,0.3,0.0,6.498046875,0.980633802816901,0.0,1.0,0.5744647712870354,0.42553522871296456,1,339501953125000.0
2095,0,1.0,0.0,1.0,0.0,1.0,4.0,139.0,2.0,1.0,0.0,25.0,0.21,5.0,0.0,4.0,0.0,4.0,2.0,1.51851851851852,0.0,1.0,0.3,0.0,6.482421875,0.962962962962963,0.0,2.4998779892921448,0.6911144444277609,0.30888555557223907,2,987517578125000.0
2097,0,0.0,0.0,1.0,0.0,1.0,4.0,32.0,1.0,0.0,0.0,3.0,0.16,3.0,0.0,4.0,0.0,2.0,1.0,1.0,0.0,2.0,0.0,0.0,6.33935546875,0.983739837398374,0.0,2.0,0.9768694581366328,0.023130541863367198,1,694660644531250.0
2099,0,7.0,0.0,1.0,7.0,2.0,2.0,57.0,2.0,2.0,0.0,7.0,0.06,4.0,94.0,4.0,0.0,1.0,2.0,4.125,0.0,1.0,1.47368421052632,0.0,6.287353515625,0.987951807228916,0.0,1.0,0.5299453501342963,0.4700546498657037,1,1176712646484375.0
2100,0,0.0,0.0,1.0,0.0,2.0,0.0,26.0,2.0,3.0,0.0,12.0,0.08,1.0,0.0,4.0,0.0,4.0,2.0,1.2,0.0,1.0,0.888888888888889,0.0,6.4306640625,0.908433734939759,0.0,0.0,0.9008915443061997,0.09910845569380038,1,440569335937500.0
2101,0,0.0,0.0,1.0,1.0,1.0,395.0,1595.0,1.0,0.0,0.0,4.0,0.31,749.0,75.0,4.0,0.0,5.0,1.0,1.5,0.0,2.0,1.5,0.0,6.0,0.970564269708698,0.0,3.0,0.8276263459156192,0.1723736540843807,1,1.0074e+16
2102,0,0.0,12.0,1.0,1.0,9.0,6.0,474.0,2.0,1.0,0.0,53.0,0.55,1.0,46.0,4.0,0.0,3.0,2.0,4.3030303030303,0.0,0.0,0.768115942028985,0.0,6.390625,0.957264957264957,0.0,1.08984375,0.6345288597347967,0.3654711402652033,2,1599609375000000.0
1671,0,3.0,0.0,1.0,2.0,1.0,3.0,61.0,2.0,1.0,0.0,9.0,0.13,3.0,100.0,4.0,0.0,1.0,2.0,2.30769230769231,0.0,1.0,0.5,0.0,6.494384765625,0.766721044045677,0.0,2.0,0.507343644217407,0.49265635578259304,1,26505615234375.0
2103,0,0.0,0.0,1.0,0.0,1.0,3.0,29.0,1.0,0.0,0.0,4.0,0.45,1.0,0.0,4.0,0.0,1.0,1.0,0.75,0.0,1.0,0.0,0.0,6.4833984375,0.543859649122807,0.0,0.0,0.9863982826814275,0.013601717318572567,1,131516601562500.0
2104,0,1.0,0.0,1.0,0.0,4.0,6.0,134.0,1.0,2.0,0.0,16.0,0.54,1.0,0.0,4.0,0.0,2.0,1.0,3.0,0.0,1.0,0.666666666666667,0.0,6.400390625,0.997566909975669,0.0,1.0,0.94998261930417,0.05001738069582994,1,409599609375000.0
2105,0,6.0,4.0,1.0,12.0,3.0,8.0,353.0,8.0,10.0,12.0,10.0,0.65,3.0,90.0,4.0,3.0,8.0,2.0,3.8,0.0,1.0,0.846153846153846,0.0,6.26123046875,1.0,0.0,0.0,0.9075348470435092,0.09246515295649083,1,1069738769531250.0
2106,0,4.0,2.0,1.0,0.0,32.0,3.0,192.0,1.0,1.0,0.0,40.0,0.11,6.0,0.0,4.0,0.0,4.0,1.0,2.57446808510638,0.0,0.0,0.816326530612245,0.0,6.0,1.0,0.0,0.0,0.9922213728315776,0.007778627168422335,1,2276000000000000.0
2108,0,4.0,0.0,1.0,3.0,21.0,3.0,142.0,2.0,1.0,0.0,26.0,0.29,0.0,88.0,4.0,0.0,2.0,2.0,0.903225806451613,0.0,1.0,0.147058823529412,0.0,6.36865234375,0.97997138769671,0.0,1.0,0.8914504437261329,0.10854955627386713,1,754631347656250.0
2110,0,18.0,0.0,1.0,77.0,10.0,7.0,441.0,2.0,3.0,1.0,28.0,0.31,3.0,91.0,4.0,0.0,1.0,2.0,9.79591836734694,0.0,1.0,1.01923076923077,0.0,6.0,0.998538723818802,0.0,2.0,0.6975344284343886,0.3024655715656114,1,2106000000000000.0
2112,0,1.0,0.0,1.0,0.0,2.0,3.0,50.0,2.0,1.0,0.0,8.0,0.08,6.0,0.0,4.0,0.0,3.0,2.0,2.9,1.0,1.0,0.923076923076923,0.0,6.35888671875,1.0,0.0,0.0,0.9175104567006367,0.08248954329936327,1,734641113281250.0
2114,0,11.0,0.0,1.0,6.0,4.0,3.0,156.0,2.0,0.0,1.0,8.0,0.81,1.0,89.0,4.0,0.0,4.0,2.0,2.47368421052632,0.0,1.0,0.272727272727273,0.0,6.404296875,0.997607655502392,0.0,1.0,0.8852795549302305,0.11472044506976953,1,413595703125000.0
2115,0,1.0,0.0,1.0,0.0,1.0,2.0,63.0,1.0,5.0,0.0,11.0,0.38,1.0,0.0,4.0,0.0,5.0,1.0,1.52941176470588,0.0,1.0,0.421052631578947,0.0,8.43896484375,0.996376811594203,0.0,1.0,0.510366998724211,0.48963300127578896,1,267561035156250.0
2117,0,1.0,0.0,1.0,0.0,1.0,8.0,93.0,2.0,3.0,0.0,5.0,0.55,3.0,0.0,4.0,0.0,5.0,2.0,0.777777777777778,0.0,2.0,0.5,0.0,6.44091796875,0.996742671009772,0.0,1.0,0.9408348873713799,0.05916511262862015,1,300559082031250.0
2118,0,6.0,0.0,1.0,1.0,4.0,3.0,89.0,1.0,2.0,3.0,7.0,0.45,2.0,80.0,4.0,0.0,3.0,1.0,2.2,0.0,1.0,0.411764705882353,0.0,6.42236328125,0.994152046783626,0.0,1.0,0.9209578446777265,0.07904215532227353,1,345577636718750.0
2119,0,4.0,2.0,1.0,0.0,1.0,1.0,65.0,4.0,1.0,6.0,9.0,0.26,3.0,60.0,4.0,0.0,3.0,2.0,2.375,0.0,0.0,0.80952380952381,0.0,6.49560546875,0.945544554455445,0.0,0.0,0.9156108442308715,0.08438915576912856,1,28504394531250.0
2120,0,1.0,0.0,1.0,1.0,1.0,9.0,115.0,1.0,0.0,0.0,9.0,0.25,16.0,70.0,4.0,0.0,4.0,1.0,1.4,0.0,2.0,0.0,0.0,8.4931640625,0.986595174262735,0.0,1.0,0.5086258875420895,0.4913741124579106,1,89506835937500.0
1696,0,16.0,0.0,1.0,3.0,2.0,12.0,321.0,2.0,2.0,1.0,6.0,0.64,4.0,88.0,4.0,0.0,1.0,2.0,5.08333333333333,0.0,1.0,0.814814814814815,0.0,6.5,0.992654774396642,0.0,3.0,0.7554000387183621,0.2445999612816379,1,500000000000.0
2123,0,12.0,0.0,1.0,1.0,6.0,7.0,184.0,1.0,3.0,0.0,8.0,0.32,5.0,78.0,4.0,0.0,7.0,1.0,3.52173913043478,0.0,1.0,0.92,0.0,6.49462890625,0.993471164309032,0.0,2.0,0.8214177974143508,0.17858220258564922,1,1012505371093750.0
2125,0,16.0,0.0,2.0,7.0,2.0,9.0,31.33154296875,1.0,1.0,0.0,78.0,0.3,2.0,95.0,4.0,0.0,5.0,1.0,3.73684210526316,0.0,2.0,1.04123711340206,0.0,6.498046875,0.987117903930131,0.0,3.0,0.5222729254561749,0.4777270745438251,2,33501953125000.0
2126,0,0.0,0.0,1.0,4.0,1.0,7.0,86.0,2.0,2.0,0.0,6.0,0.41,5.0,82.0,4.0,0.0,2.0,2.0,1.25,1.0,1.0,1.45454545454545,0.0,6.4296875,1.0,0.0,0.0,0.9649793004640702,0.03502069953592974,1,351570312500000.0
2129,0,0.0,0.0,1.0,0.0,1.0,12.0,391.0,2.0,0.0,0.0,26.0,0.21,20.0,0.0,4.0,0.0,4.0,1.0,0.346153846153846,0.0,2.0,0.241379310344828,0.0,6.49951171875,0.992,0.0,5.0,0.798828179134201,0.20117182086579902,1,2500488281250.0
2130,0,1.0,0.0,1.0,0.0,1.0,24.0,122.0,1.0,0.0,0.0,3.0,1.18,3.0,0.0,4.0,0.0,3.0,1.0,2.5,0.0,2.0,3.0,0.0,6.46484375,1.0,0.0,0.0,0.9871954735592069,0.012804526440793093,1,237535156250000.0
2131,0,1.0,0.0,1.0,0.0,1.0,5.0,39.0,1.0,0.0,0.0,1.0,2.29,2.0,0.0,3.0,0.0,2.0,1.0,1.0,1.0,2.0,1.4,0.0,6.498046875,0.797101449275362,0.0,0.0,0.9551888689980506,0.04481113100194948,1,11501953125000.0
2138,0,2.0,0.0,1.0,0.0,2.0,5.0,151.0,2.0,2.0,3.0,13.0,0.4,2.0,52.0,5.0,0.0,5.0,2.0,2.64705882352941,1.0,2.0,0.55,0.0,6.487060546875,0.841166936790924,0.0,2.0,0.6211566836553862,0.37884331634461377,1,664512939453125.0
2139,0,0.0,0.0,1.0,0.0,1.0,52.0,231.0,1.0,0.0,0.0,4.0,0.15,151.0,0.0,4.0,0.0,3.0,1.0,0.75,0.0,2.0,0.0,0.0,7.20068359375,0.921279212792128,0.0,1.0,0.5649749614953614,0.43502503850463864,1,2457799316406250.0
2140,0,6.0,0.0,1.0,0.0,2.0,0.0,36.0,2.0,1.0,0.0,15.0,0.17,0.0,0.0,4.0,0.0,3.0,2.0,2.81818181818182,0.0,1.0,0.28,0.0,6.43359375,0.979020979020979,0.0,3.0,0.5223110467077849,0.47768895329221506,1,295566406250000.0
2143,0,1.0,0.0,1.0,3.0,1.0,2.0,93.0,1.0,0.0,0.0,1.0,2.91,1.0,83.0,3.0,0.0,2.0,1.0,2.0,1.0,2.0,2.0,0.0,6.4951171875,0.878571428571429,0.0,0.0,0.9631856024201755,0.03681439757982452,1,25504882812500.0
2144,0,0.0,0.0,1.0,0.0,1.0,2.0,33.0,1.0,0.0,0.0,5.0,0.33,1.0,0.0,5.0,0.0,0.0,1.0,2.4,2.0,2.0,1.57142857142857,0.0,6.48876953125,0.948051948051948,0.0,0.0,0.8907091097438682,0.10929089025613187,1,76511230468750.0
2147,0,5.0,0.0,2.0,1.0,1.0,7.0,125.0,1.0,0.0,0.0,9.0,0.35,3.0,92.0,5.0,0.0,5.0,1.0,3.07142857142857,1.0,1.0,1.0625,0.0,6.482177734375,0.817552354600694,0.0,2.0,0.5140185463229936,0.48598145367700635,2,394517822265625.0
2148,0,2.0,0.0,1.0,0.0,0.0,2.0,37.0,3.0,2.0,4.0,3.0,0.4,2.0,50.0,3.0,0.0,3.0,2.0,3.57142857142857,0.0,1.0,1.18181818181818,0.0,7.499267578125,1.0,0.0,0.0,0.5093605578980219,0.4906394421019781,1,21500732421875.0
2150,0,7.0,0.0,1.0,2.0,8.0,9.0,127.0,1.08837890625,0.0,0.0,2.0,0.65,4.0,87.0,1.0,0.0,11.0,2.0,5.22222222222222,1.0,1.0,1.75,0.0,111.0,0.779527559055118,0.0,2.0,0.6731973316033883,0.32680266839661165,1,911621093750.0
1767,0,1.0,0.0,1.0,24.0,27.0,6.0,366.0,1.0,22.0,0.0,23.0,0.64,2.0,96.0,2.0,1.0,1.0,1.0,4.26086956521739,0.0,1.0,0.645833333333333,0.0,0.0,0.8776781417155072,0.0,1.0,0.567755133565879,0.432244866434121,1,3.809940747632887
2153,0,0.0,0.0,1.0,0.0,0.0,0.0,16.0,1.0,0.0,1.0,6.0,0.46,0.0,50.0,2.0,0.0,0.0,1.0,1.66666666666667,0.0,1.0,0.5,0.0,23.496337890625,0.737704918032787,0.0,0.0,0.5133865324293608,0.48661346757063917,1,37503662109375.0
2154,0,0.0,0.0,1.0,0.0,0.0,0.0,16.0,1.0,0.0,1.0,3.0,1.0,0.0,33.0,2.0,0.0,0.0,1.0,1.33333333333333,0.0,1.0,0.0,0.0,23.5,0.578947368421053,0.0,0.0,0.5023466695308753,0.49765333046912474,1,14500000000000.0
1806,0,2.0,0.0,1.0,0.0,20.0,9.0,493.0,2.0,3.0,1.0,42.0,1.05,0.0,95.0,3.0,146.0,5.0,2.0,57.2340425531915,0.0,0.0,0.784313725490196,0.0,6.47607421875,0.9319183760774499,0.0,0.49951171875,0.5141944846831041,0.48580551531689586,3,389523925781250.0
1808,0,1.0,0.0,1.0,1.0,13.0,4.0,139.0,7.0,5.0,0.0,18.0,0.72,1.0,83.0,2.0,21.0,1.0,2.0,11.2083333333333,0.0,1.0,0.46875,0.0,6.4951171875,0.9608521612491718,0.0,0.0,0.519856750261461,0.480143249738539,2,51504882812500.0
1811,0,3.0,0.0,2.0,2.0,4.0,6.0,93.0,1.0,3.0,0.0,2.0,0.95,1.0,87.0,4.0,42.0,1.0,1.0,5.125,0.0,0.0,1.1,0.0,6.49658203125,1.0,0.0,0.0,0.9671025172349632,0.03289748276503678,1,17503417968750.0
1812,0,2.0,0.0,1.0,0.0,6.0,8.0,131.0,2.0,3.0,3.0,7.0,0.73,1.0,72.0,4.0,3.0,3.0,2.0,5.66666666666667,0.0,0.0,1.06666666666667,0.0,6.498046875,0.9317674820247579,0.0,1.0,0.5733620946953271,0.426637905304673,2,59501953125000.0
2162,0,1.0,3.0,1.0,0.0,2.0,2.0,38.0,2.0,1.0,1.0,1.0,0.49,1.0,40.0,3.0,2.0,3.0,2.0,3.0,0.0,1.0,1.33333333333333,0.0,6.49169921875,0.889705882352941,0.0,0.0,0.8522827422869784,0.14771725771302155,1,52508300781250.0
2163,0,0.0,2.0,1.0,0.0,5.0,5.0,53.0,1.0,0.0,0.0,3.0,1.51,0.0,0.0,1.0,0.0,3.0,1.0,15.2,3.0,1.0,0.571428571428571,0.0,6.5,0.861386138613861,0.0,0.0,0.806171394884645,0.1938286051153551,1,7500000000000.0
1813,0,3.0,1.0,1.0,7.0,29.0,13.0,444.0,1.0,0.0,0.0,25.0,0.81,2.0,95.0,1.0,0.0,1.0,1.0,11.691402519571358,1.0,1.0,1.38709677419355,0.0,6.4306640625,0.9883398924574084,0.0,5.0,0.5144406873075549,0.4855593126924451,3,440569335937500.0
1814,0,1.0,1.0,1.0,6.0,1.0,4.0,98.0,1.0,0.0,6.0,10.0,0.87,0.0,87.0,1.0,0.0,1.0,1.0,4.58333333333333,1.0,1.0,0.214285714285714,0.0,9.0,0.8938675970491877,0.0,2.0,0.5046694834689307,0.49533051653106935,1,6.669034586391053
2166,0,1.0,4.0,1.0,0.0,13.0,4.0,95.0,2.0,0.0,0.0,9.0,0.66,1.0,0.0,1.0,0.0,3.0,2.0,16.3571428571429,0.0,3.0,0.823529411764706,0.0,6.486328125,0.9520654310209529,0.0,1.0,0.5076798436473268,0.49232015635267323,2,82513671875000.0
1815,0,5.0,0.0,1.0,4.0,8.0,3.0,105.0,4.0,2.0,9.0,12.0,0.38,2.0,85.0,3.0,0.0,3.0,2.0,2.94736842105263,0.0,1.0,0.958333333333333,0.0,6.45849609375,0.8606972322367978,0.0,3.0,0.5158175858274576,0.4841824141725423,2,312541503906250.0
2168,0,1.0,1.0,1.0,0.0,0.0,3.0,38.49658203125,2.0,0.0,11.0,14.0,0.66,0.0,81.0,1.0,0.0,1.0,1.0,3.4375,2.0,1.0,0.842105263157895,0.0,224.0,0.472972972972973,0.0,0.0,0.5375853194318498,0.4624146805681502,1,0.7963378518359114
1816,0,5.0,4.0,1.0,3.0,12.0,6.0,144.0,4.0,2.0,1.0,7.0,0.79,1.0,83.0,2.0,0.0,3.0,2.0,2.38888888888889,0.0,1.0,0.565217391304348,0.0,6.4921875,0.928480289230657,0.0,2.0,0.5008018215186606,0.4991981784813394,2,71507812500000.0
2169,0,0.0,0.0,1.0,6.0,3.0,4.0,46.0,1.0,0.0,0.0,3.0,0.46,1.0,88.0,1.0,0.0,3.0,1.0,7.0,4.0,3.0,1.4,0.0,147.0,0.9049220568136498,0.0,1.0,0.5121861492724376,0.4878138507275624,1,0.8741958651845234
2170,0,3.0,0.0,1.0,3.0,11.0,2.0,64.49119186401367,4.0,2.0,4.0,15.0,0.58,0.0,85.0,2.0,0.0,2.0,2.0,5.5,1.0,1.0,0.4,0.0,66.0,0.785211267605634,0.0,0.0,0.5507933742013083,0.44920662579869175,1,0.496665170346123
1818,0,7.0,14.0,1.0,23.0,27.0,7.0,129.005859375,9.0,5.0,15.0,38.0,1.0,0.0,94.0,1.0,0.0,3.49853515625,2.0,9.59375,0.0,0.0,0.310810810810811,0.0,6.4833984375,0.9869259476359089,0.0,4.0,0.5026251268985922,0.4973748731014078,4,329516601562500.0
2194,0,0.0,1.0,3.0,55.0,6.0,8.0,200.0,1.0,0.0,1.0,7.0,0.56,4.0,87.0,2.0,0.0,8.0,1.0,8.5,1.0,1.0,1.81818181818182,0.0,6.46875,1.0,0.0,0.0,0.7188241610454856,0.28117583895451437,1,639531250000000.0
1859,0,4.0,1.0,2.0,1.0,2.0,31.0,1077.0,2.0,26.0,5.0,2.0,0.33,22.0,92.0,3.0,0.0,42.0,1.0,9.63636363636364,3.0,1.0,1.97222222222222,0.0,23.499879598617554,0.995416500597848,0.0,1.0,0.5201758067655246,0.47982419323447545,1,500120401382.4453
1865,0,2.0,0.0,1.0,30.0,0.0,12.0,1219.0,1.0,89.0,3.0,2.0,0.26,18.0,90.0,4.0,0.0,34.0,1.0,6.68817204301075,0.0,0.0,1.48421052631579,0.0,11.493896484375,0.984935813466073,0.0,1.0,0.5000742523024138,0.49992574769758624,1,33506103515625.0
1877,0,0.0,0.0,1.0,0.0,25.0,3.0,33.43115234375,2.0,0.0,4.0,62.0,0.44,2.0,90.0,1.0,0.0,27.0,2.0,23.4032258064516,0.0,1.0,1.04615384615385,0.0,6.48974609375,0.954545454545455,0.0,1.0,0.5278260962991632,0.4721739037008368,2,58510253906250.0
1881,0,0.0,1.0,1.0,0.0,0.0,0.0,15.0,1.0,0.0,1.0,3.0,0.62,0.0,25.0,2.0,0.0,0.0,1.0,3.25,2.0,1.0,0.714285714285714,0.0,0.0,0.8776485323586736,0.0,0.0,0.6025707260909541,0.397429273909046,1,0.04561753993132256
1883,0,4.0,0.0,1.0,5.0,13.0,0.0,43.0,1.0,0.0,19.0,44.0,0.1,0.0,93.0,1.0,0.0,2.0,2.0,6.72916666666667,1.0,1.0,0.7,0.0,0.0,0.927893738140417,0.0,2.4998779892921448,0.7608735894001362,0.2391264105998639,1,0.3373276748330756
1922,0,3.0,3.0,2.0,5.0,23.0,11.0,341.0,2.0,0.0,2.0,20.0,0.77,3.0,97.0,1.0,0.0,5.0,2.0,2.76923076923077,0.0,1.0,1.72413793103448,0.0,6.498291015625,0.9090681178359561,0.0,2.0,0.5071071280969008,0.4928928719030991,2,12501708984375.0
1923,0,6.0,17.0,1.0,1.0,1.0,9.0,304.0,1.0,0.0,16.499755859375,5.0,0.55,2.0,85.0,1.0,1.0,16.0,2.0,5.64285714285714,1.0,1.0,1.43333333333333,0.0,6.498046875,0.959162303664922,0.0,0.5,0.6301049882295339,0.36989501177046613,3,29501953125000.0
1927,0,31.0,1.0,2.0,19.0,41.0,3.0,31.473388671875,5.0,0.0,0.0,13.0,0.28,3.0,97.0,1.0,0.0,8.0,2.0,4.44444444444444,0.0,1.0,1.11538461538462,0.0,3.0,0.745721271393643,0.0,3.0,0.5286200074607132,0.4713799925392868,1,3.4385278738575167
1931,0,23.0,2.0,1.0,4.0,53.0,4.0,28.4833984375,2.0,0.0,0.0,29.0,0.32,2.0,96.0,1.0,1.0,3.0,2.0,5.64814814814815,1.0,1.0,1.15789473684211,0.0,6.472412109375,0.8078125,0.0,1.0,0.6436802029227209,0.3563197970772792,2,128527587890625.0
